--
-- PostgreSQL database dump
--

\restrict 3qlnhk5ZKasSSYjrONEzN2a9QfPhLAEGpeyEIXmwLqW7I77IcUeOfeDO7zRa8kE

-- Dumped from database version 18.0 (78d4f7b)
-- Dumped by pg_dump version 18.0

-- Started on 2025-10-28 21:20:17

SET statement_timeout = 0;
SET lock_timeout = 0;
SET idle_in_transaction_session_timeout = 0;
SET transaction_timeout = 0;
SET client_encoding = 'UTF8';
SET standard_conforming_strings = on;
SELECT pg_catalog.set_config('search_path', '', false);
SET check_function_bodies = false;
SET xmloption = content;
SET client_min_messages = warning;
SET row_security = off;

--
-- TOC entry 3618 (class 1262 OID 16498)
-- Name: koyebdb; Type: DATABASE; Schema: -; Owner: syrios_user
--

CREATE DATABASE koyebdb WITH TEMPLATE = template0 ENCODING = 'UTF8' LOCALE_PROVIDER = builtin LOCALE = 'C.UTF-8' BUILTIN_LOCALE = 'C.UTF-8';


ALTER DATABASE koyebdb OWNER TO syrios_user;

\unrestrict 3qlnhk5ZKasSSYjrONEzN2a9QfPhLAEGpeyEIXmwLqW7I77IcUeOfeDO7zRa8kE
\connect koyebdb
\restrict 3qlnhk5ZKasSSYjrONEzN2a9QfPhLAEGpeyEIXmwLqW7I77IcUeOfeDO7zRa8kE

SET statement_timeout = 0;
SET lock_timeout = 0;
SET idle_in_transaction_session_timeout = 0;
SET transaction_timeout = 0;
SET client_encoding = 'UTF8';
SET standard_conforming_strings = on;
SELECT pg_catalog.set_config('search_path', '', false);
SET check_function_bodies = false;
SET xmloption = content;
SET client_min_messages = warning;
SET row_security = off;

--
-- TOC entry 4 (class 2615 OID 2200)
-- Name: public; Type: SCHEMA; Schema: -; Owner: pg_database_owner
--

CREATE SCHEMA public;


ALTER SCHEMA public OWNER TO pg_database_owner;

--
-- TOC entry 3620 (class 0 OID 0)
-- Dependencies: 4
-- Name: SCHEMA public; Type: COMMENT; Schema: -; Owner: pg_database_owner
--

COMMENT ON SCHEMA public IS 'standard public schema';


SET default_tablespace = '';

SET default_table_access_method = heap;

--
-- TOC entry 220 (class 1259 OID 24577)
-- Name: migrations; Type: TABLE; Schema: public; Owner: syrios_user
--

CREATE TABLE public.migrations (
    id integer NOT NULL,
    migration character varying(191) NOT NULL,
    batch integer NOT NULL
);


ALTER TABLE public.migrations OWNER TO syrios_user;

--
-- TOC entry 219 (class 1259 OID 24576)
-- Name: migrations_id_seq; Type: SEQUENCE; Schema: public; Owner: syrios_user
--

ALTER TABLE public.migrations ALTER COLUMN id ADD GENERATED BY DEFAULT AS IDENTITY (
    SEQUENCE NAME public.migrations_id_seq
    START WITH 1
    INCREMENT BY 1
    NO MINVALUE
    NO MAXVALUE
    CACHE 1
);


--
-- TOC entry 230 (class 1259 OID 24637)
-- Name: syrios_aluno; Type: TABLE; Schema: public; Owner: syrios_user
--

CREATE TABLE public.syrios_aluno (
    id bigint NOT NULL,
    matricula character varying(10) NOT NULL,
    school_id bigint NOT NULL,
    nome_a character varying(100) NOT NULL,
    created_at timestamp without time zone,
    updated_at timestamp without time zone
);


ALTER TABLE public.syrios_aluno OWNER TO syrios_user;

--
-- TOC entry 229 (class 1259 OID 24636)
-- Name: syrios_aluno_id_seq; Type: SEQUENCE; Schema: public; Owner: syrios_user
--

ALTER TABLE public.syrios_aluno ALTER COLUMN id ADD GENERATED BY DEFAULT AS IDENTITY (
    SEQUENCE NAME public.syrios_aluno_id_seq
    START WITH 1
    INCREMENT BY 1
    NO MINVALUE
    NO MAXVALUE
    CACHE 1
);


--
-- TOC entry 241 (class 1259 OID 24703)
-- Name: syrios_diretor_turma; Type: TABLE; Schema: public; Owner: syrios_user
--

CREATE TABLE public.syrios_diretor_turma (
    id bigint NOT NULL,
    professor_id bigint NOT NULL,
    turma_id bigint NOT NULL,
    school_id bigint NOT NULL,
    ano_letivo integer DEFAULT 2025 NOT NULL,
    vigente boolean DEFAULT true NOT NULL,
    created_at timestamp without time zone,
    updated_at timestamp without time zone
);


ALTER TABLE public.syrios_diretor_turma OWNER TO syrios_user;

--
-- TOC entry 240 (class 1259 OID 24702)
-- Name: syrios_diretor_turma_id_seq; Type: SEQUENCE; Schema: public; Owner: syrios_user
--

ALTER TABLE public.syrios_diretor_turma ALTER COLUMN id ADD GENERATED BY DEFAULT AS IDENTITY (
    SEQUENCE NAME public.syrios_diretor_turma_id_seq
    START WITH 1
    INCREMENT BY 1
    NO MINVALUE
    NO MAXVALUE
    CACHE 1
);


--
-- TOC entry 234 (class 1259 OID 24661)
-- Name: syrios_disciplina; Type: TABLE; Schema: public; Owner: syrios_user
--

CREATE TABLE public.syrios_disciplina (
    id bigint NOT NULL,
    abr character varying(10) NOT NULL,
    descr_d character varying(100) NOT NULL,
    school_id bigint NOT NULL,
    created_at timestamp without time zone,
    updated_at timestamp without time zone
);


ALTER TABLE public.syrios_disciplina OWNER TO syrios_user;

--
-- TOC entry 233 (class 1259 OID 24660)
-- Name: syrios_disciplina_id_seq; Type: SEQUENCE; Schema: public; Owner: syrios_user
--

ALTER TABLE public.syrios_disciplina ALTER COLUMN id ADD GENERATED BY DEFAULT AS IDENTITY (
    SEQUENCE NAME public.syrios_disciplina_id_seq
    START WITH 1
    INCREMENT BY 1
    NO MINVALUE
    NO MAXVALUE
    CACHE 1
);


--
-- TOC entry 245 (class 1259 OID 24741)
-- Name: syrios_enturmacao; Type: TABLE; Schema: public; Owner: syrios_user
--

CREATE TABLE public.syrios_enturmacao (
    id bigint NOT NULL,
    school_id bigint NOT NULL,
    ano_letivo integer DEFAULT 2025 NOT NULL,
    vigente boolean DEFAULT true NOT NULL,
    aluno_id bigint NOT NULL,
    turma_id bigint NOT NULL,
    created_at timestamp without time zone,
    updated_at timestamp without time zone
);


ALTER TABLE public.syrios_enturmacao OWNER TO syrios_user;

--
-- TOC entry 244 (class 1259 OID 24740)
-- Name: syrios_enturmacao_id_seq; Type: SEQUENCE; Schema: public; Owner: syrios_user
--

ALTER TABLE public.syrios_enturmacao ALTER COLUMN id ADD GENERATED BY DEFAULT AS IDENTITY (
    SEQUENCE NAME public.syrios_enturmacao_id_seq
    START WITH 1
    INCREMENT BY 1
    NO MINVALUE
    NO MAXVALUE
    CACHE 1
);


--
-- TOC entry 222 (class 1259 OID 24586)
-- Name: syrios_escola; Type: TABLE; Schema: public; Owner: syrios_user
--

CREATE TABLE public.syrios_escola (
    id bigint NOT NULL,
    inep character varying(20),
    cnpj character varying(20),
    nome_e character varying(150) NOT NULL,
    frase_efeito character varying(255),
    logo_path character varying(255),
    cidade character varying(100),
    estado character varying(100),
    endereco character varying(255),
    telefone character varying(20),
    secretaria_id bigint,
    is_master boolean DEFAULT false NOT NULL,
    created_at timestamp without time zone,
    updated_at timestamp without time zone
);


ALTER TABLE public.syrios_escola OWNER TO syrios_user;

--
-- TOC entry 221 (class 1259 OID 24585)
-- Name: syrios_escola_id_seq; Type: SEQUENCE; Schema: public; Owner: syrios_user
--

ALTER TABLE public.syrios_escola ALTER COLUMN id ADD GENERATED BY DEFAULT AS IDENTITY (
    SEQUENCE NAME public.syrios_escola_id_seq
    START WITH 1
    INCREMENT BY 1
    NO MINVALUE
    NO MAXVALUE
    CACHE 1
);


--
-- TOC entry 247 (class 1259 OID 24762)
-- Name: syrios_modelo_motivo; Type: TABLE; Schema: public; Owner: syrios_user
--

CREATE TABLE public.syrios_modelo_motivo (
    id bigint NOT NULL,
    school_id bigint NOT NULL,
    descricao character varying(255) NOT NULL,
    categoria character varying(100),
    created_at timestamp without time zone,
    updated_at timestamp without time zone
);


ALTER TABLE public.syrios_modelo_motivo OWNER TO syrios_user;

--
-- TOC entry 246 (class 1259 OID 24761)
-- Name: syrios_modelo_motivo_id_seq; Type: SEQUENCE; Schema: public; Owner: syrios_user
--

ALTER TABLE public.syrios_modelo_motivo ALTER COLUMN id ADD GENERATED BY DEFAULT AS IDENTITY (
    SEQUENCE NAME public.syrios_modelo_motivo_id_seq
    START WITH 1
    INCREMENT BY 1
    NO MINVALUE
    NO MAXVALUE
    CACHE 1
);


--
-- TOC entry 255 (class 1259 OID 24818)
-- Name: syrios_notificacao; Type: TABLE; Schema: public; Owner: syrios_user
--

CREATE TABLE public.syrios_notificacao (
    id bigint NOT NULL,
    usuario_id bigint NOT NULL,
    reg_id character varying(200) NOT NULL,
    school_id bigint NOT NULL,
    created_at timestamp without time zone,
    updated_at timestamp without time zone
);


ALTER TABLE public.syrios_notificacao OWNER TO syrios_user;

--
-- TOC entry 254 (class 1259 OID 24817)
-- Name: syrios_notificacao_id_seq; Type: SEQUENCE; Schema: public; Owner: syrios_user
--

ALTER TABLE public.syrios_notificacao ALTER COLUMN id ADD GENERATED BY DEFAULT AS IDENTITY (
    SEQUENCE NAME public.syrios_notificacao_id_seq
    START WITH 1
    INCREMENT BY 1
    NO MINVALUE
    NO MAXVALUE
    CACHE 1
);


--
-- TOC entry 249 (class 1259 OID 24772)
-- Name: syrios_ocorrencia; Type: TABLE; Schema: public; Owner: syrios_user
--

CREATE TABLE public.syrios_ocorrencia (
    id bigint NOT NULL,
    school_id bigint NOT NULL,
    ano_letivo integer DEFAULT 2025 NOT NULL,
    vigente boolean DEFAULT true NOT NULL,
    aluno_id bigint NOT NULL,
    professor_id bigint NOT NULL,
    oferta_id bigint,
    descricao text,
    local character varying(100),
    atitude character varying(100),
    outra_atitude character varying(150),
    comportamento character varying(100),
    sugestao text,
    status smallint DEFAULT 1 NOT NULL,
    nivel_gravidade smallint DEFAULT 1 NOT NULL,
    sync smallint DEFAULT 1 NOT NULL,
    recebido_em timestamp without time zone,
    encaminhamentos text,
    created_at timestamp without time zone,
    updated_at timestamp without time zone
);


ALTER TABLE public.syrios_ocorrencia OWNER TO syrios_user;

--
-- TOC entry 248 (class 1259 OID 24771)
-- Name: syrios_ocorrencia_id_seq; Type: SEQUENCE; Schema: public; Owner: syrios_user
--

ALTER TABLE public.syrios_ocorrencia ALTER COLUMN id ADD GENERATED BY DEFAULT AS IDENTITY (
    SEQUENCE NAME public.syrios_ocorrencia_id_seq
    START WITH 1
    INCREMENT BY 1
    NO MINVALUE
    NO MAXVALUE
    CACHE 1
);


--
-- TOC entry 251 (class 1259 OID 24796)
-- Name: syrios_ocorrencia_motivo; Type: TABLE; Schema: public; Owner: syrios_user
--

CREATE TABLE public.syrios_ocorrencia_motivo (
    id bigint NOT NULL,
    ocorrencia_id bigint NOT NULL,
    modelo_motivo_id bigint NOT NULL,
    created_at timestamp without time zone,
    updated_at timestamp without time zone
);


ALTER TABLE public.syrios_ocorrencia_motivo OWNER TO syrios_user;

--
-- TOC entry 250 (class 1259 OID 24795)
-- Name: syrios_ocorrencia_motivo_id_seq; Type: SEQUENCE; Schema: public; Owner: syrios_user
--

ALTER TABLE public.syrios_ocorrencia_motivo ALTER COLUMN id ADD GENERATED BY DEFAULT AS IDENTITY (
    SEQUENCE NAME public.syrios_ocorrencia_motivo_id_seq
    START WITH 1
    INCREMENT BY 1
    NO MINVALUE
    NO MAXVALUE
    CACHE 1
);


--
-- TOC entry 243 (class 1259 OID 24721)
-- Name: syrios_oferta; Type: TABLE; Schema: public; Owner: syrios_user
--

CREATE TABLE public.syrios_oferta (
    id bigint NOT NULL,
    school_id bigint NOT NULL,
    ano_letivo integer DEFAULT 2025 NOT NULL,
    vigente boolean DEFAULT true NOT NULL,
    turma_id bigint NOT NULL,
    disciplina_id bigint NOT NULL,
    professor_id bigint NOT NULL,
    status smallint NOT NULL,
    created_at timestamp without time zone,
    updated_at timestamp without time zone
);


ALTER TABLE public.syrios_oferta OWNER TO syrios_user;

--
-- TOC entry 242 (class 1259 OID 24720)
-- Name: syrios_oferta_id_seq; Type: SEQUENCE; Schema: public; Owner: syrios_user
--

ALTER TABLE public.syrios_oferta ALTER COLUMN id ADD GENERATED BY DEFAULT AS IDENTITY (
    SEQUENCE NAME public.syrios_oferta_id_seq
    START WITH 1
    INCREMENT BY 1
    NO MINVALUE
    NO MAXVALUE
    CACHE 1
);


--
-- TOC entry 228 (class 1259 OID 24628)
-- Name: syrios_professor; Type: TABLE; Schema: public; Owner: syrios_user
--

CREATE TABLE public.syrios_professor (
    id bigint NOT NULL,
    usuario_id bigint NOT NULL,
    school_id bigint NOT NULL,
    created_at timestamp without time zone,
    updated_at timestamp without time zone
);


ALTER TABLE public.syrios_professor OWNER TO syrios_user;

--
-- TOC entry 227 (class 1259 OID 24627)
-- Name: syrios_professor_id_seq; Type: SEQUENCE; Schema: public; Owner: syrios_user
--

ALTER TABLE public.syrios_professor ALTER COLUMN id ADD GENERATED BY DEFAULT AS IDENTITY (
    SEQUENCE NAME public.syrios_professor_id_seq
    START WITH 1
    INCREMENT BY 1
    NO MINVALUE
    NO MAXVALUE
    CACHE 1
);


--
-- TOC entry 239 (class 1259 OID 24692)
-- Name: syrios_regimento; Type: TABLE; Schema: public; Owner: syrios_user
--

CREATE TABLE public.syrios_regimento (
    id bigint NOT NULL,
    school_id bigint NOT NULL,
    titulo character varying(191) DEFAULT 'Regimento Escolar'::character varying NOT NULL,
    arquivo character varying(191),
    created_at timestamp without time zone,
    updated_at timestamp without time zone
);


ALTER TABLE public.syrios_regimento OWNER TO syrios_user;

--
-- TOC entry 238 (class 1259 OID 24691)
-- Name: syrios_regimento_id_seq; Type: SEQUENCE; Schema: public; Owner: syrios_user
--

ALTER TABLE public.syrios_regimento ALTER COLUMN id ADD GENERATED BY DEFAULT AS IDENTITY (
    SEQUENCE NAME public.syrios_regimento_id_seq
    START WITH 1
    INCREMENT BY 1
    NO MINVALUE
    NO MAXVALUE
    CACHE 1
);


--
-- TOC entry 237 (class 1259 OID 24684)
-- Name: syrios_regstatus; Type: TABLE; Schema: public; Owner: syrios_user
--

CREATE TABLE public.syrios_regstatus (
    id bigint NOT NULL,
    descr_s character varying(50) NOT NULL,
    created_at timestamp without time zone,
    updated_at timestamp without time zone
);


ALTER TABLE public.syrios_regstatus OWNER TO syrios_user;

--
-- TOC entry 236 (class 1259 OID 24683)
-- Name: syrios_regstatus_id_seq; Type: SEQUENCE; Schema: public; Owner: syrios_user
--

ALTER TABLE public.syrios_regstatus ALTER COLUMN id ADD GENERATED BY DEFAULT AS IDENTITY (
    SEQUENCE NAME public.syrios_regstatus_id_seq
    START WITH 1
    INCREMENT BY 1
    NO MINVALUE
    NO MAXVALUE
    CACHE 1
);


--
-- TOC entry 224 (class 1259 OID 24602)
-- Name: syrios_role; Type: TABLE; Schema: public; Owner: syrios_user
--

CREATE TABLE public.syrios_role (
    id bigint NOT NULL,
    role_name character varying(20) NOT NULL,
    created_at timestamp without time zone,
    updated_at timestamp without time zone
);


ALTER TABLE public.syrios_role OWNER TO syrios_user;

--
-- TOC entry 223 (class 1259 OID 24601)
-- Name: syrios_role_id_seq; Type: SEQUENCE; Schema: public; Owner: syrios_user
--

ALTER TABLE public.syrios_role ALTER COLUMN id ADD GENERATED BY DEFAULT AS IDENTITY (
    SEQUENCE NAME public.syrios_role_id_seq
    START WITH 1
    INCREMENT BY 1
    NO MINVALUE
    NO MAXVALUE
    CACHE 1
);


--
-- TOC entry 253 (class 1259 OID 24807)
-- Name: syrios_sessao; Type: TABLE; Schema: public; Owner: syrios_user
--

CREATE TABLE public.syrios_sessao (
    id bigint NOT NULL,
    usuario_id bigint NOT NULL,
    school_id bigint NOT NULL,
    created_at timestamp without time zone,
    updated_at timestamp without time zone
);


ALTER TABLE public.syrios_sessao OWNER TO syrios_user;

--
-- TOC entry 252 (class 1259 OID 24806)
-- Name: syrios_sessao_id_seq; Type: SEQUENCE; Schema: public; Owner: syrios_user
--

ALTER TABLE public.syrios_sessao ALTER COLUMN id ADD GENERATED BY DEFAULT AS IDENTITY (
    SEQUENCE NAME public.syrios_sessao_id_seq
    START WITH 1
    INCREMENT BY 1
    NO MINVALUE
    NO MAXVALUE
    CACHE 1
);


--
-- TOC entry 232 (class 1259 OID 24648)
-- Name: syrios_turma; Type: TABLE; Schema: public; Owner: syrios_user
--

CREATE TABLE public.syrios_turma (
    id bigint NOT NULL,
    school_id bigint NOT NULL,
    serie_turma character varying(20) NOT NULL,
    turno character varying(20) NOT NULL,
    created_at timestamp without time zone,
    updated_at timestamp without time zone
);


ALTER TABLE public.syrios_turma OWNER TO syrios_user;

--
-- TOC entry 231 (class 1259 OID 24647)
-- Name: syrios_turma_id_seq; Type: SEQUENCE; Schema: public; Owner: syrios_user
--

ALTER TABLE public.syrios_turma ALTER COLUMN id ADD GENERATED BY DEFAULT AS IDENTITY (
    SEQUENCE NAME public.syrios_turma_id_seq
    START WITH 1
    INCREMENT BY 1
    NO MINVALUE
    NO MAXVALUE
    CACHE 1
);


--
-- TOC entry 226 (class 1259 OID 24612)
-- Name: syrios_usuario; Type: TABLE; Schema: public; Owner: syrios_user
--

CREATE TABLE public.syrios_usuario (
    id bigint NOT NULL,
    school_id bigint NOT NULL,
    cpf character varying(11) NOT NULL,
    senha_hash character varying(255) NOT NULL,
    nome_u character varying(100) NOT NULL,
    status smallint NOT NULL,
    is_super_master boolean DEFAULT false NOT NULL,
    created_at timestamp without time zone,
    updated_at timestamp without time zone
);


ALTER TABLE public.syrios_usuario OWNER TO syrios_user;

--
-- TOC entry 225 (class 1259 OID 24611)
-- Name: syrios_usuario_id_seq; Type: SEQUENCE; Schema: public; Owner: syrios_user
--

ALTER TABLE public.syrios_usuario ALTER COLUMN id ADD GENERATED BY DEFAULT AS IDENTITY (
    SEQUENCE NAME public.syrios_usuario_id_seq
    START WITH 1
    INCREMENT BY 1
    NO MINVALUE
    NO MAXVALUE
    CACHE 1
);


--
-- TOC entry 235 (class 1259 OID 24673)
-- Name: syrios_usuario_role; Type: TABLE; Schema: public; Owner: syrios_user
--

CREATE TABLE public.syrios_usuario_role (
    usuario_id bigint NOT NULL,
    role_id bigint NOT NULL,
    school_id bigint NOT NULL,
    created_at timestamp without time zone,
    updated_at timestamp without time zone
);


ALTER TABLE public.syrios_usuario_role OWNER TO syrios_user;

--
-- TOC entry 257 (class 1259 OID 24830)
-- Name: syrios_visao_aluno; Type: TABLE; Schema: public; Owner: syrios_user
--

CREATE TABLE public.syrios_visao_aluno (
    id bigint NOT NULL,
    aluno_id bigint NOT NULL,
    dat_ult_visao timestamp without time zone,
    school_id bigint NOT NULL,
    created_at timestamp without time zone,
    updated_at timestamp without time zone
);


ALTER TABLE public.syrios_visao_aluno OWNER TO syrios_user;

--
-- TOC entry 256 (class 1259 OID 24829)
-- Name: syrios_visao_aluno_id_seq; Type: SEQUENCE; Schema: public; Owner: syrios_user
--

ALTER TABLE public.syrios_visao_aluno ALTER COLUMN id ADD GENERATED BY DEFAULT AS IDENTITY (
    SEQUENCE NAME public.syrios_visao_aluno_id_seq
    START WITH 1
    INCREMENT BY 1
    NO MINVALUE
    NO MAXVALUE
    CACHE 1
);


--
-- TOC entry 3575 (class 0 OID 24577)
-- Dependencies: 220
-- Data for Name: migrations; Type: TABLE DATA; Schema: public; Owner: syrios_user
--



--
-- TOC entry 3585 (class 0 OID 24637)
-- Dependencies: 230
-- Data for Name: syrios_aluno; Type: TABLE DATA; Schema: public; Owner: syrios_user
--

INSERT INTO public.syrios_aluno (id, matricula, school_id, nome_a, created_at, updated_at) VALUES (7, '2229287', 5, 'ANTONIO CARLOS NASCIMENTO EUFRASIO', '2025-10-15 01:26:41', NULL);
INSERT INTO public.syrios_aluno (id, matricula, school_id, nome_a, created_at, updated_at) VALUES (8, '3730158', 5, 'ANTONIO DANIEL VIANA BATISTA NETO', '2025-10-15 01:26:41', NULL);
INSERT INTO public.syrios_aluno (id, matricula, school_id, nome_a, created_at, updated_at) VALUES (9, '2242118', 5, 'ANTONIO GABRIEL ARAUJO DE FREITAS', '2025-10-15 01:26:41', NULL);
INSERT INTO public.syrios_aluno (id, matricula, school_id, nome_a, created_at, updated_at) VALUES (10, '3610065', 5, 'ANTONIO IGOR DA SILVA XAVIER', '2025-10-15 01:26:41', NULL);
INSERT INTO public.syrios_aluno (id, matricula, school_id, nome_a, created_at, updated_at) VALUES (11, '2926910', 5, 'ANTONIO LEVI DA SILVA PEREIRA', '2025-10-15 01:26:41', NULL);
INSERT INTO public.syrios_aluno (id, matricula, school_id, nome_a, created_at, updated_at) VALUES (12, '4923289', 5, 'CARLOS HENRIQUE DE LIMA DA SILVA', '2025-10-15 01:26:41', NULL);
INSERT INTO public.syrios_aluno (id, matricula, school_id, nome_a, created_at, updated_at) VALUES (13, '4393387', 5, 'CARLOS VICTOR ALVES DA SILVA', '2025-10-15 01:26:41', NULL);
INSERT INTO public.syrios_aluno (id, matricula, school_id, nome_a, created_at, updated_at) VALUES (14, '3744290', 5, 'CECILIA DA SILVA DO NASCIMENTO', '2025-10-15 01:26:41', NULL);
INSERT INTO public.syrios_aluno (id, matricula, school_id, nome_a, created_at, updated_at) VALUES (15, '2924960', 5, 'DAFNNY EZEQUIEL DA SILVA', '2025-10-15 01:26:41', NULL);
INSERT INTO public.syrios_aluno (id, matricula, school_id, nome_a, created_at, updated_at) VALUES (16, '2927071', 5, 'DIOGO DAVID ALVES DE SOUSA', '2025-10-15 01:26:41', NULL);
INSERT INTO public.syrios_aluno (id, matricula, school_id, nome_a, created_at, updated_at) VALUES (17, '2954381', 5, 'DOUGLAS DOS SANTOS DA SILVA', '2025-10-15 01:26:41', NULL);
INSERT INTO public.syrios_aluno (id, matricula, school_id, nome_a, created_at, updated_at) VALUES (18, '3498393', 5, 'EMILLY LUANA DA SILVA SILVESTRE', '2025-10-15 01:26:41', NULL);
INSERT INTO public.syrios_aluno (id, matricula, school_id, nome_a, created_at, updated_at) VALUES (19, '2954730', 5, 'EVELINE DA SILVA BRITO', '2025-10-15 01:26:41', NULL);
INSERT INTO public.syrios_aluno (id, matricula, school_id, nome_a, created_at, updated_at) VALUES (20, '2938973', 5, 'FELIPE LOPES NOGUEIRA', '2025-10-15 01:26:41', NULL);
INSERT INTO public.syrios_aluno (id, matricula, school_id, nome_a, created_at, updated_at) VALUES (21, '3190060', 5, 'FRANCISCO ARIEL DE OLIVEIRA', '2025-10-15 01:26:41', NULL);
INSERT INTO public.syrios_aluno (id, matricula, school_id, nome_a, created_at, updated_at) VALUES (22, '2377706', 5, 'FRANCISCO KAUE DE SOUSA PEREIRA', '2025-10-15 01:26:41', NULL);
INSERT INTO public.syrios_aluno (id, matricula, school_id, nome_a, created_at, updated_at) VALUES (23, '1827433', 5, 'FRANCISCO LUCAS BARROS DA SILVA', '2025-10-15 01:26:41', NULL);
INSERT INTO public.syrios_aluno (id, matricula, school_id, nome_a, created_at, updated_at) VALUES (24, '5416504', 5, 'HELLEN DARA OLIVEIRA MARTINS', '2025-10-15 01:26:41', NULL);
INSERT INTO public.syrios_aluno (id, matricula, school_id, nome_a, created_at, updated_at) VALUES (25, '2289909', 5, 'IASMIM DA SILVA MENEZES', '2025-10-15 01:26:41', NULL);
INSERT INTO public.syrios_aluno (id, matricula, school_id, nome_a, created_at, updated_at) VALUES (26, '2935144', 5, 'JOAO LUCAS LIMA DA SILVA', '2025-10-15 01:26:41', NULL);
INSERT INTO public.syrios_aluno (id, matricula, school_id, nome_a, created_at, updated_at) VALUES (27, '2583493', 5, 'JOAO SAMUEL QUEIROZ DA SILVA', '2025-10-15 01:26:41', NULL);
INSERT INTO public.syrios_aluno (id, matricula, school_id, nome_a, created_at, updated_at) VALUES (28, '2939057', 5, 'JOZIANE DOS SANTOS SILVA', '2025-10-15 01:26:41', NULL);
INSERT INTO public.syrios_aluno (id, matricula, school_id, nome_a, created_at, updated_at) VALUES (29, '3218126', 5, 'KAUA DA SILVA GOMES', '2025-10-15 01:26:41', NULL);
INSERT INTO public.syrios_aluno (id, matricula, school_id, nome_a, created_at, updated_at) VALUES (30, '2230709', 5, 'LEVI DE JESUS DA SILVA DUARTE', '2025-10-15 01:26:41', NULL);
INSERT INTO public.syrios_aluno (id, matricula, school_id, nome_a, created_at, updated_at) VALUES (31, '3218181', 5, 'LIZIANE PEREIRA DA SILVA', '2025-10-15 01:26:41', NULL);
INSERT INTO public.syrios_aluno (id, matricula, school_id, nome_a, created_at, updated_at) VALUES (32, '3791375', 5, 'LUCAS GONCALVES DA SILVA', '2025-10-15 01:26:41', NULL);
INSERT INTO public.syrios_aluno (id, matricula, school_id, nome_a, created_at, updated_at) VALUES (33, '2920957', 5, 'MARCOS RYAN FREITAS DOS SANTOS', '2025-10-15 01:26:41', NULL);
INSERT INTO public.syrios_aluno (id, matricula, school_id, nome_a, created_at, updated_at) VALUES (34, '2925051', 5, 'MARIA CLEZIANE SOARES DA SILVA', '2025-10-15 01:26:41', NULL);
INSERT INTO public.syrios_aluno (id, matricula, school_id, nome_a, created_at, updated_at) VALUES (35, '2973079', 5, 'MARIA IZABEL LOPES SILVA', '2025-10-15 01:26:41', NULL);
INSERT INTO public.syrios_aluno (id, matricula, school_id, nome_a, created_at, updated_at) VALUES (36, '2925375', 5, 'MARIA JESSYCA OLIVEIRA XAVIER', '2025-10-15 01:26:41', NULL);
INSERT INTO public.syrios_aluno (id, matricula, school_id, nome_a, created_at, updated_at) VALUES (37, '3218095', 5, 'MARIA JULIANA CAVALCANTE PEREIRA', '2025-10-15 01:26:41', NULL);
INSERT INTO public.syrios_aluno (id, matricula, school_id, nome_a, created_at, updated_at) VALUES (38, '2460135', 5, 'MARIA TALITA SILVA DOS SANTOS', '2025-10-15 01:26:41', NULL);
INSERT INTO public.syrios_aluno (id, matricula, school_id, nome_a, created_at, updated_at) VALUES (39, '3218084', 5, 'MIKAEL FERNANDES DO NASCIMENTO', '2025-10-15 01:26:41', NULL);
INSERT INTO public.syrios_aluno (id, matricula, school_id, nome_a, created_at, updated_at) VALUES (40, '4918987', 5, 'PEDRO GABRIEL SOUTO DE AQUINO', '2025-10-15 01:26:41', NULL);
INSERT INTO public.syrios_aluno (id, matricula, school_id, nome_a, created_at, updated_at) VALUES (41, '3749347', 5, 'REGIS LEVI BRAGA TEODOSIO', '2025-10-15 01:26:41', NULL);
INSERT INTO public.syrios_aluno (id, matricula, school_id, nome_a, created_at, updated_at) VALUES (42, '2582535', 5, 'RONALD LEVY PEREIRA FEITOSA', '2025-10-15 01:26:41', NULL);
INSERT INTO public.syrios_aluno (id, matricula, school_id, nome_a, created_at, updated_at) VALUES (43, '2356655', 5, 'RYTHA DE KASSIA DOS SANTOS ANDRADE', '2025-10-15 01:26:41', NULL);
INSERT INTO public.syrios_aluno (id, matricula, school_id, nome_a, created_at, updated_at) VALUES (44, '2240510', 5, 'STEFHANY VIANA ARAUJO', '2025-10-15 01:26:41', NULL);
INSERT INTO public.syrios_aluno (id, matricula, school_id, nome_a, created_at, updated_at) VALUES (45, '2923191', 5, 'ALAN GABRIEL OLIVEIRA TAVORA', '2025-10-15 01:26:41', NULL);
INSERT INTO public.syrios_aluno (id, matricula, school_id, nome_a, created_at, updated_at) VALUES (46, '3911612', 5, 'ANA CLARA ARAUJO ALVES', '2025-10-15 01:26:41', NULL);
INSERT INTO public.syrios_aluno (id, matricula, school_id, nome_a, created_at, updated_at) VALUES (47, '2926891', 5, 'ANTONIA KAILANA TAVARES DA SILVA', '2025-10-15 01:26:41', NULL);
INSERT INTO public.syrios_aluno (id, matricula, school_id, nome_a, created_at, updated_at) VALUES (48, '3498346', 5, 'ANTONIO EMANUEL ABREU DE SOUSA', '2025-10-15 01:26:41', NULL);
INSERT INTO public.syrios_aluno (id, matricula, school_id, nome_a, created_at, updated_at) VALUES (49, '3498900', 5, 'AURILENE SANTIAGO CABRAL', '2025-10-15 01:26:41', NULL);
INSERT INTO public.syrios_aluno (id, matricula, school_id, nome_a, created_at, updated_at) VALUES (50, '2923019', 5, 'DAIANE RAQUEL SILVA TAVORA', '2025-10-15 01:26:41', NULL);
INSERT INTO public.syrios_aluno (id, matricula, school_id, nome_a, created_at, updated_at) VALUES (51, '2954292', 5, 'DANIELLY PAZ ESTEVAM', '2025-10-15 01:26:41', NULL);
INSERT INTO public.syrios_aluno (id, matricula, school_id, nome_a, created_at, updated_at) VALUES (52, '2954335', 5, 'DAVID DOS SANTOS MIRANDA', '2025-10-15 01:26:41', NULL);
INSERT INTO public.syrios_aluno (id, matricula, school_id, nome_a, created_at, updated_at) VALUES (53, '2954642', 5, 'EDILBERTO RYAN DE FREITAS QUEIROZ', '2025-10-15 01:26:41', NULL);
INSERT INTO public.syrios_aluno (id, matricula, school_id, nome_a, created_at, updated_at) VALUES (54, '3244657', 5, 'FRANCISCA CASSIA DE FREITAS DO NASCIMENTO', '2025-10-15 01:26:41', NULL);
INSERT INTO public.syrios_aluno (id, matricula, school_id, nome_a, created_at, updated_at) VALUES (55, '2569498', 5, 'FRANCISCA VALDEVANIA OLIVEIRA MIRANDA', '2025-10-15 01:26:41', NULL);
INSERT INTO public.syrios_aluno (id, matricula, school_id, nome_a, created_at, updated_at) VALUES (56, '2242062', 5, 'FRANCISCO BARBOSA VIANA', '2025-10-15 01:26:41', NULL);
INSERT INTO public.syrios_aluno (id, matricula, school_id, nome_a, created_at, updated_at) VALUES (57, '3182208', 5, 'FRANCISCO EDUARDO LUDUVINO SOARES', '2025-10-15 01:26:41', NULL);
INSERT INTO public.syrios_aluno (id, matricula, school_id, nome_a, created_at, updated_at) VALUES (58, '2947821', 5, 'FRANCISCO GABRIEL DOS SANTOS VIANA', '2025-10-15 01:26:41', NULL);
INSERT INTO public.syrios_aluno (id, matricula, school_id, nome_a, created_at, updated_at) VALUES (59, '3586513', 5, 'FRANCISCO LUAN DE FREITAS JULIAO', '2025-10-15 01:26:41', NULL);
INSERT INTO public.syrios_aluno (id, matricula, school_id, nome_a, created_at, updated_at) VALUES (60, '2372479', 5, 'GABRIEL DA SILVA LAURENTINO', '2025-10-15 01:26:41', NULL);
INSERT INTO public.syrios_aluno (id, matricula, school_id, nome_a, created_at, updated_at) VALUES (61, '2372535', 5, 'GUILHERME DE LIMA PEREIRA', '2025-10-15 01:26:41', NULL);
INSERT INTO public.syrios_aluno (id, matricula, school_id, nome_a, created_at, updated_at) VALUES (62, '2242028', 5, 'IRIS DE FREITAS DA SILVA', '2025-10-15 01:26:41', NULL);
INSERT INTO public.syrios_aluno (id, matricula, school_id, nome_a, created_at, updated_at) VALUES (63, '2916879', 5, 'JENIFER KELLY ALVES DA SILVA', '2025-10-15 01:26:41', NULL);
INSERT INTO public.syrios_aluno (id, matricula, school_id, nome_a, created_at, updated_at) VALUES (64, '2185620', 5, 'JOAO KAIO FREITAS DA SILVA', '2025-10-15 01:26:41', NULL);
INSERT INTO public.syrios_aluno (id, matricula, school_id, nome_a, created_at, updated_at) VALUES (65, '3233677', 5, 'JOAO PEDRO DA SILVA CASSEMIRO', '2025-10-15 01:26:41', NULL);
INSERT INTO public.syrios_aluno (id, matricula, school_id, nome_a, created_at, updated_at) VALUES (66, '3214371', 5, 'JOSE ANGLES GONCALVES DE FREITAS', '2025-10-15 01:26:41', NULL);
INSERT INTO public.syrios_aluno (id, matricula, school_id, nome_a, created_at, updated_at) VALUES (67, '3538556', 5, 'KAIKY DAVID DE SOUZA SILVA', '2025-10-15 01:26:41', NULL);
INSERT INTO public.syrios_aluno (id, matricula, school_id, nome_a, created_at, updated_at) VALUES (68, '3749160', 5, 'LUIZ GUSTAVO DE OLIVEIRA AGUIAR', '2025-10-15 01:26:41', NULL);
INSERT INTO public.syrios_aluno (id, matricula, school_id, nome_a, created_at, updated_at) VALUES (69, '4403411', 5, 'LUIZ PEDRO LIMA DE QUEIROZ', '2025-10-15 01:26:41', NULL);
INSERT INTO public.syrios_aluno (id, matricula, school_id, nome_a, created_at, updated_at) VALUES (70, '2582666', 5, 'MARA KELLY DE ALMEIDA SOARES', '2025-10-15 01:26:41', NULL);
INSERT INTO public.syrios_aluno (id, matricula, school_id, nome_a, created_at, updated_at) VALUES (71, '2372799', 5, 'MARCELINO PEREIRA DE FREITAS', '2025-10-15 01:26:41', NULL);
INSERT INTO public.syrios_aluno (id, matricula, school_id, nome_a, created_at, updated_at) VALUES (72, '3218112', 5, 'MARCELO JACKSON SOUZA FACUNDO', '2025-10-15 01:26:41', NULL);
INSERT INTO public.syrios_aluno (id, matricula, school_id, nome_a, created_at, updated_at) VALUES (73, '3484681', 5, 'MARIA EDUARDA PEREIRA DA COSTA', '2025-10-15 01:26:41', NULL);
INSERT INTO public.syrios_aluno (id, matricula, school_id, nome_a, created_at, updated_at) VALUES (74, '3661240', 5, 'MARIA GESSICA MARTINS RUFINO', '2025-10-15 01:26:41', NULL);
INSERT INTO public.syrios_aluno (id, matricula, school_id, nome_a, created_at, updated_at) VALUES (75, '2355669', 5, 'MARIA ISABELLY VIEIRA DA SILVA', '2025-10-15 01:26:41', NULL);
INSERT INTO public.syrios_aluno (id, matricula, school_id, nome_a, created_at, updated_at) VALUES (76, '2938928', 5, 'MARIA LARISSA BARBOSA DA SILVA', '2025-10-15 01:26:41', NULL);
INSERT INTO public.syrios_aluno (id, matricula, school_id, nome_a, created_at, updated_at) VALUES (77, '2351875', 5, 'MARIA YAMARA NUNES DE ALMEIDA', '2025-10-15 01:26:41', NULL);
INSERT INTO public.syrios_aluno (id, matricula, school_id, nome_a, created_at, updated_at) VALUES (78, '3499531', 5, 'MIKAELE CORDEIRO CABRAL', '2025-10-15 01:26:41', NULL);
INSERT INTO public.syrios_aluno (id, matricula, school_id, nome_a, created_at, updated_at) VALUES (79, '3499583', 5, 'MIKELE CORDEIRO CABRAL', '2025-10-15 01:26:41', NULL);
INSERT INTO public.syrios_aluno (id, matricula, school_id, nome_a, created_at, updated_at) VALUES (80, '2921095', 5, 'RHANA MENDONCA DOS SANTOS', '2025-10-15 01:26:41', NULL);
INSERT INTO public.syrios_aluno (id, matricula, school_id, nome_a, created_at, updated_at) VALUES (81, '2927074', 5, 'RICHARLISON BARBOSA DA SILVA', '2025-10-15 01:26:41', NULL);
INSERT INTO public.syrios_aluno (id, matricula, school_id, nome_a, created_at, updated_at) VALUES (82, '2927079', 5, 'SAMUEL HOLANDA NASCIMENTO', '2025-10-15 01:26:41', NULL);
INSERT INTO public.syrios_aluno (id, matricula, school_id, nome_a, created_at, updated_at) VALUES (83, '2569760', 5, 'SARA MIRELE DE OLIVEIRA LIMA', '2025-10-15 01:26:41', NULL);
INSERT INTO public.syrios_aluno (id, matricula, school_id, nome_a, created_at, updated_at) VALUES (84, '3749377', 5, 'SHERIDA DAVILA GALDENCIO DE FRANCA', '2025-10-15 01:26:41', NULL);
INSERT INTO public.syrios_aluno (id, matricula, school_id, nome_a, created_at, updated_at) VALUES (85, '2294517', 5, 'STEFHANY ALCANTARA MATOS', '2025-10-15 01:26:41', NULL);
INSERT INTO public.syrios_aluno (id, matricula, school_id, nome_a, created_at, updated_at) VALUES (86, '2952590', 5, 'TIAGO XAVIER SOUZA', '2025-10-15 01:26:41', NULL);
INSERT INTO public.syrios_aluno (id, matricula, school_id, nome_a, created_at, updated_at) VALUES (87, '2947780', 5, 'VITOR CASSEMIRO MACEDO', '2025-10-15 01:26:41', NULL);
INSERT INTO public.syrios_aluno (id, matricula, school_id, nome_a, created_at, updated_at) VALUES (88, '2924855', 5, 'WANIERY NOGUEIRA DA SILVA', '2025-10-15 01:26:41', NULL);
INSERT INTO public.syrios_aluno (id, matricula, school_id, nome_a, created_at, updated_at) VALUES (89, '2218187', 5, 'ANTONIA SOFIA FERREIRA DA SILVA', '2025-10-15 01:26:41', NULL);
INSERT INTO public.syrios_aluno (id, matricula, school_id, nome_a, created_at, updated_at) VALUES (90, '2230331', 5, 'ANTONIO BRENO DE OLIVEIRA SILVA', '2025-10-15 01:26:41', NULL);
INSERT INTO public.syrios_aluno (id, matricula, school_id, nome_a, created_at, updated_at) VALUES (91, '2940633', 5, 'BRUNO VITOR PEREIRA DE SOUZA', '2025-10-15 01:26:41', NULL);
INSERT INTO public.syrios_aluno (id, matricula, school_id, nome_a, created_at, updated_at) VALUES (92, '2289542', 5, 'DANIEL DUARTE DOS SANTOS', '2025-10-15 01:26:41', NULL);
INSERT INTO public.syrios_aluno (id, matricula, school_id, nome_a, created_at, updated_at) VALUES (93, '3800969', 5, 'EDIVANILSON DOS SANTOS DA SILVA', '2025-10-15 01:26:41', NULL);
INSERT INTO public.syrios_aluno (id, matricula, school_id, nome_a, created_at, updated_at) VALUES (94, '3798699', 5, 'FRANCISCO GUILHERME MOTA DA SILVA', '2025-10-15 01:26:41', NULL);
INSERT INTO public.syrios_aluno (id, matricula, school_id, nome_a, created_at, updated_at) VALUES (95, '3244680', 5, 'FRANCISCO KALLIU ANDRADE VIANA', '2025-10-15 01:26:41', NULL);
INSERT INTO public.syrios_aluno (id, matricula, school_id, nome_a, created_at, updated_at) VALUES (96, '4182478', 5, 'FRANCISCO LEVY LIMA DA SILVA', '2025-10-15 01:26:41', NULL);
INSERT INTO public.syrios_aluno (id, matricula, school_id, nome_a, created_at, updated_at) VALUES (97, '2289619', 5, 'FRANCISCO WESLEY FERNANDES MENDES', '2025-10-15 01:26:41', NULL);
INSERT INTO public.syrios_aluno (id, matricula, school_id, nome_a, created_at, updated_at) VALUES (98, '3564352', 5, 'GUSTAVO SOUSA DO NASCIMENTO', '2025-10-15 01:26:41', NULL);
INSERT INTO public.syrios_aluno (id, matricula, school_id, nome_a, created_at, updated_at) VALUES (99, '2439481', 5, 'IAGO SOUSA ARAUJO', '2025-10-15 01:26:41', NULL);
INSERT INTO public.syrios_aluno (id, matricula, school_id, nome_a, created_at, updated_at) VALUES (100, '2275509', 5, 'IARA DE AGUIAR DE SOUSA', '2025-10-15 01:26:41', NULL);
INSERT INTO public.syrios_aluno (id, matricula, school_id, nome_a, created_at, updated_at) VALUES (101, '3798856', 5, 'JOAO PEDRO DE ARAUJO DIAS', '2025-10-15 01:26:41', NULL);
INSERT INTO public.syrios_aluno (id, matricula, school_id, nome_a, created_at, updated_at) VALUES (102, '2579338', 5, 'KAIANY GOMES PEDROSA', '2025-10-15 01:26:41', NULL);
INSERT INTO public.syrios_aluno (id, matricula, school_id, nome_a, created_at, updated_at) VALUES (103, '5030914', 5, 'KAIO SAVIO SIMAO ARAUJO', '2025-10-15 01:26:41', NULL);
INSERT INTO public.syrios_aluno (id, matricula, school_id, nome_a, created_at, updated_at) VALUES (104, '2579559', 5, 'KAUA MELO FRANCELINO', '2025-10-15 01:26:41', NULL);
INSERT INTO public.syrios_aluno (id, matricula, school_id, nome_a, created_at, updated_at) VALUES (105, '2925085', 5, 'KAUA PINHEIRO ALBUQUERQUE', '2025-10-15 01:26:41', NULL);
INSERT INTO public.syrios_aluno (id, matricula, school_id, nome_a, created_at, updated_at) VALUES (106, '2434228', 5, 'KAUA SOUSA NASCIMENTO', '2025-10-15 01:26:41', NULL);
INSERT INTO public.syrios_aluno (id, matricula, school_id, nome_a, created_at, updated_at) VALUES (107, '3499232', 5, 'KAUA VITOR DE OLIVEIRA SANTOS', '2025-10-15 01:26:41', NULL);
INSERT INTO public.syrios_aluno (id, matricula, school_id, nome_a, created_at, updated_at) VALUES (108, '3256300', 5, 'KEISON DAVI SABINO SILVA', '2025-10-15 01:26:41', NULL);
INSERT INTO public.syrios_aluno (id, matricula, school_id, nome_a, created_at, updated_at) VALUES (109, '4219024', 5, 'KELVES DO NASCIMENTO ARAUJO', '2025-10-15 01:26:41', NULL);
INSERT INTO public.syrios_aluno (id, matricula, school_id, nome_a, created_at, updated_at) VALUES (110, '2935161', 5, 'LARA ELEN DA SILVA NASCIMENTO', '2025-10-15 01:26:41', NULL);
INSERT INTO public.syrios_aluno (id, matricula, school_id, nome_a, created_at, updated_at) VALUES (111, '2615413', 5, 'LIDIA FRANCELINO DA SILVA', '2025-10-15 01:26:41', NULL);
INSERT INTO public.syrios_aluno (id, matricula, school_id, nome_a, created_at, updated_at) VALUES (112, '2935168', 5, 'LUIS EDUARDO RODRIGUES DE SOUZA', '2025-10-15 01:26:41', NULL);
INSERT INTO public.syrios_aluno (id, matricula, school_id, nome_a, created_at, updated_at) VALUES (113, '3484816', 5, 'LUZIA MIRELA LUDUVINO OLIVEIRA', '2025-10-15 01:26:41', NULL);
INSERT INTO public.syrios_aluno (id, matricula, school_id, nome_a, created_at, updated_at) VALUES (114, '2579928', 5, 'MAISA DE ARAUJO DA SILVA', '2025-10-15 01:26:41', NULL);
INSERT INTO public.syrios_aluno (id, matricula, school_id, nome_a, created_at, updated_at) VALUES (115, '2241983', 5, 'MARIA CLARA NASCIMENTO VIANA', '2025-10-15 01:26:41', NULL);
INSERT INTO public.syrios_aluno (id, matricula, school_id, nome_a, created_at, updated_at) VALUES (116, '3798946', 5, 'MARIA EWELLEN DA SILVA DUARTE', '2025-10-15 01:26:41', NULL);
INSERT INTO public.syrios_aluno (id, matricula, school_id, nome_a, created_at, updated_at) VALUES (117, '2293680', 5, 'MARIA FRANCIELLY ALMEIDA MARTINS', '2025-10-15 01:26:41', NULL);
INSERT INTO public.syrios_aluno (id, matricula, school_id, nome_a, created_at, updated_at) VALUES (118, '2582841', 5, 'MARIA IZABELY GOMES SANTIAGO', '2025-10-15 01:26:41', NULL);
INSERT INTO public.syrios_aluno (id, matricula, school_id, nome_a, created_at, updated_at) VALUES (119, '2218260', 5, 'MARILIA VITORIA DA SILVA RODRIGUES', '2025-10-15 01:26:41', NULL);
INSERT INTO public.syrios_aluno (id, matricula, school_id, nome_a, created_at, updated_at) VALUES (120, '2187197', 5, 'MAURILANE VITORIA FREITAS LIRA', '2025-10-15 01:26:41', NULL);
INSERT INTO public.syrios_aluno (id, matricula, school_id, nome_a, created_at, updated_at) VALUES (121, '3614159', 5, 'OLYVER MATHEUS GOMES MEIRA', '2025-10-15 01:26:41', NULL);
INSERT INTO public.syrios_aluno (id, matricula, school_id, nome_a, created_at, updated_at) VALUES (122, '2582215', 5, 'PEDRO JORGE DA SILVA PEREIRA', '2025-10-15 01:26:41', NULL);
INSERT INTO public.syrios_aluno (id, matricula, school_id, nome_a, created_at, updated_at) VALUES (123, '4952700', 5, 'REBECA DE SOUZA MATEUS', '2025-10-15 01:26:41', NULL);
INSERT INTO public.syrios_aluno (id, matricula, school_id, nome_a, created_at, updated_at) VALUES (124, '2928861', 5, 'REGIVANIA PEREIRA LIMA', '2025-10-15 01:26:41', NULL);
INSERT INTO public.syrios_aluno (id, matricula, school_id, nome_a, created_at, updated_at) VALUES (125, '5363360', 5, 'RENATO MARQUES DE SOUSA BEZERRA', '2025-10-15 01:26:41', NULL);
INSERT INTO public.syrios_aluno (id, matricula, school_id, nome_a, created_at, updated_at) VALUES (126, '3800934', 5, 'RODRIGO GONCALVES MOTA', '2025-10-15 01:26:41', NULL);
INSERT INTO public.syrios_aluno (id, matricula, school_id, nome_a, created_at, updated_at) VALUES (127, '3218207', 5, 'SAVIO ALEXANDRE LIMA', '2025-10-15 01:26:41', NULL);
INSERT INTO public.syrios_aluno (id, matricula, school_id, nome_a, created_at, updated_at) VALUES (128, '3919485', 5, 'STEFHANY BARROS FERREIRA', '2025-10-15 01:26:41', NULL);
INSERT INTO public.syrios_aluno (id, matricula, school_id, nome_a, created_at, updated_at) VALUES (129, '3764090', 5, 'VICTOR HUGO DE LIMA', '2025-10-15 01:26:41', NULL);
INSERT INTO public.syrios_aluno (id, matricula, school_id, nome_a, created_at, updated_at) VALUES (130, '2939265', 5, 'VINICIUS CASTELO DOS SANTOS', '2025-10-15 01:26:41', NULL);
INSERT INTO public.syrios_aluno (id, matricula, school_id, nome_a, created_at, updated_at) VALUES (131, '3477394', 5, 'YARLLEY KILVIC SABINO DE LIMA', '2025-10-15 01:26:41', NULL);
INSERT INTO public.syrios_aluno (id, matricula, school_id, nome_a, created_at, updated_at) VALUES (132, '2920785', 5, 'ALIRIA LIMA SANTOS', '2025-10-15 01:26:41', NULL);
INSERT INTO public.syrios_aluno (id, matricula, school_id, nome_a, created_at, updated_at) VALUES (133, '2583274', 5, 'ANA JULIA LIMA DOS SANTOS', '2025-10-15 01:26:41', NULL);
INSERT INTO public.syrios_aluno (id, matricula, school_id, nome_a, created_at, updated_at) VALUES (134, '3562354', 5, 'ANA LETICIA MATEUS ALVES', '2025-10-15 01:26:41', NULL);
INSERT INTO public.syrios_aluno (id, matricula, school_id, nome_a, created_at, updated_at) VALUES (135, '2952253', 5, 'ANA LUISA FERREIRA DE ARAUJO', '2025-10-15 01:26:41', NULL);
INSERT INTO public.syrios_aluno (id, matricula, school_id, nome_a, created_at, updated_at) VALUES (136, '2573790', 5, 'ANTHONY KENDELL DUARTE DE MELO', '2025-10-15 01:26:41', NULL);
INSERT INTO public.syrios_aluno (id, matricula, school_id, nome_a, created_at, updated_at) VALUES (137, '3498844', 5, 'ANTONIO ALEF DE OLIVEIRA ALVES', '2025-10-15 01:26:41', NULL);
INSERT INTO public.syrios_aluno (id, matricula, school_id, nome_a, created_at, updated_at) VALUES (138, '2929389', 5, 'ANTONIO MAYCON NASCIMENTO DA COSTA', '2025-10-15 01:26:41', NULL);
INSERT INTO public.syrios_aluno (id, matricula, school_id, nome_a, created_at, updated_at) VALUES (139, '4390158', 5, 'ARTHUR VASCONCELOS DE SALES', '2025-10-15 01:26:41', NULL);
INSERT INTO public.syrios_aluno (id, matricula, school_id, nome_a, created_at, updated_at) VALUES (140, '2920779', 5, 'CAIO DA SILVA RIBEIRO', '2025-10-15 01:26:41', NULL);
INSERT INTO public.syrios_aluno (id, matricula, school_id, nome_a, created_at, updated_at) VALUES (141, '2920812', 5, 'DALISSON SOUZA DA SILVA', '2025-10-15 01:26:41', NULL);
INSERT INTO public.syrios_aluno (id, matricula, school_id, nome_a, created_at, updated_at) VALUES (142, '3244574', 5, 'DANIEL DOWGLAS MARTINS FREITAS', '2025-10-15 01:26:41', NULL);
INSERT INTO public.syrios_aluno (id, matricula, school_id, nome_a, created_at, updated_at) VALUES (143, '2342835', 5, 'FABRINY STEFANY SANTIAGO DE ANDRADE', '2025-10-15 01:26:41', NULL);
INSERT INTO public.syrios_aluno (id, matricula, school_id, nome_a, created_at, updated_at) VALUES (144, '3218049', 5, 'FRANCISCO ARIEL AZEVEDO DA SILVA', '2025-10-15 01:26:41', NULL);
INSERT INTO public.syrios_aluno (id, matricula, school_id, nome_a, created_at, updated_at) VALUES (145, '2573819', 5, 'GABRIEL DE LIMA MATOS', '2025-10-15 01:26:41', NULL);
INSERT INTO public.syrios_aluno (id, matricula, school_id, nome_a, created_at, updated_at) VALUES (146, '5423720', 5, 'GUILHERME CESAR LIMA', '2025-10-15 01:26:41', NULL);
INSERT INTO public.syrios_aluno (id, matricula, school_id, nome_a, created_at, updated_at) VALUES (147, '2920836', 5, 'IGOR DE FIGUEIREDO FREITAS', '2025-10-15 01:26:41', NULL);
INSERT INTO public.syrios_aluno (id, matricula, school_id, nome_a, created_at, updated_at) VALUES (148, '2615187', 5, 'IRISLANE CASSEMIRO MATEUS', '2025-10-15 01:26:41', NULL);
INSERT INTO public.syrios_aluno (id, matricula, school_id, nome_a, created_at, updated_at) VALUES (149, '2817396', 5, 'JAMILE GONCALVES LOURENCO', '2025-10-15 01:26:41', NULL);
INSERT INTO public.syrios_aluno (id, matricula, school_id, nome_a, created_at, updated_at) VALUES (150, '2927042', 5, 'JOAO DAVI DE ABREU TRUMMER', '2025-10-15 01:26:41', NULL);
INSERT INTO public.syrios_aluno (id, matricula, school_id, nome_a, created_at, updated_at) VALUES (151, '5420003', 5, 'JOAO VITOR LESSA CAVALCANTE', '2025-10-15 01:26:41', NULL);
INSERT INTO public.syrios_aluno (id, matricula, school_id, nome_a, created_at, updated_at) VALUES (152, '2355050', 5, 'JOSE VICTOR DA SILVA SALES', '2025-10-15 01:26:41', NULL);
INSERT INTO public.syrios_aluno (id, matricula, school_id, nome_a, created_at, updated_at) VALUES (153, '3218066', 5, 'KAMILLA ALVES CORDEIRO', '2025-10-15 01:26:41', NULL);
INSERT INTO public.syrios_aluno (id, matricula, school_id, nome_a, created_at, updated_at) VALUES (154, '2185724', 5, 'KAUA FERREIRA RIBEIRO', '2025-10-15 01:26:41', NULL);
INSERT INTO public.syrios_aluno (id, matricula, school_id, nome_a, created_at, updated_at) VALUES (155, '3497673', 5, 'LARA YASMIN DA SILVA CAVALCANTE', '2025-10-15 01:26:41', NULL);
INSERT INTO public.syrios_aluno (id, matricula, school_id, nome_a, created_at, updated_at) VALUES (156, '5424102', 5, 'LUIS MIGUEL NOGUEIRA DOS SANTOS', '2025-10-15 01:26:41', NULL);
INSERT INTO public.syrios_aluno (id, matricula, school_id, nome_a, created_at, updated_at) VALUES (157, '5416381', 5, 'LUIZ GUSTAVO DA SILVA BEZERRA', '2025-10-15 01:26:41', NULL);
INSERT INTO public.syrios_aluno (id, matricula, school_id, nome_a, created_at, updated_at) VALUES (158, '5298073', 5, 'MARCOS VINICIUS MENEZES AZEVEDO', '2025-10-15 01:26:41', NULL);
INSERT INTO public.syrios_aluno (id, matricula, school_id, nome_a, created_at, updated_at) VALUES (159, '2926991', 5, 'MARIA DAMILLY CAVALCANTE SANTIAGO', '2025-10-15 01:26:41', NULL);
INSERT INTO public.syrios_aluno (id, matricula, school_id, nome_a, created_at, updated_at) VALUES (160, '3741081', 5, 'MARIA EDUARDA ALVES DE LIMA', '2025-10-15 01:26:41', NULL);
INSERT INTO public.syrios_aluno (id, matricula, school_id, nome_a, created_at, updated_at) VALUES (161, '2927060', 5, 'MARIA EDUARDA DOS SANTOS DE SOUZA', '2025-10-15 01:26:41', NULL);
INSERT INTO public.syrios_aluno (id, matricula, school_id, nome_a, created_at, updated_at) VALUES (162, '3550677', 5, 'MARIA KALYANE GOUVEIA MEDEIROS', '2025-10-15 01:26:41', NULL);
INSERT INTO public.syrios_aluno (id, matricula, school_id, nome_a, created_at, updated_at) VALUES (163, '3498680', 5, 'MARIA LETICIA BATISTA DE QUEIROZ', '2025-10-15 01:26:41', NULL);
INSERT INTO public.syrios_aluno (id, matricula, school_id, nome_a, created_at, updated_at) VALUES (164, '2938703', 5, 'MARIA VIVIANE DE SOUSA LIMA', '2025-10-15 01:26:41', NULL);
INSERT INTO public.syrios_aluno (id, matricula, school_id, nome_a, created_at, updated_at) VALUES (165, '5437223', 5, 'NICOLE DE AZEVEDO FERREIRA DA CUNHA', '2025-10-15 01:26:41', NULL);
INSERT INTO public.syrios_aluno (id, matricula, school_id, nome_a, created_at, updated_at) VALUES (166, '5425147', 5, 'PEDRO HENRIQUE FREITAS DA SILVA', '2025-10-15 01:26:41', NULL);
INSERT INTO public.syrios_aluno (id, matricula, school_id, nome_a, created_at, updated_at) VALUES (167, '5436395', 5, 'PEDRO LUCAS DE SOUSA MENEZES', '2025-10-15 01:26:41', NULL);
INSERT INTO public.syrios_aluno (id, matricula, school_id, nome_a, created_at, updated_at) VALUES (168, '5425094', 5, 'RAPHAEL RODRIGUES MACIEL', '2025-10-15 01:26:41', NULL);
INSERT INTO public.syrios_aluno (id, matricula, school_id, nome_a, created_at, updated_at) VALUES (169, '3800074', 5, 'ROBERTO CAMPOS DE SOUSA', '2025-10-15 01:26:41', NULL);
INSERT INTO public.syrios_aluno (id, matricula, school_id, nome_a, created_at, updated_at) VALUES (170, '5425611', 5, 'TALIA VITORIA PINHEIRO CLARINDO', '2025-10-15 01:26:41', NULL);
INSERT INTO public.syrios_aluno (id, matricula, school_id, nome_a, created_at, updated_at) VALUES (171, '5416690', 5, 'VANDEHERISON RODRIGUES SOUZA DE OLIVEIRA', '2025-10-15 01:26:41', NULL);
INSERT INTO public.syrios_aluno (id, matricula, school_id, nome_a, created_at, updated_at) VALUES (172, '2952554', 5, 'YASMIN DOS SANTOS SILVA', '2025-10-15 01:26:41', NULL);
INSERT INTO public.syrios_aluno (id, matricula, school_id, nome_a, created_at, updated_at) VALUES (173, '3730015', 5, 'YHASMIM MACIEL FIGUEIREDO', '2025-10-15 01:26:41', NULL);
INSERT INTO public.syrios_aluno (id, matricula, school_id, nome_a, created_at, updated_at) VALUES (174, '3593702', 5, 'ADRIANO SILVA SOARES', '2025-10-15 01:26:41', NULL);
INSERT INTO public.syrios_aluno (id, matricula, school_id, nome_a, created_at, updated_at) VALUES (175, '3919679', 5, 'ANA GABRIELY DA SILVA LIMA', '2025-10-15 01:26:41', NULL);
INSERT INTO public.syrios_aluno (id, matricula, school_id, nome_a, created_at, updated_at) VALUES (176, '2952910', 5, 'ANTONIA EDUARDA DA SILVA GOMES', '2025-10-15 01:26:41', NULL);
INSERT INTO public.syrios_aluno (id, matricula, school_id, nome_a, created_at, updated_at) VALUES (177, '2582369', 5, 'ANTONIA JOELMA QUEIROZ DE SOUZA', '2025-10-15 01:26:41', NULL);
INSERT INTO public.syrios_aluno (id, matricula, school_id, nome_a, created_at, updated_at) VALUES (178, '3524976', 5, 'ANTONIO BRUNO ALVES', '2025-10-15 01:26:41', NULL);
INSERT INTO public.syrios_aluno (id, matricula, school_id, nome_a, created_at, updated_at) VALUES (179, '2574072', 5, 'ANTONIO DELANO GOMES LIMA', '2025-10-15 01:26:41', NULL);
INSERT INTO public.syrios_aluno (id, matricula, school_id, nome_a, created_at, updated_at) VALUES (180, '2572517', 5, 'ANTONIO MOISES FREITAS SILVA', '2025-10-15 01:26:41', NULL);
INSERT INTO public.syrios_aluno (id, matricula, school_id, nome_a, created_at, updated_at) VALUES (181, '2574201', 5, 'ANTONIO RAFAEL PAIVA DE SOUZA', '2025-10-15 01:26:41', NULL);
INSERT INTO public.syrios_aluno (id, matricula, school_id, nome_a, created_at, updated_at) VALUES (182, '2899502', 5, 'CARLIANE PENHA LAURENTINO', '2025-10-15 01:26:41', NULL);
INSERT INTO public.syrios_aluno (id, matricula, school_id, nome_a, created_at, updated_at) VALUES (183, '2925422', 5, 'CARLOS LEVY DE OLIVEIRA FRANCA', '2025-10-15 01:26:41', NULL);
INSERT INTO public.syrios_aluno (id, matricula, school_id, nome_a, created_at, updated_at) VALUES (184, '2574049', 5, 'CAUE FERNANDES DA SILVA', '2025-10-15 01:26:41', NULL);
INSERT INTO public.syrios_aluno (id, matricula, school_id, nome_a, created_at, updated_at) VALUES (185, '3758478', 5, 'FRANCISCO ALYSSON OLIVEIRA DA SILVA', '2025-10-15 01:26:41', NULL);
INSERT INTO public.syrios_aluno (id, matricula, school_id, nome_a, created_at, updated_at) VALUES (186, '2573938', 5, 'FRANCISCO IURY QUEIROZ DA SILVA', '2025-10-15 01:26:41', NULL);
INSERT INTO public.syrios_aluno (id, matricula, school_id, nome_a, created_at, updated_at) VALUES (187, '2578982', 5, 'FRANCISCO MARDESON LUCAS TEIXEIRA', '2025-10-15 01:26:41', NULL);
INSERT INTO public.syrios_aluno (id, matricula, school_id, nome_a, created_at, updated_at) VALUES (188, '3221633', 5, 'FRANCISCO VYCTOR LOPES DE OLIVEIRA', '2025-10-15 01:26:41', NULL);
INSERT INTO public.syrios_aluno (id, matricula, school_id, nome_a, created_at, updated_at) VALUES (189, '2312715', 5, 'GELIANY DE SOUSA LIMA', '2025-10-15 01:26:41', NULL);
INSERT INTO public.syrios_aluno (id, matricula, school_id, nome_a, created_at, updated_at) VALUES (190, '3220466', 5, 'GUILHERME ALVES ARAUJO', '2025-10-15 01:26:41', NULL);
INSERT INTO public.syrios_aluno (id, matricula, school_id, nome_a, created_at, updated_at) VALUES (191, '3600496', 5, 'HEBERT SILVA SIQUEIRA', '2025-10-15 01:26:41', NULL);
INSERT INTO public.syrios_aluno (id, matricula, school_id, nome_a, created_at, updated_at) VALUES (192, '2948266', 5, 'JOAO PEDRO DA SILVA FERREIRA', '2025-10-15 01:26:41', NULL);
INSERT INTO public.syrios_aluno (id, matricula, school_id, nome_a, created_at, updated_at) VALUES (193, '3233785', 5, 'JOSE ALVES CASSEMIRO NETO', '2025-10-15 01:26:41', NULL);
INSERT INTO public.syrios_aluno (id, matricula, school_id, nome_a, created_at, updated_at) VALUES (194, '2379636', 5, 'JOSE IAGO SOUZA DE OLIVEIRA', '2025-10-15 01:26:41', NULL);
INSERT INTO public.syrios_aluno (id, matricula, school_id, nome_a, created_at, updated_at) VALUES (195, '2573671', 5, 'KAIO VICTOR DA SILVA SOUSA', '2025-10-15 01:26:41', NULL);
INSERT INTO public.syrios_aluno (id, matricula, school_id, nome_a, created_at, updated_at) VALUES (196, '3489284', 5, 'LAYS CRISTINA FRANCELINO DA SILVA', '2025-10-15 01:26:41', NULL);
INSERT INTO public.syrios_aluno (id, matricula, school_id, nome_a, created_at, updated_at) VALUES (197, '3760489', 5, 'LUIZA DE FATIMA RODRIGUES ALVES', '2025-10-15 01:26:41', NULL);
INSERT INTO public.syrios_aluno (id, matricula, school_id, nome_a, created_at, updated_at) VALUES (198, '2355298', 5, 'MARIA BIANCA LIMA FERNANDES', '2025-10-15 01:26:41', NULL);
INSERT INTO public.syrios_aluno (id, matricula, school_id, nome_a, created_at, updated_at) VALUES (199, '2582921', 5, 'MARIA EDUARDA DE OLIVEIRA DA SILVA', '2025-10-15 01:26:41', NULL);
INSERT INTO public.syrios_aluno (id, matricula, school_id, nome_a, created_at, updated_at) VALUES (200, '2372947', 5, 'MARIA EDUARDA RODRIGUES SIMAO', '2025-10-15 01:26:41', NULL);
INSERT INTO public.syrios_aluno (id, matricula, school_id, nome_a, created_at, updated_at) VALUES (201, '2926199', 5, 'MARIA ELOA TERTO TAVORA', '2025-10-15 01:26:41', NULL);
INSERT INTO public.syrios_aluno (id, matricula, school_id, nome_a, created_at, updated_at) VALUES (202, '5426531', 5, 'MARIA VITORIA SILVA FREIRE', '2025-10-15 01:26:41', NULL);
INSERT INTO public.syrios_aluno (id, matricula, school_id, nome_a, created_at, updated_at) VALUES (203, '3220924', 5, 'MIGUEL FERNANDES DO NASCIMENTO', '2025-10-15 01:26:41', NULL);
INSERT INTO public.syrios_aluno (id, matricula, school_id, nome_a, created_at, updated_at) VALUES (204, '2243133', 5, 'NATHIELLY ARAUJO DA SILVA', '2025-10-15 01:26:41', NULL);
INSERT INTO public.syrios_aluno (id, matricula, school_id, nome_a, created_at, updated_at) VALUES (205, '2199222', 5, 'PABLO ALBERTO RODRIGUES MACIEL', '2025-10-15 01:26:41', NULL);
INSERT INTO public.syrios_aluno (id, matricula, school_id, nome_a, created_at, updated_at) VALUES (206, '3479918', 5, 'PEDRO FREITAS DA SILVA', '2025-10-15 01:26:41', NULL);
INSERT INTO public.syrios_aluno (id, matricula, school_id, nome_a, created_at, updated_at) VALUES (207, '2460153', 5, 'RAIANA PEREIRA DE LIMA', '2025-10-15 01:26:41', NULL);
INSERT INTO public.syrios_aluno (id, matricula, school_id, nome_a, created_at, updated_at) VALUES (208, '4739232', 5, 'RAICA GISELE VIEIRA CISNE', '2025-10-15 01:26:41', NULL);
INSERT INTO public.syrios_aluno (id, matricula, school_id, nome_a, created_at, updated_at) VALUES (209, '3398863', 5, 'RAYSSA DA SILVA PEIXOTO', '2025-10-15 01:26:41', NULL);
INSERT INTO public.syrios_aluno (id, matricula, school_id, nome_a, created_at, updated_at) VALUES (210, '2145954', 5, 'TAEMILY FIGUEIREDO DA COSTA', '2025-10-15 01:26:41', NULL);
INSERT INTO public.syrios_aluno (id, matricula, school_id, nome_a, created_at, updated_at) VALUES (211, '2242217', 5, 'TAIS MENDES FREITAS', '2025-10-15 01:26:41', NULL);
INSERT INTO public.syrios_aluno (id, matricula, school_id, nome_a, created_at, updated_at) VALUES (212, '4174512', 5, 'VICTOR HUGO LOPES DUARTE', '2025-10-15 01:26:41', NULL);
INSERT INTO public.syrios_aluno (id, matricula, school_id, nome_a, created_at, updated_at) VALUES (213, '3159469', 5, 'VITORIA IOHRANNA ARAUJO MENEZES', '2025-10-15 01:26:41', NULL);
INSERT INTO public.syrios_aluno (id, matricula, school_id, nome_a, created_at, updated_at) VALUES (214, '2146054', 5, 'YASMIM EVELEM BRAGA GONCALVES', '2025-10-15 01:26:41', NULL);
INSERT INTO public.syrios_aluno (id, matricula, school_id, nome_a, created_at, updated_at) VALUES (215, '2582651', 5, 'ALEXANDRE ALVES RIBEIRO', '2025-10-15 01:26:41', NULL);
INSERT INTO public.syrios_aluno (id, matricula, school_id, nome_a, created_at, updated_at) VALUES (216, '3474172', 5, 'ALEX ARLEY LIMA FERNANDES', '2025-10-15 01:26:41', NULL);
INSERT INTO public.syrios_aluno (id, matricula, school_id, nome_a, created_at, updated_at) VALUES (217, '2183785', 5, 'ALICE GRAZIELLY DE FREITAS SANTOS', '2025-10-15 01:26:41', NULL);
INSERT INTO public.syrios_aluno (id, matricula, school_id, nome_a, created_at, updated_at) VALUES (218, '2311134', 5, 'ANTONIO ESTEVAO FILHO', '2025-10-15 01:26:41', NULL);
INSERT INTO public.syrios_aluno (id, matricula, school_id, nome_a, created_at, updated_at) VALUES (219, '2927096', 5, 'ANTONIO KAUE BORGES DA SILVA', '2025-10-15 01:26:41', NULL);
INSERT INTO public.syrios_aluno (id, matricula, school_id, nome_a, created_at, updated_at) VALUES (220, '3058515', 5, 'ANTONIO LEANDRO SILVA SANTOS', '2025-10-15 01:26:41', NULL);
INSERT INTO public.syrios_aluno (id, matricula, school_id, nome_a, created_at, updated_at) VALUES (221, '2948195', 5, 'ANTONIO PEDRO DUARTE ABREU', '2025-10-15 01:26:41', NULL);
INSERT INTO public.syrios_aluno (id, matricula, school_id, nome_a, created_at, updated_at) VALUES (222, '3753128', 5, 'ANTONIO RIAN DA SILVA DE OLIVEIRA', '2025-10-15 01:26:41', NULL);
INSERT INTO public.syrios_aluno (id, matricula, school_id, nome_a, created_at, updated_at) VALUES (223, '2925447', 5, 'ANTONIO SERGIO ALENCAR DE SOUZA', '2025-10-15 01:26:41', NULL);
INSERT INTO public.syrios_aluno (id, matricula, school_id, nome_a, created_at, updated_at) VALUES (224, '2377559', 5, 'ARMANDO DE FREITAS DO NASCIMENTO', '2025-10-15 01:26:41', NULL);
INSERT INTO public.syrios_aluno (id, matricula, school_id, nome_a, created_at, updated_at) VALUES (225, '2242522', 5, 'BEATRIZ PEIXOTO ARAUJO', '2025-10-15 01:26:41', NULL);
INSERT INTO public.syrios_aluno (id, matricula, school_id, nome_a, created_at, updated_at) VALUES (226, '2439334', 5, 'DAVI BRAGA DOS SANTOS', '2025-10-15 01:26:41', NULL);
INSERT INTO public.syrios_aluno (id, matricula, school_id, nome_a, created_at, updated_at) VALUES (227, '2439350', 5, 'DEIVIANE BRAGA DOS SANTOS', '2025-10-15 01:26:41', NULL);
INSERT INTO public.syrios_aluno (id, matricula, school_id, nome_a, created_at, updated_at) VALUES (228, '2262485', 5, 'EMERSON DUARTE FREITAS', '2025-10-15 01:26:41', NULL);
INSERT INTO public.syrios_aluno (id, matricula, school_id, nome_a, created_at, updated_at) VALUES (229, '2927216', 5, 'ERIK RANEY MATA DA SILVA', '2025-10-15 01:26:41', NULL);
INSERT INTO public.syrios_aluno (id, matricula, school_id, nome_a, created_at, updated_at) VALUES (230, '2184357', 5, 'FRANCISCO DE ASSIS NEVES FREITAS', '2025-10-15 01:26:41', NULL);
INSERT INTO public.syrios_aluno (id, matricula, school_id, nome_a, created_at, updated_at) VALUES (231, '2185166', 5, 'GUILHERME BEZERRA BARROSO', '2025-10-15 01:26:41', NULL);
INSERT INTO public.syrios_aluno (id, matricula, school_id, nome_a, created_at, updated_at) VALUES (232, '2354941', 5, 'IARA LIMA DE AGUIAR', '2025-10-15 01:26:41', NULL);
INSERT INTO public.syrios_aluno (id, matricula, school_id, nome_a, created_at, updated_at) VALUES (233, '2145260', 5, 'ISAC CRISPIM ALVES', '2025-10-15 01:26:41', NULL);
INSERT INTO public.syrios_aluno (id, matricula, school_id, nome_a, created_at, updated_at) VALUES (234, '3583701', 5, 'JESSE SARAIVA DE FREITAS', '2025-10-15 01:26:41', NULL);
INSERT INTO public.syrios_aluno (id, matricula, school_id, nome_a, created_at, updated_at) VALUES (235, '3615733', 5, 'JOAO LUCAS GOMES DE SOUZA', '2025-10-15 01:26:41', NULL);
INSERT INTO public.syrios_aluno (id, matricula, school_id, nome_a, created_at, updated_at) VALUES (236, '3490706', 5, 'JOSE DIEGO DE LIMA DA SILVA', '2025-10-15 01:26:41', NULL);
INSERT INTO public.syrios_aluno (id, matricula, school_id, nome_a, created_at, updated_at) VALUES (237, '3907609', 5, 'JOYCE INACIO MOURA', '2025-10-15 01:26:41', NULL);
INSERT INTO public.syrios_aluno (id, matricula, school_id, nome_a, created_at, updated_at) VALUES (238, '3485439', 5, 'JULIO GABRIEL BENICIO DA COSTA', '2025-10-15 01:26:41', NULL);
INSERT INTO public.syrios_aluno (id, matricula, school_id, nome_a, created_at, updated_at) VALUES (239, '2355111', 5, 'KAUE RODRIGUES NASCIMENTO', '2025-10-15 01:26:41', NULL);
INSERT INTO public.syrios_aluno (id, matricula, school_id, nome_a, created_at, updated_at) VALUES (240, '2579646', 5, 'LARISSA PEREIRA DE SOUZA', '2025-10-15 01:26:41', NULL);
INSERT INTO public.syrios_aluno (id, matricula, school_id, nome_a, created_at, updated_at) VALUES (241, '2923129', 5, 'LAYSSON FELIPE DUARTE NOGUEIRA', '2025-10-15 01:26:41', NULL);
INSERT INTO public.syrios_aluno (id, matricula, school_id, nome_a, created_at, updated_at) VALUES (242, '4730672', 5, 'LEVI CAVALCANTE MACIEL', '2025-10-15 01:26:41', NULL);
INSERT INTO public.syrios_aluno (id, matricula, school_id, nome_a, created_at, updated_at) VALUES (243, '2615340', 5, 'MARIA APARECIDA SILVA NEVES', '2025-10-15 01:26:41', NULL);
INSERT INTO public.syrios_aluno (id, matricula, school_id, nome_a, created_at, updated_at) VALUES (244, '2927007', 5, 'MARIA CLARA SARAIVA ROMANO', '2025-10-15 01:26:41', NULL);
INSERT INTO public.syrios_aluno (id, matricula, school_id, nome_a, created_at, updated_at) VALUES (245, '1705524', 5, 'MARIA EDUARDA DE ANDRADE PEREIRA', '2025-10-15 01:26:41', NULL);
INSERT INTO public.syrios_aluno (id, matricula, school_id, nome_a, created_at, updated_at) VALUES (246, '2292818', 5, 'MARIA FERNANDA DOS SANTOS DA SILVA', '2025-10-15 01:26:41', NULL);
INSERT INTO public.syrios_aluno (id, matricula, school_id, nome_a, created_at, updated_at) VALUES (247, '3759911', 5, 'MARIA STEFANNY FERREIRA ROMUALDO', '2025-10-15 01:26:41', NULL);
INSERT INTO public.syrios_aluno (id, matricula, school_id, nome_a, created_at, updated_at) VALUES (248, '2322298', 5, 'PEDRO VITOR LOPES RODRIGUES', '2025-10-15 01:26:41', NULL);
INSERT INTO public.syrios_aluno (id, matricula, school_id, nome_a, created_at, updated_at) VALUES (249, '2926160', 5, 'RAILA AVELINO DE OLIVEIRA', '2025-10-15 01:26:41', NULL);
INSERT INTO public.syrios_aluno (id, matricula, school_id, nome_a, created_at, updated_at) VALUES (250, '2238697', 5, 'ROBERTO YUDI DA SILVA', '2025-10-15 01:26:41', NULL);
INSERT INTO public.syrios_aluno (id, matricula, school_id, nome_a, created_at, updated_at) VALUES (251, '2207633', 5, 'RODOLFO FREITAS DE ANDRADE', '2025-10-15 01:26:41', NULL);
INSERT INTO public.syrios_aluno (id, matricula, school_id, nome_a, created_at, updated_at) VALUES (252, '2926128', 5, 'RUAN PABLO DE SOUZA TAVORA', '2025-10-15 01:26:41', NULL);
INSERT INTO public.syrios_aluno (id, matricula, school_id, nome_a, created_at, updated_at) VALUES (253, '1999102', 5, 'RYAN ALVES RIBEIRO', '2025-10-15 01:26:41', NULL);
INSERT INTO public.syrios_aluno (id, matricula, school_id, nome_a, created_at, updated_at) VALUES (254, '2145988', 5, 'VITORIA REGIA FREIRE PEREIRA', '2025-10-15 01:26:41', NULL);
INSERT INTO public.syrios_aluno (id, matricula, school_id, nome_a, created_at, updated_at) VALUES (255, '2583456', 5, 'ANA LIVIA FREIRE', '2025-10-15 01:26:41', NULL);
INSERT INTO public.syrios_aluno (id, matricula, school_id, nome_a, created_at, updated_at) VALUES (256, '2354533', 5, 'ANGELO GABRIEL BATISTA BESERRA', '2025-10-15 01:26:41', NULL);
INSERT INTO public.syrios_aluno (id, matricula, school_id, nome_a, created_at, updated_at) VALUES (257, '3257050', 5, 'ANTONIA THAINAYARA DA SILVA NASCIMENTO', '2025-10-15 01:26:41', NULL);
INSERT INTO public.syrios_aluno (id, matricula, school_id, nome_a, created_at, updated_at) VALUES (258, '3479183', 5, 'ANTONIO CAUA MATEUS DE ARAUJO', '2025-10-15 01:26:41', NULL);
INSERT INTO public.syrios_aluno (id, matricula, school_id, nome_a, created_at, updated_at) VALUES (259, '2144659', 5, 'ANTONIO DOUGLAS PEREIRA MENDONCA', '2025-10-15 01:26:41', NULL);
INSERT INTO public.syrios_aluno (id, matricula, school_id, nome_a, created_at, updated_at) VALUES (260, '2925516', 5, 'ANTONIO NATHAN MENDES FREITAS', '2025-10-15 01:26:41', NULL);
INSERT INTO public.syrios_aluno (id, matricula, school_id, nome_a, created_at, updated_at) VALUES (261, '3740931', 5, 'CHARLISSON DE SOUSA FELIPE', '2025-10-15 01:26:41', NULL);
INSERT INTO public.syrios_aluno (id, matricula, school_id, nome_a, created_at, updated_at) VALUES (262, '2144807', 5, 'CLAUDECI SOARES DE FREITAS', '2025-10-15 01:26:41', NULL);
INSERT INTO public.syrios_aluno (id, matricula, school_id, nome_a, created_at, updated_at) VALUES (263, '2218207', 5, 'ELENILSON DE SOUZA MENDES', '2025-10-15 01:26:41', NULL);
INSERT INTO public.syrios_aluno (id, matricula, school_id, nome_a, created_at, updated_at) VALUES (264, '3583661', 5, 'ERIC DOS SANTOS LIMA', '2025-10-15 01:26:41', NULL);
INSERT INTO public.syrios_aluno (id, matricula, school_id, nome_a, created_at, updated_at) VALUES (265, '2354752', 5, 'FRANCISCO ANTONIO DE LIMA DOS SANTOS', '2025-10-15 01:26:41', NULL);
INSERT INTO public.syrios_aluno (id, matricula, school_id, nome_a, created_at, updated_at) VALUES (266, '2948226', 5, 'FRANCISCO GUSTAVO DA SILVA NOGUEIRA', '2025-10-15 01:26:41', NULL);
INSERT INTO public.syrios_aluno (id, matricula, school_id, nome_a, created_at, updated_at) VALUES (267, '2218222', 5, 'FRANCISCO ISAC SILVEIRA LIMA', '2025-10-15 01:26:41', NULL);
INSERT INTO public.syrios_aluno (id, matricula, school_id, nome_a, created_at, updated_at) VALUES (268, '2929826', 5, 'FRANCISCO JAISSON ALVES DE LIMA', '2025-10-15 01:26:41', NULL);
INSERT INTO public.syrios_aluno (id, matricula, school_id, nome_a, created_at, updated_at) VALUES (269, '4295194', 5, 'FRANCISCO VICTOR PEDROSA DA SILVA', '2025-10-15 01:26:41', NULL);
INSERT INTO public.syrios_aluno (id, matricula, school_id, nome_a, created_at, updated_at) VALUES (270, '2145154', 5, 'GABRIEL DA COSTA DE MENEZES', '2025-10-15 01:26:41', NULL);
INSERT INTO public.syrios_aluno (id, matricula, school_id, nome_a, created_at, updated_at) VALUES (271, '2185314', 5, 'HELLEN VITORIA VIANA CANDIDO', '2025-10-15 01:26:41', NULL);
INSERT INTO public.syrios_aluno (id, matricula, school_id, nome_a, created_at, updated_at) VALUES (272, '2573751', 5, 'JESSICA CASTELO DOS SANTOS', '2025-10-15 01:26:41', NULL);
INSERT INTO public.syrios_aluno (id, matricula, school_id, nome_a, created_at, updated_at) VALUES (273, '2431815', 5, 'JOAB ALVES CESAR', '2025-10-15 01:26:41', NULL);
INSERT INTO public.syrios_aluno (id, matricula, school_id, nome_a, created_at, updated_at) VALUES (274, '2251664', 5, 'JOAO LENO DE FREITAS PEIXOTO', '2025-10-15 01:26:41', NULL);
INSERT INTO public.syrios_aluno (id, matricula, school_id, nome_a, created_at, updated_at) VALUES (275, '1999105', 5, 'JOAO VICTOR SANTOS DE SOUZA', '2025-10-15 01:26:41', NULL);
INSERT INTO public.syrios_aluno (id, matricula, school_id, nome_a, created_at, updated_at) VALUES (276, '3479750', 5, 'JOSE IARLI FERREIRA DE OLIVEIRA', '2025-10-15 01:26:41', NULL);
INSERT INTO public.syrios_aluno (id, matricula, school_id, nome_a, created_at, updated_at) VALUES (277, '3212142', 5, 'KAIQUE SOUZA ROCHA', '2025-10-15 01:26:41', NULL);
INSERT INTO public.syrios_aluno (id, matricula, school_id, nome_a, created_at, updated_at) VALUES (278, '3478429', 5, 'KAUA DOS SANTOS FARIAS', '2025-10-15 01:26:41', NULL);
INSERT INTO public.syrios_aluno (id, matricula, school_id, nome_a, created_at, updated_at) VALUES (279, '2569151', 5, 'LARA DE SOUZA PORFIRIO', '2025-10-15 01:26:41', NULL);
INSERT INTO public.syrios_aluno (id, matricula, school_id, nome_a, created_at, updated_at) VALUES (280, '1973144', 5, 'LUIZ OTAVIO DA SILVA NASCIMENTO', '2025-10-15 01:26:41', NULL);
INSERT INTO public.syrios_aluno (id, matricula, school_id, nome_a, created_at, updated_at) VALUES (281, '2579685', 5, 'LUKAS FREITAS DA SILVA', '2025-10-15 01:26:41', NULL);
INSERT INTO public.syrios_aluno (id, matricula, school_id, nome_a, created_at, updated_at) VALUES (282, '3220841', 5, 'MARIA CLARA ALVES DOS SANTOS', '2025-10-15 01:26:41', NULL);
INSERT INTO public.syrios_aluno (id, matricula, school_id, nome_a, created_at, updated_at) VALUES (283, '2351669', 5, 'MARIA DE FATIMA DA SILVA ANDRADE', '2025-10-15 01:26:41', NULL);
INSERT INTO public.syrios_aluno (id, matricula, school_id, nome_a, created_at, updated_at) VALUES (284, '2242978', 5, 'MARIA DO CARMO DA SILVA DE FREITAS', '2025-10-15 01:26:41', NULL);
INSERT INTO public.syrios_aluno (id, matricula, school_id, nome_a, created_at, updated_at) VALUES (285, '2199198', 5, 'MARILIA VITORIA CAMARA', '2025-10-15 01:26:41', NULL);
INSERT INTO public.syrios_aluno (id, matricula, school_id, nome_a, created_at, updated_at) VALUES (286, '2948464', 5, 'MATEUS DA COSTA SILVA', '2025-10-15 01:26:41', NULL);
INSERT INTO public.syrios_aluno (id, matricula, school_id, nome_a, created_at, updated_at) VALUES (287, '2432868', 5, 'MIRELLY FERREIRA COSTA', '2025-10-15 01:26:41', NULL);
INSERT INTO public.syrios_aluno (id, matricula, school_id, nome_a, created_at, updated_at) VALUES (288, '2570536', 5, 'NICOLE KETLEN INACIO DOS SANTOS', '2025-10-15 01:26:41', NULL);
INSERT INTO public.syrios_aluno (id, matricula, school_id, nome_a, created_at, updated_at) VALUES (289, '2145876', 5, 'RAKELY DA SILVA SALES', '2025-10-15 01:26:41', NULL);
INSERT INTO public.syrios_aluno (id, matricula, school_id, nome_a, created_at, updated_at) VALUES (290, '2145767', 5, 'RAQUEL AQUINO DO NASCIMENTO', '2025-10-15 01:26:41', NULL);
INSERT INTO public.syrios_aluno (id, matricula, school_id, nome_a, created_at, updated_at) VALUES (291, '2187577', 5, 'RAUL DE ASSIS ARAUJO', '2025-10-15 01:26:41', NULL);
INSERT INTO public.syrios_aluno (id, matricula, school_id, nome_a, created_at, updated_at) VALUES (292, '3224109', 5, 'RYKELVY DA SILVA LIMA', '2025-10-15 01:26:41', NULL);
INSERT INTO public.syrios_aluno (id, matricula, school_id, nome_a, created_at, updated_at) VALUES (293, '2929393', 5, 'TOBIAS COSTA DO NASCIMENTO', '2025-10-15 01:26:41', NULL);
INSERT INTO public.syrios_aluno (id, matricula, school_id, nome_a, created_at, updated_at) VALUES (294, '2916986', 5, 'VALDIANO SANTOS UCHOA', '2025-10-15 01:26:41', NULL);
INSERT INTO public.syrios_aluno (id, matricula, school_id, nome_a, created_at, updated_at) VALUES (295, '2146019', 5, 'VITORIA DO VALE OLIVEIRA', '2025-10-15 01:26:41', NULL);
INSERT INTO public.syrios_aluno (id, matricula, school_id, nome_a, created_at, updated_at) VALUES (296, '2218281', 5, 'WLADSON RAFAEL DE ARAUJO', '2025-10-15 01:26:41', NULL);
INSERT INTO public.syrios_aluno (id, matricula, school_id, nome_a, created_at, updated_at) VALUES (297, '2242721', 5, 'ALESSANDRO FREITAS OLIVEIRA', '2025-10-15 01:26:41', NULL);
INSERT INTO public.syrios_aluno (id, matricula, school_id, nome_a, created_at, updated_at) VALUES (298, '2930235', 5, 'ANTONIA CAROL DOS SANTOS FERREIRA', '2025-10-15 01:26:41', NULL);
INSERT INTO public.syrios_aluno (id, matricula, school_id, nome_a, created_at, updated_at) VALUES (299, '5242648', 5, 'ANTONIA GABRIELLY OLIVEIRA MACIEL', '2025-10-15 01:26:41', NULL);
INSERT INTO public.syrios_aluno (id, matricula, school_id, nome_a, created_at, updated_at) VALUES (300, '2934845', 5, 'CAMILLA VITORIA RODRIGUES ARAUJO', '2025-10-15 01:26:41', NULL);
INSERT INTO public.syrios_aluno (id, matricula, school_id, nome_a, created_at, updated_at) VALUES (301, '2439321', 5, 'CARINI SOUSA CASTRO', '2025-10-15 01:26:41', NULL);
INSERT INTO public.syrios_aluno (id, matricula, school_id, nome_a, created_at, updated_at) VALUES (302, '5265810', 5, 'CARLOS EDUARDO LIMA DE CERQUEIRA', '2025-10-15 01:26:41', NULL);
INSERT INTO public.syrios_aluno (id, matricula, school_id, nome_a, created_at, updated_at) VALUES (303, '4695737', 5, 'EDSON DOS SANTOS SOUZA', '2025-10-15 01:26:41', NULL);
INSERT INTO public.syrios_aluno (id, matricula, school_id, nome_a, created_at, updated_at) VALUES (304, '3742375', 5, 'ERIQUE VIEIRA DA SILVA', '2025-10-15 01:26:41', NULL);
INSERT INTO public.syrios_aluno (id, matricula, school_id, nome_a, created_at, updated_at) VALUES (305, '2208403', 5, 'ESTEVAO DA SILVA FRANCELINO FILHO', '2025-10-15 01:26:41', NULL);
INSERT INTO public.syrios_aluno (id, matricula, school_id, nome_a, created_at, updated_at) VALUES (306, '2434113', 5, 'FELIX DE OLIVEIRA FARIAS', '2025-10-15 01:26:41', NULL);
INSERT INTO public.syrios_aluno (id, matricula, school_id, nome_a, created_at, updated_at) VALUES (307, '3479248', 5, 'FRANCISCA VITORIA LIMA DA SILVA', '2025-10-15 01:26:41', NULL);
INSERT INTO public.syrios_aluno (id, matricula, school_id, nome_a, created_at, updated_at) VALUES (308, '4239925', 5, 'FRANCISCO IURY REIS MACIEL', '2025-10-15 01:26:41', NULL);
INSERT INTO public.syrios_aluno (id, matricula, school_id, nome_a, created_at, updated_at) VALUES (309, '3159520', 5, 'FRANCISCO JOSE NASCIMENTO DA SILVA FILHO', '2025-10-15 01:26:41', NULL);
INSERT INTO public.syrios_aluno (id, matricula, school_id, nome_a, created_at, updated_at) VALUES (310, '2354834', 5, 'FRANCISCO RODRIGO DA SILVA PRUDENCIO', '2025-10-15 01:26:41', NULL);
INSERT INTO public.syrios_aluno (id, matricula, school_id, nome_a, created_at, updated_at) VALUES (311, '2929781', 5, 'GEOVANA MACIEL DO NASCIMENTO', '2025-10-15 01:26:41', NULL);
INSERT INTO public.syrios_aluno (id, matricula, school_id, nome_a, created_at, updated_at) VALUES (312, '2354897', 5, 'GLEICIELE MARTINS DA SILVA', '2025-10-15 01:26:41', NULL);
INSERT INTO public.syrios_aluno (id, matricula, school_id, nome_a, created_at, updated_at) VALUES (313, '3478402', 5, 'GUILHERME DA SILVA DA ROCHA', '2025-10-15 01:26:41', NULL);
INSERT INTO public.syrios_aluno (id, matricula, school_id, nome_a, created_at, updated_at) VALUES (314, '2185226', 5, 'GUILHERME LOURENCO BONIFACIO', '2025-10-15 01:26:41', NULL);
INSERT INTO public.syrios_aluno (id, matricula, school_id, nome_a, created_at, updated_at) VALUES (315, '3514686', 5, 'GUSTAVO ANDRADE DA SILVA', '2025-10-15 01:26:41', NULL);
INSERT INTO public.syrios_aluno (id, matricula, school_id, nome_a, created_at, updated_at) VALUES (316, '2925608', 5, 'GUSTAVO DA SILVA DUARTE', '2025-10-15 01:26:41', NULL);
INSERT INTO public.syrios_aluno (id, matricula, school_id, nome_a, created_at, updated_at) VALUES (317, '2924048', 5, 'HYORRANA PINHEIRO DE LIMA', '2025-10-15 01:26:41', NULL);
INSERT INTO public.syrios_aluno (id, matricula, school_id, nome_a, created_at, updated_at) VALUES (318, '3206643', 5, 'ISAAC DE OLIVEIRA MARTINS', '2025-10-15 01:26:41', NULL);
INSERT INTO public.syrios_aluno (id, matricula, school_id, nome_a, created_at, updated_at) VALUES (319, '2262495', 5, 'ISMAEL FREITAS DE LIMA', '2025-10-15 01:26:41', NULL);
INSERT INTO public.syrios_aluno (id, matricula, school_id, nome_a, created_at, updated_at) VALUES (320, '2343645', 5, 'JOAO CARLOS ARAUJO NERI FELIPE', '2025-10-15 01:26:41', NULL);
INSERT INTO public.syrios_aluno (id, matricula, school_id, nome_a, created_at, updated_at) VALUES (321, '4945735', 5, 'JOAO PEDRO DA CUNHA TAVORA NASCIMENTO', '2025-10-15 01:26:41', NULL);
INSERT INTO public.syrios_aluno (id, matricula, school_id, nome_a, created_at, updated_at) VALUES (322, '3759786', 5, 'JOAO RICARDO CRUZ MENDES', '2025-10-15 01:26:41', NULL);
INSERT INTO public.syrios_aluno (id, matricula, school_id, nome_a, created_at, updated_at) VALUES (323, '2313378', 5, 'KAILANY DA SILVA DE SOUSA', '2025-10-15 01:26:41', NULL);
INSERT INTO public.syrios_aluno (id, matricula, school_id, nome_a, created_at, updated_at) VALUES (324, '2433539', 5, 'KAROLAINE FERREIRA LIMA', '2025-10-15 01:26:41', NULL);
INSERT INTO public.syrios_aluno (id, matricula, school_id, nome_a, created_at, updated_at) VALUES (325, '2242242', 5, 'KAUA FREITAS PEREIRA', '2025-10-15 01:26:41', NULL);
INSERT INTO public.syrios_aluno (id, matricula, school_id, nome_a, created_at, updated_at) VALUES (326, '3759856', 5, 'KEIVESON DE OLIVEIRA DA SILVA', '2025-10-15 01:26:41', NULL);
INSERT INTO public.syrios_aluno (id, matricula, school_id, nome_a, created_at, updated_at) VALUES (327, '3968512', 5, 'LAIS DE SOUSA RODRIGUES', '2025-10-15 01:26:41', NULL);
INSERT INTO public.syrios_aluno (id, matricula, school_id, nome_a, created_at, updated_at) VALUES (328, '3478672', 5, 'LARA EMILY DOS SANTOS RODRIGUES', '2025-10-15 01:26:41', NULL);
INSERT INTO public.syrios_aluno (id, matricula, school_id, nome_a, created_at, updated_at) VALUES (329, '3478456', 5, 'LUCAS DE LIMA DE FREITAS', '2025-10-15 01:26:41', NULL);
INSERT INTO public.syrios_aluno (id, matricula, school_id, nome_a, created_at, updated_at) VALUES (330, '3479762', 5, 'LUIS FERNANDO SILVA ROSARIO', '2025-10-15 01:26:41', NULL);
INSERT INTO public.syrios_aluno (id, matricula, school_id, nome_a, created_at, updated_at) VALUES (331, '2321248', 5, 'MARCELO VINICIUS DE OLIVEIRA ROCHA', '2025-10-15 01:26:41', NULL);
INSERT INTO public.syrios_aluno (id, matricula, school_id, nome_a, created_at, updated_at) VALUES (332, '2186955', 5, 'MARIA CLARA DA SILVA ESTEVAO', '2025-10-15 01:26:41', NULL);
INSERT INTO public.syrios_aluno (id, matricula, school_id, nome_a, created_at, updated_at) VALUES (333, '4691864', 5, 'MARIA FERNANDA DE SOUSA NOGUEIRA FERNANDES', '2025-10-15 01:26:41', NULL);
INSERT INTO public.syrios_aluno (id, matricula, school_id, nome_a, created_at, updated_at) VALUES (334, '2925464', 5, 'MARIANA ALENCAR LIMA', '2025-10-15 01:26:41', NULL);
INSERT INTO public.syrios_aluno (id, matricula, school_id, nome_a, created_at, updated_at) VALUES (335, '3828828', 5, 'PEDRO LUCAS LIMA MOURA DA SILVA', '2025-10-15 01:26:41', NULL);
INSERT INTO public.syrios_aluno (id, matricula, school_id, nome_a, created_at, updated_at) VALUES (336, '4213246', 5, 'ROMULO DE BRITO BERNARDO', '2025-10-15 01:26:41', NULL);
INSERT INTO public.syrios_aluno (id, matricula, school_id, nome_a, created_at, updated_at) VALUES (337, '2218265', 5, 'SAVIO SIMIAO DE SOUSA', '2025-10-15 01:26:41', NULL);
INSERT INTO public.syrios_aluno (id, matricula, school_id, nome_a, created_at, updated_at) VALUES (338, '2242139', 5, 'SUELLEN MELLO ARAUJO', '2025-10-15 01:26:41', NULL);
INSERT INTO public.syrios_aluno (id, matricula, school_id, nome_a, created_at, updated_at) VALUES (339, '1793771', 5, 'ANA BEATRIZ DE FREITAS SOUZA', '2025-10-15 01:26:41', NULL);
INSERT INTO public.syrios_aluno (id, matricula, school_id, nome_a, created_at, updated_at) VALUES (340, '2433954', 5, 'ANA GABRIELE ALVES PRUDENCIO', '2025-10-15 01:26:41', NULL);
INSERT INTO public.syrios_aluno (id, matricula, school_id, nome_a, created_at, updated_at) VALUES (341, '3489467', 5, 'ANTONIA LAYANNE MACIEL SERAFIM', '2025-10-15 01:26:41', NULL);
INSERT INTO public.syrios_aluno (id, matricula, school_id, nome_a, created_at, updated_at) VALUES (342, '3489422', 5, 'ANTONIA LUANA FERREIRA SILVA', '2025-10-15 01:26:41', NULL);
INSERT INTO public.syrios_aluno (id, matricula, school_id, nome_a, created_at, updated_at) VALUES (343, '2916965', 5, 'ANTONIO EDUARDO ARAUJO SOUZA', '2025-10-15 01:26:41', NULL);
INSERT INTO public.syrios_aluno (id, matricula, school_id, nome_a, created_at, updated_at) VALUES (344, '1597882', 5, 'ANTONIO ERISVALDO DE LIMA MARTINS', '2025-10-15 01:26:41', NULL);
INSERT INTO public.syrios_aluno (id, matricula, school_id, nome_a, created_at, updated_at) VALUES (345, '2290650', 5, 'BIANCA DE AGUIAR DE SOUZA', '2025-10-15 01:26:41', NULL);
INSERT INTO public.syrios_aluno (id, matricula, school_id, nome_a, created_at, updated_at) VALUES (346, '2913666', 5, 'CAUA ALVES FERREIRA', '2025-10-15 01:26:41', NULL);
INSERT INTO public.syrios_aluno (id, matricula, school_id, nome_a, created_at, updated_at) VALUES (347, '3534606', 5, 'CLARA XAVIER DO NASCIMENTO', '2025-10-15 01:26:41', NULL);
INSERT INTO public.syrios_aluno (id, matricula, school_id, nome_a, created_at, updated_at) VALUES (348, '3753172', 5, 'ELOA CRISTINY DE SOUZA LIMA', '2025-10-15 01:26:41', NULL);
INSERT INTO public.syrios_aluno (id, matricula, school_id, nome_a, created_at, updated_at) VALUES (349, '2574707', 5, 'FRANCISCA ALESSANDRA DA SILVA DE AMARAL', '2025-10-15 01:26:41', NULL);
INSERT INTO public.syrios_aluno (id, matricula, school_id, nome_a, created_at, updated_at) VALUES (350, '2208410', 5, 'FRANCISCA CARLIANE SOUZA SANTOS', '2025-10-15 01:26:41', NULL);
INSERT INTO public.syrios_aluno (id, matricula, school_id, nome_a, created_at, updated_at) VALUES (351, '2208429', 5, 'FRANCISCO MATEUS DE SOUSA SILVA', '2025-10-15 01:26:41', NULL);
INSERT INTO public.syrios_aluno (id, matricula, school_id, nome_a, created_at, updated_at) VALUES (352, '2312918', 5, 'IORANA PEREIRA DOS SANTOS', '2025-10-15 01:26:41', NULL);
INSERT INTO public.syrios_aluno (id, matricula, school_id, nome_a, created_at, updated_at) VALUES (353, '3490623', 5, 'JUVELINO BOMFIM DA COSTA OLIVEIRA', '2025-10-15 01:26:41', NULL);
INSERT INTO public.syrios_aluno (id, matricula, school_id, nome_a, created_at, updated_at) VALUES (354, '2196680', 5, 'KELVIN DE SOUZA LIMA', '2025-10-15 01:26:41', NULL);
INSERT INTO public.syrios_aluno (id, matricula, school_id, nome_a, created_at, updated_at) VALUES (355, '2185758', 5, 'LARA ALVES DA MATA', '2025-10-15 01:26:41', NULL);
INSERT INTO public.syrios_aluno (id, matricula, school_id, nome_a, created_at, updated_at) VALUES (356, '2186928', 5, 'MARIA CLARA DA SILVA DE OLIVEIRA', '2025-10-15 01:26:41', NULL);
INSERT INTO public.syrios_aluno (id, matricula, school_id, nome_a, created_at, updated_at) VALUES (357, '2579972', 5, 'NAGILA DA SILVA NASCIMENTO', '2025-10-15 01:26:41', NULL);
INSERT INTO public.syrios_aluno (id, matricula, school_id, nome_a, created_at, updated_at) VALUES (358, '2199211', 5, 'NIGIA EYSHILLA MARTINS LIMA', '2025-10-15 01:26:41', NULL);
INSERT INTO public.syrios_aluno (id, matricula, school_id, nome_a, created_at, updated_at) VALUES (359, '2145699', 5, 'PRISCILA CUNHA DE AQUINO', '2025-10-15 01:26:41', NULL);
INSERT INTO public.syrios_aluno (id, matricula, school_id, nome_a, created_at, updated_at) VALUES (360, '3221743', 5, 'RAIMUNDO NONATO DA SILVA TAVARES', '2025-10-15 01:26:41', NULL);
INSERT INTO public.syrios_aluno (id, matricula, school_id, nome_a, created_at, updated_at) VALUES (361, '3663006', 5, 'REGINA LARA FREITAS LOPES', '2025-10-15 01:26:41', NULL);
INSERT INTO public.syrios_aluno (id, matricula, school_id, nome_a, created_at, updated_at) VALUES (362, '3535429', 5, 'SARA XAVIER DO NASCIMENTO', '2025-10-15 01:26:41', NULL);
INSERT INTO public.syrios_aluno (id, matricula, school_id, nome_a, created_at, updated_at) VALUES (363, '3014678', 5, 'TELMA SILVA DE SOUZA', '2025-10-15 01:26:41', NULL);
INSERT INTO public.syrios_aluno (id, matricula, school_id, nome_a, created_at, updated_at) VALUES (364, '2157358', 5, 'VICTOR FERNANDES DO NASCIMENTO', '2025-10-15 01:26:41', NULL);
INSERT INTO public.syrios_aluno (id, matricula, school_id, nome_a, created_at, updated_at) VALUES (365, '2146087', 5, 'ANA LUIZA DE SOUZA SILVA', '2025-10-15 01:26:41', NULL);
INSERT INTO public.syrios_aluno (id, matricula, school_id, nome_a, created_at, updated_at) VALUES (366, '2252084', 5, 'ANSELMO ANDRADE DE ALMEIDA', '2025-10-15 01:26:41', NULL);
INSERT INTO public.syrios_aluno (id, matricula, school_id, nome_a, created_at, updated_at) VALUES (367, '2262473', 5, 'ANTONIO DAVI TAVORA GONCALVES', '2025-10-15 01:26:41', NULL);
INSERT INTO public.syrios_aluno (id, matricula, school_id, nome_a, created_at, updated_at) VALUES (368, '2238228', 5, 'ANTONIO FERNANDO DO NASCIMENTO LIMA', '2025-10-15 01:26:41', NULL);
INSERT INTO public.syrios_aluno (id, matricula, school_id, nome_a, created_at, updated_at) VALUES (369, '2923138', 5, 'ANTONIO HELBER DA SILVA ABREU', '2025-10-15 01:26:41', NULL);
INSERT INTO public.syrios_aluno (id, matricula, school_id, nome_a, created_at, updated_at) VALUES (370, '2566027', 5, 'BIANCA PEREIRA RODRIGUES DIAS', '2025-10-15 01:26:41', NULL);
INSERT INTO public.syrios_aluno (id, matricula, school_id, nome_a, created_at, updated_at) VALUES (371, '2900925', 5, 'DANILO DE SOUSA DE LIMA', '2025-10-15 01:26:41', NULL);
INSERT INTO public.syrios_aluno (id, matricula, school_id, nome_a, created_at, updated_at) VALUES (372, '2251885', 5, 'ERIC DO NASCIMENTO FREITAS', '2025-10-15 01:26:41', NULL);
INSERT INTO public.syrios_aluno (id, matricula, school_id, nome_a, created_at, updated_at) VALUES (373, '3747413', 5, 'ERYC DE LIMA CASTRO ALVES', '2025-10-15 01:26:41', NULL);
INSERT INTO public.syrios_aluno (id, matricula, school_id, nome_a, created_at, updated_at) VALUES (374, '2615108', 5, 'FRANCISCO ALUISIO CASTELO DOS SANTOS', '2025-10-15 01:26:41', NULL);
INSERT INTO public.syrios_aluno (id, matricula, school_id, nome_a, created_at, updated_at) VALUES (375, '2372423', 5, 'FRANCISCO KAYK MARTINS DA SILVA', '2025-10-15 01:26:41', NULL);
INSERT INTO public.syrios_aluno (id, matricula, school_id, nome_a, created_at, updated_at) VALUES (376, '3968539', 5, 'GEOVANA MARTINS ALVES', '2025-10-15 01:26:41', NULL);
INSERT INTO public.syrios_aluno (id, matricula, school_id, nome_a, created_at, updated_at) VALUES (377, '3205369', 5, 'GILVANILSON NUNES DE ARAUJO', '2025-10-15 01:26:41', NULL);
INSERT INTO public.syrios_aluno (id, matricula, school_id, nome_a, created_at, updated_at) VALUES (378, '2251770', 5, 'GLEICIANO DE FREITAS VIANA', '2025-10-15 01:26:41', NULL);
INSERT INTO public.syrios_aluno (id, matricula, school_id, nome_a, created_at, updated_at) VALUES (379, '2427183', 5, 'IONARY BRAGA DOS SANTOS LIMA', '2025-10-15 01:26:41', NULL);
INSERT INTO public.syrios_aluno (id, matricula, school_id, nome_a, created_at, updated_at) VALUES (380, '3861091', 5, 'JANIELE LIMA DO NASCIMENTO', '2025-10-15 01:26:41', NULL);
INSERT INTO public.syrios_aluno (id, matricula, school_id, nome_a, created_at, updated_at) VALUES (381, '5055493', 5, 'JOSE GUILHERME FACUNDES RODRIGUES', '2025-10-15 01:26:41', NULL);
INSERT INTO public.syrios_aluno (id, matricula, school_id, nome_a, created_at, updated_at) VALUES (382, '3483991', 5, 'JULIA DAVILA DE CASTRO VIANA', '2025-10-15 01:26:41', NULL);
INSERT INTO public.syrios_aluno (id, matricula, school_id, nome_a, created_at, updated_at) VALUES (383, '2439593', 5, 'LAURA ARAUJO XAVIER', '2025-10-15 01:26:41', NULL);
INSERT INTO public.syrios_aluno (id, matricula, school_id, nome_a, created_at, updated_at) VALUES (384, '2350374', 5, 'LUANA DE ARAUJO OLIVEIRA', '2025-10-15 01:26:41', NULL);
INSERT INTO public.syrios_aluno (id, matricula, school_id, nome_a, created_at, updated_at) VALUES (385, '2615319', 5, 'LUIS HENRIQUE DA SILVA NONATO', '2025-10-15 01:26:41', NULL);
INSERT INTO public.syrios_aluno (id, matricula, school_id, nome_a, created_at, updated_at) VALUES (386, '3743476', 5, 'MARCIO ANDRE RODRIGUES DA SILVA', '2025-10-15 01:26:41', NULL);
INSERT INTO public.syrios_aluno (id, matricula, school_id, nome_a, created_at, updated_at) VALUES (387, '2929256', 5, 'MARIA THAIRIS MOREIRA GOMES', '2025-10-15 01:26:41', NULL);
INSERT INTO public.syrios_aluno (id, matricula, school_id, nome_a, created_at, updated_at) VALUES (388, '2251419', 5, 'RIAN FREITAS COSTA', '2025-10-15 01:26:41', NULL);
INSERT INTO public.syrios_aluno (id, matricula, school_id, nome_a, created_at, updated_at) VALUES (389, '2373004', 5, 'RICHARLYSON SALES SILVA', '2025-10-15 01:26:41', NULL);
INSERT INTO public.syrios_aluno (id, matricula, school_id, nome_a, created_at, updated_at) VALUES (390, '3643453', 5, 'RUAN RODRIGUES DE ASSIS', '2025-10-15 01:26:41', NULL);
INSERT INTO public.syrios_aluno (id, matricula, school_id, nome_a, created_at, updated_at) VALUES (391, '1791263', 5, 'SAMARA DOS SANTOS DA SILVA', '2025-10-15 01:26:41', NULL);
INSERT INTO public.syrios_aluno (id, matricula, school_id, nome_a, created_at, updated_at) VALUES (392, '2262568', 5, 'TAINA DE FREITAS LIMA', '2025-10-15 01:26:41', NULL);
INSERT INTO public.syrios_aluno (id, matricula, school_id, nome_a, created_at, updated_at) VALUES (393, '2251326', 5, 'TALIA DO NASCIMENTO DA SILVA', '2025-10-15 01:26:41', NULL);
INSERT INTO public.syrios_aluno (id, matricula, school_id, nome_a, created_at, updated_at) VALUES (394, '2242158', 5, 'WERBSON VIANA MENDES', '2025-10-15 01:26:41', NULL);
INSERT INTO public.syrios_aluno (id, matricula, school_id, nome_a, created_at, updated_at) VALUES (395, '4526435', 5, 'ALICE MARIA DE FREITAS FREIRE', '2025-10-15 01:26:41', NULL);
INSERT INTO public.syrios_aluno (id, matricula, school_id, nome_a, created_at, updated_at) VALUES (396, '2900694', 5, 'ANDERSON DE LIMA DA SILVA', '2025-10-15 01:26:41', NULL);
INSERT INTO public.syrios_aluno (id, matricula, school_id, nome_a, created_at, updated_at) VALUES (397, '2547142', 5, 'ANTONIA GABRIELLE DA SILVA LOPES', '2025-10-15 01:26:41', NULL);
INSERT INTO public.syrios_aluno (id, matricula, school_id, nome_a, created_at, updated_at) VALUES (398, '3925911', 5, 'ANTONIA RAQUEL DA SILVA ALVES', '2025-10-15 01:26:41', NULL);
INSERT INTO public.syrios_aluno (id, matricula, school_id, nome_a, created_at, updated_at) VALUES (399, '2242185', 5, 'ANTONIO CAIQUE COSTA XAVIER', '2025-10-15 01:26:41', NULL);
INSERT INTO public.syrios_aluno (id, matricula, school_id, nome_a, created_at, updated_at) VALUES (400, '2238241', 5, 'CARLOS ANDRE DA SILVA ALCANTARA', '2025-10-15 01:26:41', NULL);
INSERT INTO public.syrios_aluno (id, matricula, school_id, nome_a, created_at, updated_at) VALUES (401, '2924634', 5, 'CARLOS VITOR DE OLIVEIRA FRANCA', '2025-10-15 01:26:41', NULL);
INSERT INTO public.syrios_aluno (id, matricula, school_id, nome_a, created_at, updated_at) VALUES (402, '2146119', 5, 'CAUANE DE LIMA BARROSO', '2025-10-15 01:26:41', NULL);
INSERT INTO public.syrios_aluno (id, matricula, school_id, nome_a, created_at, updated_at) VALUES (403, '2925401', 5, 'CHRISTIAN DA SILVA PINHEIRO', '2025-10-15 01:26:41', NULL);
INSERT INTO public.syrios_aluno (id, matricula, school_id, nome_a, created_at, updated_at) VALUES (404, '2424019', 5, 'CLARISSE SOUSA CARNEIRO', '2025-10-15 01:26:41', NULL);
INSERT INTO public.syrios_aluno (id, matricula, school_id, nome_a, created_at, updated_at) VALUES (405, '2926476', 5, 'DANIEL FERREIRA CAVALCANTE', '2025-10-15 01:26:41', NULL);
INSERT INTO public.syrios_aluno (id, matricula, school_id, nome_a, created_at, updated_at) VALUES (406, '3760637', 5, 'DARLISSON LIMA FERREIRA', '2025-10-15 01:26:41', NULL);
INSERT INTO public.syrios_aluno (id, matricula, school_id, nome_a, created_at, updated_at) VALUES (407, '2377604', 5, 'DAVI DE SOUSA DOS SANTOS', '2025-10-15 01:26:41', NULL);
INSERT INTO public.syrios_aluno (id, matricula, school_id, nome_a, created_at, updated_at) VALUES (408, '4184379', 5, 'DEYZ HANNEY HONORATO ESTEVAO SILVA', '2025-10-15 01:26:41', NULL);
INSERT INTO public.syrios_aluno (id, matricula, school_id, nome_a, created_at, updated_at) VALUES (409, '2926442', 5, 'ERIANY GOMES DA COSTA', '2025-10-15 01:26:41', NULL);
INSERT INTO public.syrios_aluno (id, matricula, school_id, nome_a, created_at, updated_at) VALUES (410, '2141377', 5, 'FRANCISCO GABRIEL COSTA TEIXEIRA', '2025-10-15 01:26:41', NULL);
INSERT INTO public.syrios_aluno (id, matricula, school_id, nome_a, created_at, updated_at) VALUES (411, '2351341', 5, 'FRANCISCO IURI NUNES DE ALMEIDA', '2025-10-15 01:26:41', NULL);
INSERT INTO public.syrios_aluno (id, matricula, school_id, nome_a, created_at, updated_at) VALUES (412, '2929160', 5, 'FRANCISCO TIAGO MACIEL CASTELO', '2025-10-15 01:26:41', NULL);
INSERT INTO public.syrios_aluno (id, matricula, school_id, nome_a, created_at, updated_at) VALUES (413, '2372603', 5, 'JOAO CARLOS LIMA ALMEIDA', '2025-10-15 01:26:41', NULL);
INSERT INTO public.syrios_aluno (id, matricula, school_id, nome_a, created_at, updated_at) VALUES (414, '2146143', 5, 'LARA LIMA RODRIGUES', '2025-10-15 01:26:41', NULL);
INSERT INTO public.syrios_aluno (id, matricula, school_id, nome_a, created_at, updated_at) VALUES (415, '2251584', 5, 'MANUELE BARBOSA VIANA', '2025-10-15 01:26:41', NULL);
INSERT INTO public.syrios_aluno (id, matricula, school_id, nome_a, created_at, updated_at) VALUES (416, '2929291', 5, 'MARIA THAMIRIS MOREIRA GOMES', '2025-10-15 01:26:41', NULL);
INSERT INTO public.syrios_aluno (id, matricula, school_id, nome_a, created_at, updated_at) VALUES (417, '3742246', 5, 'MIQUEIAS SOUZA CAVALCANTE', '2025-10-15 01:26:41', NULL);
INSERT INTO public.syrios_aluno (id, matricula, school_id, nome_a, created_at, updated_at) VALUES (418, '3240819', 5, 'MONIELE DE FREITAS DA COSTA', '2025-10-15 01:26:41', NULL);
INSERT INTO public.syrios_aluno (id, matricula, school_id, nome_a, created_at, updated_at) VALUES (419, '2251553', 5, 'MONIELE DE FREITAS DO NASCIMENTO', '2025-10-15 01:26:41', NULL);
INSERT INTO public.syrios_aluno (id, matricula, school_id, nome_a, created_at, updated_at) VALUES (420, '2925028', 5, 'RILARY FREITAS DA COSTA', '2025-10-15 01:26:41', NULL);
INSERT INTO public.syrios_aluno (id, matricula, school_id, nome_a, created_at, updated_at) VALUES (421, '2573083', 5, 'RYAN DE SOUZA ALBUQUERQUE', '2025-10-15 01:26:41', NULL);
INSERT INTO public.syrios_aluno (id, matricula, school_id, nome_a, created_at, updated_at) VALUES (422, '2433856', 5, 'SAMUEL LIMA DE FREITAS', '2025-10-15 01:26:41', NULL);
INSERT INTO public.syrios_aluno (id, matricula, school_id, nome_a, created_at, updated_at) VALUES (423, '2362158', 5, 'ALISON NASCIMENTO DOS SANTOS', '2025-10-15 01:26:41', NULL);
INSERT INTO public.syrios_aluno (id, matricula, school_id, nome_a, created_at, updated_at) VALUES (424, '2187913', 5, 'ANTONIA DANIELE TELES LIMA', '2025-10-15 01:26:41', NULL);
INSERT INTO public.syrios_aluno (id, matricula, school_id, nome_a, created_at, updated_at) VALUES (425, '2433036', 5, 'ANTONIO CARLOS TEIXEIRA COSTA', '2025-10-15 01:26:41', NULL);
INSERT INTO public.syrios_aluno (id, matricula, school_id, nome_a, created_at, updated_at) VALUES (426, '2439410', 5, 'ANTONIO VITOR FERREIRA DE SOUSA', '2025-10-15 01:26:41', NULL);
INSERT INTO public.syrios_aluno (id, matricula, school_id, nome_a, created_at, updated_at) VALUES (427, '2377567', 5, 'CARLOS ANDRE DE SOUZA VIEIRA', '2025-10-15 01:26:41', NULL);
INSERT INTO public.syrios_aluno (id, matricula, school_id, nome_a, created_at, updated_at) VALUES (428, '5057052', 5, 'CICERO MARTINS DE LIMA NETO', '2025-10-15 01:26:41', NULL);
INSERT INTO public.syrios_aluno (id, matricula, school_id, nome_a, created_at, updated_at) VALUES (429, '2930120', 5, 'CLEBSON FERREIRA DE CASTRO', '2025-10-15 01:26:41', NULL);
INSERT INTO public.syrios_aluno (id, matricula, school_id, nome_a, created_at, updated_at) VALUES (430, '2208370', 5, 'EDINA DA SILVA DE FREITAS', '2025-10-15 01:26:41', NULL);
INSERT INTO public.syrios_aluno (id, matricula, school_id, nome_a, created_at, updated_at) VALUES (431, '2218218', 5, 'FERNANDO SOUZA DA SILVA', '2025-10-15 01:26:41', NULL);
INSERT INTO public.syrios_aluno (id, matricula, school_id, nome_a, created_at, updated_at) VALUES (432, '2141099', 5, 'FRANCIKELLY ARAUJO NERI FELIPE', '2025-10-15 01:26:41', NULL);
INSERT INTO public.syrios_aluno (id, matricula, school_id, nome_a, created_at, updated_at) VALUES (433, '2901376', 5, 'FRANCISCO GABRIEL DE CASTRO SALVINO', '2025-10-15 01:26:41', NULL);
INSERT INTO public.syrios_aluno (id, matricula, school_id, nome_a, created_at, updated_at) VALUES (434, '2615438', 5, 'FRANCISCO VALDEVAN MIRANDA DE OLIVEIRA', '2025-10-15 01:26:41', NULL);
INSERT INTO public.syrios_aluno (id, matricula, school_id, nome_a, created_at, updated_at) VALUES (435, '2926282', 5, 'JOAO VITOR NOGUEIRA LOPES', '2025-10-15 01:26:41', NULL);
INSERT INTO public.syrios_aluno (id, matricula, school_id, nome_a, created_at, updated_at) VALUES (436, '2708368', 5, 'JOEL HENRIQUE COSTA DE LIMA', '2025-10-15 01:26:41', NULL);
INSERT INTO public.syrios_aluno (id, matricula, school_id, nome_a, created_at, updated_at) VALUES (437, '2433604', 5, 'KAIANY YNGRIDE VINHAS DA SILVA', '2025-10-15 01:26:41', NULL);
INSERT INTO public.syrios_aluno (id, matricula, school_id, nome_a, created_at, updated_at) VALUES (438, '3187463', 5, 'LEANDRO DOS SANTOS DA SILVA', '2025-10-15 01:26:41', NULL);
INSERT INTO public.syrios_aluno (id, matricula, school_id, nome_a, created_at, updated_at) VALUES (439, '2615291', 5, 'LUAN FERNANDES VIEIRA', '2025-10-15 01:26:41', NULL);
INSERT INTO public.syrios_aluno (id, matricula, school_id, nome_a, created_at, updated_at) VALUES (440, '2432116', 5, 'MARIA CLARA DE FREITAS COSTA', '2025-10-15 01:26:41', NULL);
INSERT INTO public.syrios_aluno (id, matricula, school_id, nome_a, created_at, updated_at) VALUES (441, '2924787', 5, 'MARIA ELAINE NOGUEIRA PEREIRA', '2025-10-15 01:26:41', NULL);
INSERT INTO public.syrios_aluno (id, matricula, school_id, nome_a, created_at, updated_at) VALUES (442, '2929475', 5, 'MARIA LARISSE LIMA DA SILVA', '2025-10-15 01:26:41', NULL);
INSERT INTO public.syrios_aluno (id, matricula, school_id, nome_a, created_at, updated_at) VALUES (443, '2923037', 5, 'MARIA ROZANA MENEZES ALBUQUERQUE', '2025-10-15 01:26:41', NULL);
INSERT INTO public.syrios_aluno (id, matricula, school_id, nome_a, created_at, updated_at) VALUES (444, '2290945', 5, 'MICHAEL ARAUJO SANTANA', '2025-10-15 01:26:41', NULL);
INSERT INTO public.syrios_aluno (id, matricula, school_id, nome_a, created_at, updated_at) VALUES (445, '3187484', 5, 'MICHELE SILVA DOS SANTOS', '2025-10-15 01:26:41', NULL);
INSERT INTO public.syrios_aluno (id, matricula, school_id, nome_a, created_at, updated_at) VALUES (446, '3764242', 5, 'PEDRO HENRIQUE OLIVEIRA ANJO', '2025-10-15 01:26:41', NULL);
INSERT INTO public.syrios_aluno (id, matricula, school_id, nome_a, created_at, updated_at) VALUES (447, '4263194', 5, 'RYAN ALVES DA SILVA', '2025-10-15 01:26:41', NULL);
INSERT INTO public.syrios_aluno (id, matricula, school_id, nome_a, created_at, updated_at) VALUES (448, '2432052', 5, 'SORAIA PINHEIRO ROMANO DOS REIS', '2025-10-15 01:26:41', NULL);
INSERT INTO public.syrios_aluno (id, matricula, school_id, nome_a, created_at, updated_at) VALUES (449, '2208277', 5, 'ANA CECILIA DOS SANTOS DA SILVA', '2025-10-15 01:26:41', NULL);
INSERT INTO public.syrios_aluno (id, matricula, school_id, nome_a, created_at, updated_at) VALUES (450, '2372217', 5, 'ANA LUIZA BONIFACIO DA SILVA', '2025-10-15 01:26:41', NULL);
INSERT INTO public.syrios_aluno (id, matricula, school_id, nome_a, created_at, updated_at) VALUES (451, '4681782', 5, 'ANTONIO HYAGO DA COSTA GOMES', '2025-10-15 01:26:41', NULL);
INSERT INTO public.syrios_aluno (id, matricula, school_id, nome_a, created_at, updated_at) VALUES (452, '2146113', 5, 'ANTONIO KAUAN RODRIGUES DE OLIVEIRA', '2025-10-15 01:26:41', NULL);
INSERT INTO public.syrios_aluno (id, matricula, school_id, nome_a, created_at, updated_at) VALUES (453, '2146102', 5, 'ANTONIO LEANDRO DA SILVA COELHO', '2025-10-15 01:26:41', NULL);
INSERT INTO public.syrios_aluno (id, matricula, school_id, nome_a, created_at, updated_at) VALUES (454, '2372254', 5, 'ANTONIO LIMA DO NASCIMENTO FILHO', '2025-10-15 01:26:41', NULL);
INSERT INTO public.syrios_aluno (id, matricula, school_id, nome_a, created_at, updated_at) VALUES (455, '3224004', 5, 'ANTONIO THIAGO DOS SANTOS SILVA', '2025-10-15 01:26:41', NULL);
INSERT INTO public.syrios_aluno (id, matricula, school_id, nome_a, created_at, updated_at) VALUES (456, '2722757', 5, 'BEATRIZ DE LIMA JUSTINO', '2025-10-15 01:26:41', NULL);
INSERT INTO public.syrios_aluno (id, matricula, school_id, nome_a, created_at, updated_at) VALUES (457, '2252029', 5, 'CARLOS DANIEL BARBOSA DE ARAUJO', '2025-10-15 01:26:41', NULL);
INSERT INTO public.syrios_aluno (id, matricula, school_id, nome_a, created_at, updated_at) VALUES (458, '2916956', 5, 'EVELYN LAVINY RODRIGUES MARTINS', '2025-10-15 01:26:41', NULL);
INSERT INTO public.syrios_aluno (id, matricula, school_id, nome_a, created_at, updated_at) VALUES (459, '2433391', 5, 'FRANCIFILHO MENDES LIMA', '2025-10-15 01:26:41', NULL);
INSERT INTO public.syrios_aluno (id, matricula, school_id, nome_a, created_at, updated_at) VALUES (460, '1693855', 5, 'FRANCISCA JOSIANE PEREIRA NUNES DA SILVA', '2025-10-15 01:26:41', NULL);
INSERT INTO public.syrios_aluno (id, matricula, school_id, nome_a, created_at, updated_at) VALUES (461, '5055374', 5, 'FRANCISCO DAVID DE SOUZA SOBRINHO', '2025-10-15 01:26:41', NULL);
INSERT INTO public.syrios_aluno (id, matricula, school_id, nome_a, created_at, updated_at) VALUES (462, '2929905', 5, 'FRANCISCO EMANOEL GONCALVES DA SILVA', '2025-10-15 01:26:41', NULL);
INSERT INTO public.syrios_aluno (id, matricula, school_id, nome_a, created_at, updated_at) VALUES (463, '2903371', 5, 'FRANCISCO GABRIEL BRITO DA SILVA', '2025-10-15 01:26:41', NULL);
INSERT INTO public.syrios_aluno (id, matricula, school_id, nome_a, created_at, updated_at) VALUES (464, '2378684', 5, 'FRANCISCO WELLINGSON LIRA ALVES', '2025-10-15 01:26:41', NULL);
INSERT INTO public.syrios_aluno (id, matricula, school_id, nome_a, created_at, updated_at) VALUES (465, '3225416', 5, 'GILCLECIO SIMAO RODRIGUES JUNIOR', '2025-10-15 01:26:41', NULL);
INSERT INTO public.syrios_aluno (id, matricula, school_id, nome_a, created_at, updated_at) VALUES (466, '2615166', 5, 'GUILHERME PEREIRA BRITO', '2025-10-15 01:26:41', NULL);
INSERT INTO public.syrios_aluno (id, matricula, school_id, nome_a, created_at, updated_at) VALUES (467, '5083728', 5, 'IAGO BRUNO OLIVEIRA FRANCELINO', '2025-10-15 01:26:41', NULL);
INSERT INTO public.syrios_aluno (id, matricula, school_id, nome_a, created_at, updated_at) VALUES (468, '2433453', 5, 'JARMENSON RODRIGUES SARAIVA', '2025-10-15 01:26:41', NULL);
INSERT INTO public.syrios_aluno (id, matricula, school_id, nome_a, created_at, updated_at) VALUES (469, '5092646', 5, 'JOAO BARBOSA COSTA', '2025-10-15 01:26:41', NULL);
INSERT INTO public.syrios_aluno (id, matricula, school_id, nome_a, created_at, updated_at) VALUES (470, '2121716', 5, 'JOAO VITOR ALVES NOGUEIRA', '2025-10-15 01:26:41', NULL);
INSERT INTO public.syrios_aluno (id, matricula, school_id, nome_a, created_at, updated_at) VALUES (471, '2828000', 5, 'KARLA SYLMARA BRAZ DA SILVA', '2025-10-15 01:26:41', NULL);
INSERT INTO public.syrios_aluno (id, matricula, school_id, nome_a, created_at, updated_at) VALUES (472, '3742395', 5, 'LAURA FERREIRA VICTOR', '2025-10-15 01:26:41', NULL);
INSERT INTO public.syrios_aluno (id, matricula, school_id, nome_a, created_at, updated_at) VALUES (473, '2925331', 5, 'MARIA EDUARDA DOS SANTOS BARBOSA', '2025-10-15 01:26:41', NULL);
INSERT INTO public.syrios_aluno (id, matricula, school_id, nome_a, created_at, updated_at) VALUES (474, '2432250', 5, 'MARIA EDYMARA DE OLIVEIRA PINHEIRO', '2025-10-15 01:26:41', NULL);
INSERT INTO public.syrios_aluno (id, matricula, school_id, nome_a, created_at, updated_at) VALUES (475, '2231191', 5, 'MARIA ELICE MIRANDA DA SILVA', '2025-10-15 01:26:41', NULL);
INSERT INTO public.syrios_aluno (id, matricula, school_id, nome_a, created_at, updated_at) VALUES (476, '1827655', 5, 'MARIA FABIANA FREITAS DE SOUZA', '2025-10-15 01:26:41', NULL);
INSERT INTO public.syrios_aluno (id, matricula, school_id, nome_a, created_at, updated_at) VALUES (477, '1818809', 5, 'MARIA PAOLA FERREIRA LOPES', '2025-10-15 01:26:41', NULL);
INSERT INTO public.syrios_aluno (id, matricula, school_id, nome_a, created_at, updated_at) VALUES (478, '3203365', 5, 'MONIKY ELLEN BEZERRA LIMA', '2025-10-15 01:26:41', NULL);
INSERT INTO public.syrios_aluno (id, matricula, school_id, nome_a, created_at, updated_at) VALUES (479, '1997960', 5, 'THAISNARA DA SILVA DE ARAUJO', '2025-10-15 01:26:41', NULL);
INSERT INTO public.syrios_aluno (id, matricula, school_id, nome_a, created_at, updated_at) VALUES (480, '2428134', 5, 'THOMAS DA SILVA AQUINO', '2025-10-15 01:26:41', NULL);
INSERT INTO public.syrios_aluno (id, matricula, school_id, nome_a, created_at, updated_at) VALUES (481, '2262576', 5, 'VICTOR EMANUEL DE ABREU SANTOS', '2025-10-15 01:26:41', NULL);
INSERT INTO public.syrios_aluno (id, matricula, school_id, nome_a, created_at, updated_at) VALUES (482, '2146190', 5, 'VINICIU DA SILVA NOGUEIRA', '2025-10-15 01:26:41', NULL);
INSERT INTO public.syrios_aluno (id, matricula, school_id, nome_a, created_at, updated_at) VALUES (483, '2251299', 5, 'VITORIA FREITAS PEREIRA', '2025-10-15 01:26:41', NULL);
INSERT INTO public.syrios_aluno (id, matricula, school_id, nome_a, created_at, updated_at) VALUES (484, '2218275', 5, 'WESLEY DA SILVA DE BRITO DOS SANTOS', '2025-10-15 01:26:41', NULL);
INSERT INTO public.syrios_aluno (id, matricula, school_id, nome_a, created_at, updated_at) VALUES (485, '5057133', 5, 'ADRIANO FEITOSA NATIVIDADE', '2025-10-15 01:26:41', NULL);
INSERT INTO public.syrios_aluno (id, matricula, school_id, nome_a, created_at, updated_at) VALUES (486, '2208313', 5, 'ANTONIO ERIK SILVA DOS SANTOS', '2025-10-15 01:26:41', NULL);
INSERT INTO public.syrios_aluno (id, matricula, school_id, nome_a, created_at, updated_at) VALUES (487, '5056977', 5, 'APARECIDA JADDY ALVES OLIVEIRA', '2025-10-15 01:26:41', NULL);
INSERT INTO public.syrios_aluno (id, matricula, school_id, nome_a, created_at, updated_at) VALUES (488, '4385024', 5, 'DEVID DA SILVA RODRIGUES', '2025-10-15 01:26:41', NULL);
INSERT INTO public.syrios_aluno (id, matricula, school_id, nome_a, created_at, updated_at) VALUES (489, '2115992', 5, 'ERIK DA COSTA PONTES', '2025-10-15 01:26:41', NULL);
INSERT INTO public.syrios_aluno (id, matricula, school_id, nome_a, created_at, updated_at) VALUES (490, '4862063', 5, 'EVELYNE DOS SANTOS MATOS', '2025-10-15 01:26:41', NULL);
INSERT INTO public.syrios_aluno (id, matricula, school_id, nome_a, created_at, updated_at) VALUES (491, '2372311', 5, 'FRANCISCA LEIDIANI ALVES SOARES', '2025-10-15 01:26:41', NULL);
INSERT INTO public.syrios_aluno (id, matricula, school_id, nome_a, created_at, updated_at) VALUES (492, '4464201', 5, 'FRANCISCO CAMILO ARAUJO PEREIRA', '2025-10-15 01:26:41', NULL);
INSERT INTO public.syrios_aluno (id, matricula, school_id, nome_a, created_at, updated_at) VALUES (493, '4218812', 5, 'FRANCISCO LIEDSON OLIVEIRA SILVA', '2025-10-15 01:26:41', NULL);
INSERT INTO public.syrios_aluno (id, matricula, school_id, nome_a, created_at, updated_at) VALUES (494, '2722887', 5, 'GABRIELE DA SILVA DOS SANTOS', '2025-10-15 01:26:41', NULL);
INSERT INTO public.syrios_aluno (id, matricula, school_id, nome_a, created_at, updated_at) VALUES (495, '2249968', 5, 'IANA BATISTA PINHEIRO', '2025-10-15 01:26:41', NULL);
INSERT INTO public.syrios_aluno (id, matricula, school_id, nome_a, created_at, updated_at) VALUES (496, '2566768', 5, 'JOICE DA SILVA PEREIRA', '2025-10-15 01:26:41', NULL);
INSERT INTO public.syrios_aluno (id, matricula, school_id, nome_a, created_at, updated_at) VALUES (497, '2566855', 5, 'JOSE ERASMO CASTRO ALVES JUNIOR', '2025-10-15 01:26:41', NULL);
INSERT INTO public.syrios_aluno (id, matricula, school_id, nome_a, created_at, updated_at) VALUES (498, '2188230', 5, 'JOZILENE SOUSA GOMES', '2025-10-15 01:26:41', NULL);
INSERT INTO public.syrios_aluno (id, matricula, school_id, nome_a, created_at, updated_at) VALUES (499, '2615242', 5, 'LEYLANE QUEIROZ SABINO', '2025-10-15 01:26:41', NULL);
INSERT INTO public.syrios_aluno (id, matricula, school_id, nome_a, created_at, updated_at) VALUES (500, '2007210', 5, 'LUZIMARA LIMA ALVES', '2025-10-15 01:26:41', NULL);
INSERT INTO public.syrios_aluno (id, matricula, school_id, nome_a, created_at, updated_at) VALUES (501, '2572301', 5, 'MARIA CHARLYANE DE ALMEIDA PAIVA', '2025-10-15 01:26:41', NULL);
INSERT INTO public.syrios_aluno (id, matricula, school_id, nome_a, created_at, updated_at) VALUES (502, '3475206', 5, 'MARIA JULIA PEREIRA DA SILVA', '2025-10-15 01:26:41', NULL);
INSERT INTO public.syrios_aluno (id, matricula, school_id, nome_a, created_at, updated_at) VALUES (503, '841566', 5, 'PAULA GONCALVES DA SILVA RODRIGUES', '2025-10-15 01:26:41', NULL);
INSERT INTO public.syrios_aluno (id, matricula, school_id, nome_a, created_at, updated_at) VALUES (504, '2455868', 5, 'PAULO HENRIQUE DA SILVA TRINDADE', '2025-10-15 01:26:41', NULL);
INSERT INTO public.syrios_aluno (id, matricula, school_id, nome_a, created_at, updated_at) VALUES (505, '2251370', 5, 'ROBERIO BATISTA DA COSTA', '2025-10-15 01:26:41', NULL);
INSERT INTO public.syrios_aluno (id, matricula, school_id, nome_a, created_at, updated_at) VALUES (506, '4947787', 5, 'SILIANE DE SOUSA DIAS', '2025-10-15 01:26:41', NULL);
INSERT INTO public.syrios_aluno (id, matricula, school_id, nome_a, created_at, updated_at) VALUES (507, '2201575', 5, 'THAYNA DE ALMEIDA PAIVA', '2025-10-15 01:26:41', NULL);
INSERT INTO public.syrios_aluno (id, matricula, school_id, nome_a, created_at, updated_at) VALUES (508, '2615375', 5, 'VITORIA BARROS LIMA', '2025-10-15 01:26:41', NULL);
INSERT INTO public.syrios_aluno (id, matricula, school_id, nome_a, created_at, updated_at) VALUES (509, '2375479', 5, 'VANDERSON DOS SANTOS SILVA', '2025-10-15 01:26:41', NULL);
INSERT INTO public.syrios_aluno (id, matricula, school_id, nome_a, created_at, updated_at) VALUES (510, '2332761', 5, 'ANTONIO RYCHARD PEREIRA BRAZ', '2025-10-15 01:26:41', NULL);
INSERT INTO public.syrios_aluno (id, matricula, school_id, nome_a, created_at, updated_at) VALUES (511, '2199277', 5, 'CAROL DE SOUZA LIMA', '2025-10-15 01:26:41', NULL);
INSERT INTO public.syrios_aluno (id, matricula, school_id, nome_a, created_at, updated_at) VALUES (512, '2372364', 5, 'FRANCISCO DANILO DA COSTA LUDOVINO', '2025-10-15 01:26:41', NULL);
INSERT INTO public.syrios_aluno (id, matricula, school_id, nome_a, created_at, updated_at) VALUES (513, '3490090', 5, 'JONAS PENHA LAURENTINO', '2025-10-15 01:26:41', NULL);
INSERT INTO public.syrios_aluno (id, matricula, school_id, nome_a, created_at, updated_at) VALUES (514, '2512845', 5, 'JOSUE DE AQUINO DE LIMA', '2025-10-15 01:26:41', NULL);
INSERT INTO public.syrios_aluno (id, matricula, school_id, nome_a, created_at, updated_at) VALUES (515, '4412000', 5, 'KAILLANY VITORIA DE SOUSA SANTOS', '2025-10-15 01:26:41', NULL);
INSERT INTO public.syrios_aluno (id, matricula, school_id, nome_a, created_at, updated_at) VALUES (516, '2434146', 5, 'MARIA EDUARDA DE OLIVEIRA', '2025-10-15 01:26:41', NULL);
INSERT INTO public.syrios_aluno (id, matricula, school_id, nome_a, created_at, updated_at) VALUES (517, '3485803', 5, 'WYTHALLU KERLLYSON DO NASCIMENTO DA SILVA', '2025-10-15 01:26:41', NULL);
INSERT INTO public.syrios_aluno (id, matricula, school_id, nome_a, created_at, updated_at) VALUES (518, '2615036', 5, 'ERILANIA DUARTE DE SOUZA', '2025-10-15 01:26:41', NULL);
INSERT INTO public.syrios_aluno (id, matricula, school_id, nome_a, created_at, updated_at) VALUES (519, '2373217', 5, 'EVELIN LAVINYA ALVES DA SILVA', '2025-10-15 01:26:41', NULL);
INSERT INTO public.syrios_aluno (id, matricula, school_id, nome_a, created_at, updated_at) VALUES (520, '3189009', 5, 'FRANCISCO LEONARDO ARARUNA DA SILVA', '2025-10-15 01:26:41', NULL);
INSERT INTO public.syrios_aluno (id, matricula, school_id, nome_a, created_at, updated_at) VALUES (521, '2208464', 5, 'FRANCISCO SAMUEL LIMA SOUSA', '2025-10-15 01:26:41', NULL);
INSERT INTO public.syrios_aluno (id, matricula, school_id, nome_a, created_at, updated_at) VALUES (522, '2208582', 5, 'MICAELE DE SOUZA DA SILVA', '2025-10-15 01:26:41', NULL);
INSERT INTO public.syrios_aluno (id, matricula, school_id, nome_a, created_at, updated_at) VALUES (523, '3759405', 5, 'RICARDO JORGE ESTEVES BARROS JUNIOR', '2025-10-15 01:26:41', NULL);
INSERT INTO public.syrios_aluno (id, matricula, school_id, nome_a, created_at, updated_at) VALUES (524, '2926242', 5, 'LUCAS DOS SANTOS FREITAS', '2025-10-15 01:26:41', NULL);
INSERT INTO public.syrios_aluno (id, matricula, school_id, nome_a, created_at, updated_at) VALUES (525, '2929356', 5, 'NATANAEL GONCALVES MACEDO', '2025-10-15 01:26:41', NULL);
INSERT INTO public.syrios_aluno (id, matricula, school_id, nome_a, created_at, updated_at) VALUES (526, '2282210', 5, 'RIAN ARAUJO DA SILVA', '2025-10-15 01:26:41', NULL);
INSERT INTO public.syrios_aluno (id, matricula, school_id, nome_a, created_at, updated_at) VALUES (527, '3485786', 5, 'WYNDSY MARA NASCIMENTO DA SILVA DUARTE', '2025-10-15 01:26:41', NULL);
INSERT INTO public.syrios_aluno (id, matricula, school_id, nome_a, created_at, updated_at) VALUES (528, '2926501', 5, 'DOUGLAS DE HOLANDA SARAIVA', '2025-10-15 01:26:41', NULL);
INSERT INTO public.syrios_aluno (id, matricula, school_id, nome_a, created_at, updated_at) VALUES (529, '3220063', 5, 'SABRINA RODRIGUES DA COSTA', '2025-10-15 01:26:41', NULL);
INSERT INTO public.syrios_aluno (id, matricula, school_id, nome_a, created_at, updated_at) VALUES (530, '2187094', 5, 'MARIANE DE OLIVEIRA SOARES', '2025-10-15 01:26:41', NULL);
INSERT INTO public.syrios_aluno (id, matricula, school_id, nome_a, created_at, updated_at) VALUES (531, '3742212', 5, 'GABRIEL TRINDADE RIBEIRO', '2025-10-15 01:26:41', NULL);
INSERT INTO public.syrios_aluno (id, matricula, school_id, nome_a, created_at, updated_at) VALUES (532, '2144951', 5, 'FRANCISCO VINICIUS MOTA DA SILVA', '2025-10-15 01:26:41', NULL);
INSERT INTO public.syrios_aluno (id, matricula, school_id, nome_a, created_at, updated_at) VALUES (533, '2432918', 5, 'SAMUEL SALES ESTEVAO', '2025-10-15 01:26:41', NULL);
INSERT INTO public.syrios_aluno (id, matricula, school_id, nome_a, created_at, updated_at) VALUES (534, '4692982', 5, 'CAUAN DE ALMEIDA AGOSTINHO SOUZA', '2025-10-15 01:26:41', NULL);
INSERT INTO public.syrios_aluno (id, matricula, school_id, nome_a, created_at, updated_at) VALUES (535, '5250902', 5, 'LUIS KALEB SILVA FERREIRA', '2025-10-15 01:26:41', NULL);
INSERT INTO public.syrios_aluno (id, matricula, school_id, nome_a, created_at, updated_at) VALUES (536, '5061626', 5, 'FRANCISCO DAVI FERREIRA MENDES', '2025-10-15 01:26:41', NULL);
INSERT INTO public.syrios_aluno (id, matricula, school_id, nome_a, created_at, updated_at) VALUES (537, '2566645', 5, 'ERICA MARIA RODRIGUES DA SILVA', '2025-10-15 01:26:41', NULL);
INSERT INTO public.syrios_aluno (id, matricula, school_id, nome_a, created_at, updated_at) VALUES (538, '5421314', 5, 'FRANCISCA YASMIM QUEIROZ VIEIRA', '2025-10-15 01:26:41', NULL);
INSERT INTO public.syrios_aluno (id, matricula, school_id, nome_a, created_at, updated_at) VALUES (539, '2516124', 5, 'LIVIA DE SOUSA ANASTACIO', '2025-10-15 01:26:41', NULL);
INSERT INTO public.syrios_aluno (id, matricula, school_id, nome_a, created_at, updated_at) VALUES (540, '2927208', 5, 'LEONARDO GEREMIAS MOREIRA LOPES', '2025-10-15 01:26:41', NULL);
INSERT INTO public.syrios_aluno (id, matricula, school_id, nome_a, created_at, updated_at) VALUES (541, '1947661', 5, 'LIVYA SANNY DA SILVA MAGALHAES', '2025-10-15 01:26:41', NULL);
INSERT INTO public.syrios_aluno (id, matricula, school_id, nome_a, created_at, updated_at) VALUES (542, '4078515', 5, 'KEVILA VITORIA ALVES RODRIGUES DE SOUZA', '2025-10-15 01:26:41', NULL);
INSERT INTO public.syrios_aluno (id, matricula, school_id, nome_a, created_at, updated_at) VALUES (543, '2434056', 5, 'ANA LIVIA RODRIGUES DE OLIVEIRA', '2025-10-15 01:26:41', NULL);
INSERT INTO public.syrios_aluno (id, matricula, school_id, nome_a, created_at, updated_at) VALUES (544, '2573477', 5, 'MARIA FERNANDA QUEIROZ DA SILVA', '2025-10-15 01:26:41', NULL);
INSERT INTO public.syrios_aluno (id, matricula, school_id, nome_a, created_at, updated_at) VALUES (545, '2332986', 5, 'ANTONIO TIMOTEO SILVA DOS SANTOS', '2025-10-15 01:26:41', NULL);
INSERT INTO public.syrios_aluno (id, matricula, school_id, nome_a, created_at, updated_at) VALUES (546, '2232297', 5, 'FRANCISCO MARTINS DE LIMA FILHO', '2025-10-15 01:26:41', NULL);
INSERT INTO public.syrios_aluno (id, matricula, school_id, nome_a, created_at, updated_at) VALUES (547, '5071124', 5, 'JOAO GABRIEL SILVA SAMPAIO', '2025-10-15 01:26:41', NULL);
INSERT INTO public.syrios_aluno (id, matricula, school_id, nome_a, created_at, updated_at) VALUES (548, '3629760', 5, 'MARCOS ANTONIO DA SILVA DOS SANTOS', '2025-10-15 01:26:41', NULL);
INSERT INTO public.syrios_aluno (id, matricula, school_id, nome_a, created_at, updated_at) VALUES (549, '3475155', 5, 'MARIA CLARA NOGUEIRA DA SILVA', '2025-10-15 01:26:41', NULL);
INSERT INTO public.syrios_aluno (id, matricula, school_id, nome_a, created_at, updated_at) VALUES (550, '4464191', 5, 'TARCIANE COLARES SALES', '2025-10-15 01:26:41', NULL);
INSERT INTO public.syrios_aluno (id, matricula, school_id, nome_a, created_at, updated_at) VALUES (551, '3014699', 5, 'FRANCISCO VITOR DOS SANTOS DE OLIVEIRA', '2025-10-15 01:26:41', NULL);
INSERT INTO public.syrios_aluno (id, matricula, school_id, nome_a, created_at, updated_at) VALUES (552, '5420736', 5, 'JUANEY RAFAEL DE SOUZA ROQUE', '2025-10-15 01:26:41', NULL);
INSERT INTO public.syrios_aluno (id, matricula, school_id, nome_a, created_at, updated_at) VALUES (553, '5426098', 5, 'RYAN KEVEN MENDES BATISTA', '2025-10-15 01:26:41', NULL);
INSERT INTO public.syrios_aluno (id, matricula, school_id, nome_a, created_at, updated_at) VALUES (554, '5434323', 5, 'ANDRESSA MATOS DA SILVA', '2025-10-15 01:26:41', NULL);
INSERT INTO public.syrios_aluno (id, matricula, school_id, nome_a, created_at, updated_at) VALUES (555, '3482185', 5, 'PEDRO HENRIQUE FERREIRA FRANCELINO', '2025-10-15 01:26:41', NULL);
INSERT INTO public.syrios_aluno (id, matricula, school_id, nome_a, created_at, updated_at) VALUES (556, '2208357', 5, 'CARLOS ALEXANDRE ALVES BRITO', '2025-10-15 01:26:41', NULL);
INSERT INTO public.syrios_aluno (id, matricula, school_id, nome_a, created_at, updated_at) VALUES (557, '2150363', 5, 'VANIQUEL ALCANTARA LIMA', '2025-10-15 01:26:41', NULL);
INSERT INTO public.syrios_aluno (id, matricula, school_id, nome_a, created_at, updated_at) VALUES (558, '1234', 5, 'novo aluno', '2025-10-15 15:11:09', '2025-10-15 15:11:09');
INSERT INTO public.syrios_aluno (id, matricula, school_id, nome_a, created_at, updated_at) VALUES (559, '12345', 5, 'sem turma', '2025-10-15 15:12:48', '2025-10-15 15:12:48');
INSERT INTO public.syrios_aluno (id, matricula, school_id, nome_a, created_at, updated_at) VALUES (560, '12346', 5, 'Novo aluno', '2025-10-15 15:38:55', '2025-10-15 15:38:55');
INSERT INTO public.syrios_aluno (id, matricula, school_id, nome_a, created_at, updated_at) VALUES (561, '12347', 6, 'Novo aluno Fmota', '2025-10-15 15:40:01', '2025-10-15 15:40:01');
INSERT INTO public.syrios_aluno (id, matricula, school_id, nome_a, created_at, updated_at) VALUES (562, '12348', 6, 'Aluno 2 Fmota', '2025-10-15 16:01:04', '2025-10-15 16:01:04');
INSERT INTO public.syrios_aluno (id, matricula, school_id, nome_a, created_at, updated_at) VALUES (563, '12349', 6, 'Andromeda 2 Fmota', '2025-10-15 16:01:51', '2025-10-15 16:01:51');
INSERT INTO public.syrios_aluno (id, matricula, school_id, nome_a, created_at, updated_at) VALUES (564, 'asdf', 5, 'asdf asdfa sdfa sdfa sdf', '2025-10-15 16:31:32', '2025-10-15 16:50:38');


--
-- TOC entry 3596 (class 0 OID 24703)
-- Dependencies: 241
-- Data for Name: syrios_diretor_turma; Type: TABLE DATA; Schema: public; Owner: syrios_user
--

INSERT INTO public.syrios_diretor_turma (id, professor_id, turma_id, school_id, ano_letivo, vigente, created_at, updated_at) VALUES (1, 1, 1, 5, 2025, true, '2025-10-21 13:53:32', '2025-10-21 13:53:32');
INSERT INTO public.syrios_diretor_turma (id, professor_id, turma_id, school_id, ano_letivo, vigente, created_at, updated_at) VALUES (2, 1, 2, 5, 2025, true, '2025-10-27 02:06:08', '2025-10-27 02:06:08');


--
-- TOC entry 3589 (class 0 OID 24661)
-- Dependencies: 234
-- Data for Name: syrios_disciplina; Type: TABLE DATA; Schema: public; Owner: syrios_user
--

INSERT INTO public.syrios_disciplina (id, abr, descr_d, school_id, created_at, updated_at) VALUES (1, 'AMA', 'APROFUNDAMENTO EM MATEMATICA', 5, '2025-10-15 01:41:59', '2025-10-15 01:41:59');
INSERT INTO public.syrios_disciplina (id, abr, descr_d, school_id, created_at, updated_at) VALUES (2, 'APO', 'APROFUNDAMENTO EM LINGUA PORTUGUESA', 5, '2025-10-15 01:41:59', '2025-10-15 01:41:59');
INSERT INTO public.syrios_disciplina (id, abr, descr_d, school_id, created_at, updated_at) VALUES (3, 'ART', 'ARTE', 5, '2025-10-15 01:41:59', '2025-10-15 01:41:59');
INSERT INTO public.syrios_disciplina (id, abr, descr_d, school_id, created_at, updated_at) VALUES (4, 'BIO', 'BIOLOGIA', 5, '2025-10-15 01:41:59', '2025-10-15 01:41:59');
INSERT INTO public.syrios_disciplina (id, abr, descr_d, school_id, created_at, updated_at) VALUES (5, 'CID', 'FORMAO PARA CIDADANIA E DESENV. DE COMP. SOCIOEM...', 5, '2025-10-15 01:41:59', '2025-10-15 01:41:59');
INSERT INTO public.syrios_disciplina (id, abr, descr_d, school_id, created_at, updated_at) VALUES (6, 'DIG', 'CULTURA DIGITAL', 5, '2025-10-15 01:41:59', '2025-10-15 01:41:59');
INSERT INTO public.syrios_disciplina (id, abr, descr_d, school_id, created_at, updated_at) VALUES (7, 'EFS', 'EDUCAO FISICA', 5, '2025-10-15 01:41:59', '2025-10-15 01:41:59');
INSERT INTO public.syrios_disciplina (id, abr, descr_d, school_id, created_at, updated_at) VALUES (8, 'ESP', 'LINGUA ESTRANGEIRA (ESPANHOL)', 5, '2025-10-15 01:41:59', '2025-10-15 01:41:59');
INSERT INTO public.syrios_disciplina (id, abr, descr_d, school_id, created_at, updated_at) VALUES (9, 'FIL', 'FILOSOFIA', 5, '2025-10-15 01:41:59', '2025-10-15 01:41:59');
INSERT INTO public.syrios_disciplina (id, abr, descr_d, school_id, created_at, updated_at) VALUES (10, 'FIS', 'FISICA', 5, '2025-10-15 01:41:59', '2025-10-15 01:41:59');
INSERT INTO public.syrios_disciplina (id, abr, descr_d, school_id, created_at, updated_at) VALUES (11, 'GEO', 'GEOGRAFIA', 5, '2025-10-15 01:41:59', '2025-10-15 01:41:59');
INSERT INTO public.syrios_disciplina (id, abr, descr_d, school_id, created_at, updated_at) VALUES (12, 'HAP', 'CIENCIAS HUMANAS E SOCIAIS APLICADAS', 5, '2025-10-15 01:41:59', '2025-10-15 01:41:59');
INSERT INTO public.syrios_disciplina (id, abr, descr_d, school_id, created_at, updated_at) VALUES (13, 'HIS', 'HISTORIA', 5, '2025-10-15 01:41:59', '2025-10-15 01:41:59');
INSERT INTO public.syrios_disciplina (id, abr, descr_d, school_id, created_at, updated_at) VALUES (14, 'ING', 'LINGUA ESTRANGEIRA (INGLES)', 5, '2025-10-15 01:41:59', '2025-10-15 01:41:59');
INSERT INTO public.syrios_disciplina (id, abr, descr_d, school_id, created_at, updated_at) VALUES (15, 'INT', 'PROJETO INTEGRADOR', 5, '2025-10-15 01:41:59', '2025-10-15 01:41:59');
INSERT INTO public.syrios_disciplina (id, abr, descr_d, school_id, created_at, updated_at) VALUES (16, 'MAT', 'MATEMATICA', 5, '2025-10-15 01:41:59', '2025-10-15 01:41:59');
INSERT INTO public.syrios_disciplina (id, abr, descr_d, school_id, created_at, updated_at) VALUES (17, 'NTC', 'CIENCIAS DA NATUREZA E SUAS TECNOLOGIAS', 5, '2025-10-15 01:41:59', '2025-10-15 01:41:59');
INSERT INTO public.syrios_disciplina (id, abr, descr_d, school_id, created_at, updated_at) VALUES (18, 'NUC', 'NUCLEO TRABALHO, PESQUISA E DEMAIS PRATICAS SOCIAI...', 5, '2025-10-15 01:41:59', '2025-10-15 01:41:59');
INSERT INTO public.syrios_disciplina (id, abr, descr_d, school_id, created_at, updated_at) VALUES (19, 'ORI', 'ESTUDO ORIENTADO', 5, '2025-10-15 01:41:59', '2025-10-15 01:41:59');
INSERT INTO public.syrios_disciplina (id, abr, descr_d, school_id, created_at, updated_at) VALUES (20, 'POR', 'LINGUA PORTUGUESA', 5, '2025-10-15 01:41:59', '2025-10-15 01:41:59');
INSERT INTO public.syrios_disciplina (id, abr, descr_d, school_id, created_at, updated_at) VALUES (21, 'PTP', 'PREPARAO PARA O TRABALHO E PRATICAS SOCIAL', 5, '2025-10-15 01:41:59', '2025-10-15 01:41:59');
INSERT INTO public.syrios_disciplina (id, abr, descr_d, school_id, created_at, updated_at) VALUES (22, 'QUI', 'QUIMICA', 5, '2025-10-15 01:41:59', '2025-10-15 01:41:59');
INSERT INTO public.syrios_disciplina (id, abr, descr_d, school_id, created_at, updated_at) VALUES (23, 'RED', 'REDAO', 5, '2025-10-15 01:41:59', '2025-10-15 01:41:59');
INSERT INTO public.syrios_disciplina (id, abr, descr_d, school_id, created_at, updated_at) VALUES (24, 'SOC', 'SOCIOLOGIA', 5, '2025-10-15 01:41:59', '2025-10-15 01:41:59');
INSERT INTO public.syrios_disciplina (id, abr, descr_d, school_id, created_at, updated_at) VALUES (25, 'LEI2', 'INFORMTICA', 5, '2025-10-15 01:41:59', '2025-10-15 01:41:59');
INSERT INTO public.syrios_disciplina (id, abr, descr_d, school_id, created_at, updated_at) VALUES (26, 'GES2', 'GESTO', 5, '2025-10-15 01:41:59', '2025-10-15 01:41:59');
INSERT INTO public.syrios_disciplina (id, abr, descr_d, school_id, created_at, updated_at) VALUES (27, 'MTM2', 'MULTIMEIOS', 5, '2025-10-15 01:41:59', '2025-10-15 01:41:59');
INSERT INTO public.syrios_disciplina (id, abr, descr_d, school_id, created_at, updated_at) VALUES (28, 'CHE', 'CINCIAS HUMANAS - ENEM ', 5, '2025-10-15 01:41:59', '2025-10-15 01:41:59');
INSERT INTO public.syrios_disciplina (id, abr, descr_d, school_id, created_at, updated_at) VALUES (29, 'CNE', 'CINCIAS DA NATUREZA - ENEM ', 5, '2025-10-15 01:41:59', '2025-10-15 01:41:59');
INSERT INTO public.syrios_disciplina (id, abr, descr_d, school_id, created_at, updated_at) VALUES (30, 'LPE', 'LINGUAGENS PARA O ENEM ', 5, '2025-10-15 01:41:59', '2025-10-15 01:41:59');
INSERT INTO public.syrios_disciplina (id, abr, descr_d, school_id, created_at, updated_at) VALUES (31, 'MEN', 'MATEMTICA - ENEM ', 5, '2025-10-15 01:41:59', '2025-10-15 01:41:59');
INSERT INTO public.syrios_disciplina (id, abr, descr_d, school_id, created_at, updated_at) VALUES (32, 'QPR', 'QUALIFICAO PROFISSIONAL ', 5, '2025-10-15 01:41:59', '2025-10-15 01:41:59');
INSERT INTO public.syrios_disciplina (id, abr, descr_d, school_id, created_at, updated_at) VALUES (33, 'ELE1', 'ELETIVA - 1 SRIE', 5, '2025-10-15 01:41:59', '2025-10-15 01:41:59');
INSERT INTO public.syrios_disciplina (id, abr, descr_d, school_id, created_at, updated_at) VALUES (34, 'ELE2', 'ELETIVA - 2 SRIE', 5, '2025-10-15 01:41:59', '2025-10-15 01:41:59');
INSERT INTO public.syrios_disciplina (id, abr, descr_d, school_id, created_at, updated_at) VALUES (35, 'ELE3', 'ELETIVA - 3 SRIE', 5, '2025-10-15 01:41:59', '2025-10-15 01:41:59');
INSERT INTO public.syrios_disciplina (id, abr, descr_d, school_id, created_at, updated_at) VALUES (36, 'EF1', 'EDUCAO FISICA 1', 5, '2025-10-15 01:41:59', '2025-10-15 01:41:59');
INSERT INTO public.syrios_disciplina (id, abr, descr_d, school_id, created_at, updated_at) VALUES (37, 'TAV', 'TECNICAS ADMINISTRATIVAS E VENDAS', 5, '2025-10-15 01:41:59', '2025-10-15 01:41:59');
INSERT INTO public.syrios_disciplina (id, abr, descr_d, school_id, created_at, updated_at) VALUES (38, 'INF', 'INFORMTICA N', 5, '2025-10-15 01:41:59', '2025-10-15 01:41:59');
INSERT INTO public.syrios_disciplina (id, abr, descr_d, school_id, created_at, updated_at) VALUES (39, 'TEA', 'TCNICO EM ADMINISTRAO', 5, '2025-10-15 01:41:59', '2025-10-15 01:41:59');
INSERT INTO public.syrios_disciplina (id, abr, descr_d, school_id, created_at, updated_at) VALUES (40, 'CDC', 'CULTURA DIGITAL - CIDADANIA DIGITAL', 5, '2025-10-15 01:41:59', '2025-10-15 01:41:59');
INSERT INTO public.syrios_disciplina (id, abr, descr_d, school_id, created_at, updated_at) VALUES (41, 'CDT', 'CULTURA DIGITAL- TECNOLOGIA E SOCIEDADE', 5, '2025-10-15 01:41:59', '2025-10-15 01:41:59');
INSERT INTO public.syrios_disciplina (id, abr, descr_d, school_id, created_at, updated_at) VALUES (42, 'LEI', 'INFORMTICA', 5, '2025-10-15 01:41:59', '2025-10-15 01:41:59');
INSERT INTO public.syrios_disciplina (id, abr, descr_d, school_id, created_at, updated_at) VALUES (43, 'GES', 'GESTO', 5, '2025-10-15 01:41:59', '2025-10-15 01:41:59');
INSERT INTO public.syrios_disciplina (id, abr, descr_d, school_id, created_at, updated_at) VALUES (44, 'MTM', 'MULTIMEIOS', 5, '2025-10-15 01:41:59', '2025-10-15 01:41:59');
INSERT INTO public.syrios_disciplina (id, abr, descr_d, school_id, created_at, updated_at) VALUES (45, 'ELE_MATB', 'ELETIVA - MATEMTICA BSICA', 5, '2025-10-15 01:41:59', '2025-10-15 01:41:59');
INSERT INTO public.syrios_disciplina (id, abr, descr_d, school_id, created_at, updated_at) VALUES (46, 'MAT', 'Matemtica', 6, '2025-10-20 22:17:57', '2025-10-20 22:17:57');


--
-- TOC entry 3600 (class 0 OID 24741)
-- Dependencies: 245
-- Data for Name: syrios_enturmacao; Type: TABLE DATA; Schema: public; Owner: syrios_user
--

INSERT INTO public.syrios_enturmacao (id, school_id, ano_letivo, vigente, aluno_id, turma_id, created_at, updated_at) VALUES (7, 5, 2025, true, 7, 4, '2025-10-15 02:53:42', '2025-10-15 02:53:42');
INSERT INTO public.syrios_enturmacao (id, school_id, ano_letivo, vigente, aluno_id, turma_id, created_at, updated_at) VALUES (8, 5, 2025, true, 8, 1, '2025-10-15 02:53:42', '2025-10-15 02:53:42');
INSERT INTO public.syrios_enturmacao (id, school_id, ano_letivo, vigente, aluno_id, turma_id, created_at, updated_at) VALUES (9, 5, 2025, true, 9, 1, '2025-10-15 02:53:42', '2025-10-15 02:53:42');
INSERT INTO public.syrios_enturmacao (id, school_id, ano_letivo, vigente, aluno_id, turma_id, created_at, updated_at) VALUES (10, 5, 2025, true, 10, 1, '2025-10-15 02:53:42', '2025-10-15 02:53:42');
INSERT INTO public.syrios_enturmacao (id, school_id, ano_letivo, vigente, aluno_id, turma_id, created_at, updated_at) VALUES (11, 5, 2025, true, 11, 1, '2025-10-15 02:53:42', '2025-10-15 02:53:42');
INSERT INTO public.syrios_enturmacao (id, school_id, ano_letivo, vigente, aluno_id, turma_id, created_at, updated_at) VALUES (12, 5, 2025, true, 12, 1, '2025-10-15 02:53:42', '2025-10-15 02:53:42');
INSERT INTO public.syrios_enturmacao (id, school_id, ano_letivo, vigente, aluno_id, turma_id, created_at, updated_at) VALUES (13, 5, 2025, true, 13, 1, '2025-10-15 02:53:42', '2025-10-15 02:53:42');
INSERT INTO public.syrios_enturmacao (id, school_id, ano_letivo, vigente, aluno_id, turma_id, created_at, updated_at) VALUES (14, 5, 2025, true, 14, 1, '2025-10-15 02:53:42', '2025-10-15 02:53:42');
INSERT INTO public.syrios_enturmacao (id, school_id, ano_letivo, vigente, aluno_id, turma_id, created_at, updated_at) VALUES (15, 5, 2025, true, 15, 1, '2025-10-15 02:53:42', '2025-10-15 02:53:42');
INSERT INTO public.syrios_enturmacao (id, school_id, ano_letivo, vigente, aluno_id, turma_id, created_at, updated_at) VALUES (16, 5, 2025, true, 16, 1, '2025-10-15 02:53:42', '2025-10-15 02:53:42');
INSERT INTO public.syrios_enturmacao (id, school_id, ano_letivo, vigente, aluno_id, turma_id, created_at, updated_at) VALUES (17, 5, 2025, true, 17, 1, '2025-10-15 02:53:42', '2025-10-15 02:53:42');
INSERT INTO public.syrios_enturmacao (id, school_id, ano_letivo, vigente, aluno_id, turma_id, created_at, updated_at) VALUES (18, 5, 2025, true, 18, 1, '2025-10-15 02:53:42', '2025-10-15 02:53:42');
INSERT INTO public.syrios_enturmacao (id, school_id, ano_letivo, vigente, aluno_id, turma_id, created_at, updated_at) VALUES (19, 5, 2025, true, 19, 1, '2025-10-15 02:53:42', '2025-10-15 02:53:42');
INSERT INTO public.syrios_enturmacao (id, school_id, ano_letivo, vigente, aluno_id, turma_id, created_at, updated_at) VALUES (20, 5, 2025, true, 20, 1, '2025-10-15 02:53:42', '2025-10-15 02:53:42');
INSERT INTO public.syrios_enturmacao (id, school_id, ano_letivo, vigente, aluno_id, turma_id, created_at, updated_at) VALUES (21, 5, 2025, true, 21, 1, '2025-10-15 02:53:42', '2025-10-15 02:53:42');
INSERT INTO public.syrios_enturmacao (id, school_id, ano_letivo, vigente, aluno_id, turma_id, created_at, updated_at) VALUES (22, 5, 2025, true, 22, 1, '2025-10-15 02:53:42', '2025-10-15 02:53:42');
INSERT INTO public.syrios_enturmacao (id, school_id, ano_letivo, vigente, aluno_id, turma_id, created_at, updated_at) VALUES (23, 5, 2025, true, 23, 1, '2025-10-15 02:53:42', '2025-10-15 02:53:42');
INSERT INTO public.syrios_enturmacao (id, school_id, ano_letivo, vigente, aluno_id, turma_id, created_at, updated_at) VALUES (24, 5, 2025, true, 24, 1, '2025-10-15 02:53:42', '2025-10-15 02:53:42');
INSERT INTO public.syrios_enturmacao (id, school_id, ano_letivo, vigente, aluno_id, turma_id, created_at, updated_at) VALUES (25, 5, 2025, true, 25, 1, '2025-10-15 02:53:42', '2025-10-15 02:53:42');
INSERT INTO public.syrios_enturmacao (id, school_id, ano_letivo, vigente, aluno_id, turma_id, created_at, updated_at) VALUES (26, 5, 2025, true, 26, 1, '2025-10-15 02:53:42', '2025-10-15 02:53:42');
INSERT INTO public.syrios_enturmacao (id, school_id, ano_letivo, vigente, aluno_id, turma_id, created_at, updated_at) VALUES (27, 5, 2025, true, 27, 1, '2025-10-15 02:53:42', '2025-10-15 02:53:42');
INSERT INTO public.syrios_enturmacao (id, school_id, ano_letivo, vigente, aluno_id, turma_id, created_at, updated_at) VALUES (28, 5, 2025, true, 28, 1, '2025-10-15 02:53:42', '2025-10-15 02:53:42');
INSERT INTO public.syrios_enturmacao (id, school_id, ano_letivo, vigente, aluno_id, turma_id, created_at, updated_at) VALUES (29, 5, 2025, true, 29, 1, '2025-10-15 02:53:42', '2025-10-15 02:53:42');
INSERT INTO public.syrios_enturmacao (id, school_id, ano_letivo, vigente, aluno_id, turma_id, created_at, updated_at) VALUES (30, 5, 2025, true, 30, 1, '2025-10-15 02:53:42', '2025-10-15 02:53:42');
INSERT INTO public.syrios_enturmacao (id, school_id, ano_letivo, vigente, aluno_id, turma_id, created_at, updated_at) VALUES (31, 5, 2025, true, 31, 1, '2025-10-15 02:53:42', '2025-10-15 02:53:42');
INSERT INTO public.syrios_enturmacao (id, school_id, ano_letivo, vigente, aluno_id, turma_id, created_at, updated_at) VALUES (32, 5, 2025, true, 32, 1, '2025-10-15 02:53:42', '2025-10-15 02:53:42');
INSERT INTO public.syrios_enturmacao (id, school_id, ano_letivo, vigente, aluno_id, turma_id, created_at, updated_at) VALUES (33, 5, 2025, true, 33, 4, '2025-10-15 02:53:42', '2025-10-15 02:53:42');
INSERT INTO public.syrios_enturmacao (id, school_id, ano_letivo, vigente, aluno_id, turma_id, created_at, updated_at) VALUES (34, 5, 2025, true, 34, 1, '2025-10-15 02:53:42', '2025-10-15 02:53:42');
INSERT INTO public.syrios_enturmacao (id, school_id, ano_letivo, vigente, aluno_id, turma_id, created_at, updated_at) VALUES (35, 5, 2025, true, 35, 1, '2025-10-15 02:53:42', '2025-10-15 02:53:42');
INSERT INTO public.syrios_enturmacao (id, school_id, ano_letivo, vigente, aluno_id, turma_id, created_at, updated_at) VALUES (36, 5, 2025, true, 36, 1, '2025-10-15 02:53:42', '2025-10-15 02:53:42');
INSERT INTO public.syrios_enturmacao (id, school_id, ano_letivo, vigente, aluno_id, turma_id, created_at, updated_at) VALUES (37, 5, 2025, true, 37, 1, '2025-10-15 02:53:42', '2025-10-15 02:53:42');
INSERT INTO public.syrios_enturmacao (id, school_id, ano_letivo, vigente, aluno_id, turma_id, created_at, updated_at) VALUES (38, 5, 2025, true, 38, 1, '2025-10-15 02:53:42', '2025-10-15 02:53:42');
INSERT INTO public.syrios_enturmacao (id, school_id, ano_letivo, vigente, aluno_id, turma_id, created_at, updated_at) VALUES (39, 5, 2025, true, 39, 1, '2025-10-15 02:53:42', '2025-10-15 02:53:42');
INSERT INTO public.syrios_enturmacao (id, school_id, ano_letivo, vigente, aluno_id, turma_id, created_at, updated_at) VALUES (40, 5, 2025, true, 40, 1, '2025-10-15 02:53:42', '2025-10-15 02:53:42');
INSERT INTO public.syrios_enturmacao (id, school_id, ano_letivo, vigente, aluno_id, turma_id, created_at, updated_at) VALUES (41, 5, 2025, true, 41, 1, '2025-10-15 02:53:42', '2025-10-15 02:53:42');
INSERT INTO public.syrios_enturmacao (id, school_id, ano_letivo, vigente, aluno_id, turma_id, created_at, updated_at) VALUES (42, 5, 2025, true, 42, 1, '2025-10-15 02:53:42', '2025-10-15 02:53:42');
INSERT INTO public.syrios_enturmacao (id, school_id, ano_letivo, vigente, aluno_id, turma_id, created_at, updated_at) VALUES (43, 5, 2025, true, 43, 2, '2025-10-15 02:53:42', '2025-10-15 02:53:42');
INSERT INTO public.syrios_enturmacao (id, school_id, ano_letivo, vigente, aluno_id, turma_id, created_at, updated_at) VALUES (44, 5, 2025, true, 44, 1, '2025-10-15 02:53:42', '2025-10-15 02:53:42');
INSERT INTO public.syrios_enturmacao (id, school_id, ano_letivo, vigente, aluno_id, turma_id, created_at, updated_at) VALUES (45, 5, 2025, true, 45, 2, '2025-10-15 02:53:42', '2025-10-15 02:53:42');
INSERT INTO public.syrios_enturmacao (id, school_id, ano_letivo, vigente, aluno_id, turma_id, created_at, updated_at) VALUES (46, 5, 2025, true, 46, 2, '2025-10-15 02:53:42', '2025-10-15 02:53:42');
INSERT INTO public.syrios_enturmacao (id, school_id, ano_letivo, vigente, aluno_id, turma_id, created_at, updated_at) VALUES (47, 5, 2025, true, 47, 2, '2025-10-15 02:53:42', '2025-10-15 02:53:42');
INSERT INTO public.syrios_enturmacao (id, school_id, ano_letivo, vigente, aluno_id, turma_id, created_at, updated_at) VALUES (48, 5, 2025, true, 48, 2, '2025-10-15 02:53:42', '2025-10-15 02:53:42');
INSERT INTO public.syrios_enturmacao (id, school_id, ano_letivo, vigente, aluno_id, turma_id, created_at, updated_at) VALUES (49, 5, 2025, true, 49, 2, '2025-10-15 02:53:42', '2025-10-15 02:53:42');
INSERT INTO public.syrios_enturmacao (id, school_id, ano_letivo, vigente, aluno_id, turma_id, created_at, updated_at) VALUES (50, 5, 2025, true, 50, 2, '2025-10-15 02:53:42', '2025-10-15 02:53:42');
INSERT INTO public.syrios_enturmacao (id, school_id, ano_letivo, vigente, aluno_id, turma_id, created_at, updated_at) VALUES (51, 5, 2025, true, 51, 2, '2025-10-15 02:53:42', '2025-10-15 02:53:42');
INSERT INTO public.syrios_enturmacao (id, school_id, ano_letivo, vigente, aluno_id, turma_id, created_at, updated_at) VALUES (52, 5, 2025, true, 53, 2, '2025-10-15 02:53:42', '2025-10-15 02:53:42');
INSERT INTO public.syrios_enturmacao (id, school_id, ano_letivo, vigente, aluno_id, turma_id, created_at, updated_at) VALUES (53, 5, 2025, true, 54, 2, '2025-10-15 02:53:42', '2025-10-15 02:53:42');
INSERT INTO public.syrios_enturmacao (id, school_id, ano_letivo, vigente, aluno_id, turma_id, created_at, updated_at) VALUES (54, 5, 2025, true, 55, 2, '2025-10-15 02:53:42', '2025-10-15 02:53:42');
INSERT INTO public.syrios_enturmacao (id, school_id, ano_letivo, vigente, aluno_id, turma_id, created_at, updated_at) VALUES (55, 5, 2025, true, 56, 2, '2025-10-15 02:53:42', '2025-10-15 02:53:42');
INSERT INTO public.syrios_enturmacao (id, school_id, ano_letivo, vigente, aluno_id, turma_id, created_at, updated_at) VALUES (56, 5, 2025, true, 57, 2, '2025-10-15 02:53:42', '2025-10-15 02:53:42');
INSERT INTO public.syrios_enturmacao (id, school_id, ano_letivo, vigente, aluno_id, turma_id, created_at, updated_at) VALUES (57, 5, 2025, true, 58, 2, '2025-10-15 02:53:42', '2025-10-15 02:53:42');
INSERT INTO public.syrios_enturmacao (id, school_id, ano_letivo, vigente, aluno_id, turma_id, created_at, updated_at) VALUES (58, 5, 2025, true, 59, 2, '2025-10-15 02:53:42', '2025-10-15 02:53:42');
INSERT INTO public.syrios_enturmacao (id, school_id, ano_letivo, vigente, aluno_id, turma_id, created_at, updated_at) VALUES (59, 5, 2025, true, 60, 2, '2025-10-15 02:53:42', '2025-10-15 02:53:42');
INSERT INTO public.syrios_enturmacao (id, school_id, ano_letivo, vigente, aluno_id, turma_id, created_at, updated_at) VALUES (60, 5, 2025, true, 61, 2, '2025-10-15 02:53:42', '2025-10-15 02:53:42');
INSERT INTO public.syrios_enturmacao (id, school_id, ano_letivo, vigente, aluno_id, turma_id, created_at, updated_at) VALUES (61, 5, 2025, true, 62, 2, '2025-10-15 02:53:42', '2025-10-15 02:53:42');
INSERT INTO public.syrios_enturmacao (id, school_id, ano_letivo, vigente, aluno_id, turma_id, created_at, updated_at) VALUES (62, 5, 2025, true, 63, 2, '2025-10-15 02:53:42', '2025-10-15 02:53:42');
INSERT INTO public.syrios_enturmacao (id, school_id, ano_letivo, vigente, aluno_id, turma_id, created_at, updated_at) VALUES (63, 5, 2025, true, 64, 2, '2025-10-15 02:53:42', '2025-10-15 02:53:42');
INSERT INTO public.syrios_enturmacao (id, school_id, ano_letivo, vigente, aluno_id, turma_id, created_at, updated_at) VALUES (64, 5, 2025, true, 65, 2, '2025-10-15 02:53:42', '2025-10-15 02:53:42');
INSERT INTO public.syrios_enturmacao (id, school_id, ano_letivo, vigente, aluno_id, turma_id, created_at, updated_at) VALUES (65, 5, 2025, true, 66, 2, '2025-10-15 02:53:42', '2025-10-15 02:53:42');
INSERT INTO public.syrios_enturmacao (id, school_id, ano_letivo, vigente, aluno_id, turma_id, created_at, updated_at) VALUES (66, 5, 2025, true, 67, 2, '2025-10-15 02:53:42', '2025-10-15 02:53:42');
INSERT INTO public.syrios_enturmacao (id, school_id, ano_letivo, vigente, aluno_id, turma_id, created_at, updated_at) VALUES (67, 5, 2025, true, 68, 2, '2025-10-15 02:53:42', '2025-10-15 02:53:42');
INSERT INTO public.syrios_enturmacao (id, school_id, ano_letivo, vigente, aluno_id, turma_id, created_at, updated_at) VALUES (68, 5, 2025, true, 69, 2, '2025-10-15 02:53:42', '2025-10-15 02:53:42');
INSERT INTO public.syrios_enturmacao (id, school_id, ano_letivo, vigente, aluno_id, turma_id, created_at, updated_at) VALUES (69, 5, 2025, true, 70, 2, '2025-10-15 02:53:42', '2025-10-15 02:53:42');
INSERT INTO public.syrios_enturmacao (id, school_id, ano_letivo, vigente, aluno_id, turma_id, created_at, updated_at) VALUES (70, 5, 2025, true, 71, 2, '2025-10-15 02:53:42', '2025-10-15 02:53:42');
INSERT INTO public.syrios_enturmacao (id, school_id, ano_letivo, vigente, aluno_id, turma_id, created_at, updated_at) VALUES (71, 5, 2025, true, 72, 2, '2025-10-15 02:53:42', '2025-10-15 02:53:42');
INSERT INTO public.syrios_enturmacao (id, school_id, ano_letivo, vigente, aluno_id, turma_id, created_at, updated_at) VALUES (72, 5, 2025, true, 73, 2, '2025-10-15 02:53:42', '2025-10-15 02:53:42');
INSERT INTO public.syrios_enturmacao (id, school_id, ano_letivo, vigente, aluno_id, turma_id, created_at, updated_at) VALUES (73, 5, 2025, true, 75, 2, '2025-10-15 02:53:42', '2025-10-15 02:53:42');
INSERT INTO public.syrios_enturmacao (id, school_id, ano_letivo, vigente, aluno_id, turma_id, created_at, updated_at) VALUES (74, 5, 2025, true, 76, 2, '2025-10-15 02:53:42', '2025-10-15 02:53:42');
INSERT INTO public.syrios_enturmacao (id, school_id, ano_letivo, vigente, aluno_id, turma_id, created_at, updated_at) VALUES (75, 5, 2025, true, 77, 2, '2025-10-15 02:53:42', '2025-10-15 02:53:42');
INSERT INTO public.syrios_enturmacao (id, school_id, ano_letivo, vigente, aluno_id, turma_id, created_at, updated_at) VALUES (76, 5, 2025, true, 78, 2, '2025-10-15 02:53:42', '2025-10-15 02:53:42');
INSERT INTO public.syrios_enturmacao (id, school_id, ano_letivo, vigente, aluno_id, turma_id, created_at, updated_at) VALUES (77, 5, 2025, true, 79, 2, '2025-10-15 02:53:42', '2025-10-15 02:53:42');
INSERT INTO public.syrios_enturmacao (id, school_id, ano_letivo, vigente, aluno_id, turma_id, created_at, updated_at) VALUES (78, 5, 2025, true, 80, 2, '2025-10-15 02:53:42', '2025-10-15 02:53:42');
INSERT INTO public.syrios_enturmacao (id, school_id, ano_letivo, vigente, aluno_id, turma_id, created_at, updated_at) VALUES (79, 5, 2025, true, 81, 2, '2025-10-15 02:53:42', '2025-10-15 02:53:42');
INSERT INTO public.syrios_enturmacao (id, school_id, ano_letivo, vigente, aluno_id, turma_id, created_at, updated_at) VALUES (80, 5, 2025, true, 82, 2, '2025-10-15 02:53:42', '2025-10-15 02:53:42');
INSERT INTO public.syrios_enturmacao (id, school_id, ano_letivo, vigente, aluno_id, turma_id, created_at, updated_at) VALUES (81, 5, 2025, true, 83, 2, '2025-10-15 02:53:42', '2025-10-15 02:53:42');
INSERT INTO public.syrios_enturmacao (id, school_id, ano_letivo, vigente, aluno_id, turma_id, created_at, updated_at) VALUES (82, 5, 2025, true, 84, 2, '2025-10-15 02:53:42', '2025-10-15 02:53:42');
INSERT INTO public.syrios_enturmacao (id, school_id, ano_letivo, vigente, aluno_id, turma_id, created_at, updated_at) VALUES (83, 5, 2025, true, 85, 2, '2025-10-15 02:53:42', '2025-10-15 02:53:42');
INSERT INTO public.syrios_enturmacao (id, school_id, ano_letivo, vigente, aluno_id, turma_id, created_at, updated_at) VALUES (84, 5, 2025, true, 86, 2, '2025-10-15 02:53:42', '2025-10-15 02:53:42');
INSERT INTO public.syrios_enturmacao (id, school_id, ano_letivo, vigente, aluno_id, turma_id, created_at, updated_at) VALUES (85, 5, 2025, true, 87, 2, '2025-10-15 02:53:42', '2025-10-15 02:53:42');
INSERT INTO public.syrios_enturmacao (id, school_id, ano_letivo, vigente, aluno_id, turma_id, created_at, updated_at) VALUES (86, 5, 2025, true, 88, 2, '2025-10-15 02:53:42', '2025-10-15 02:53:42');
INSERT INTO public.syrios_enturmacao (id, school_id, ano_letivo, vigente, aluno_id, turma_id, created_at, updated_at) VALUES (87, 5, 2025, true, 89, 3, '2025-10-15 02:53:42', '2025-10-15 02:53:42');
INSERT INTO public.syrios_enturmacao (id, school_id, ano_letivo, vigente, aluno_id, turma_id, created_at, updated_at) VALUES (88, 5, 2025, true, 90, 3, '2025-10-15 02:53:42', '2025-10-15 02:53:42');
INSERT INTO public.syrios_enturmacao (id, school_id, ano_letivo, vigente, aluno_id, turma_id, created_at, updated_at) VALUES (89, 5, 2025, true, 91, 3, '2025-10-15 02:53:42', '2025-10-15 02:53:42');
INSERT INTO public.syrios_enturmacao (id, school_id, ano_letivo, vigente, aluno_id, turma_id, created_at, updated_at) VALUES (90, 5, 2025, true, 92, 3, '2025-10-15 02:53:42', '2025-10-15 02:53:42');
INSERT INTO public.syrios_enturmacao (id, school_id, ano_letivo, vigente, aluno_id, turma_id, created_at, updated_at) VALUES (91, 5, 2025, true, 93, 3, '2025-10-15 02:53:42', '2025-10-15 02:53:42');
INSERT INTO public.syrios_enturmacao (id, school_id, ano_letivo, vigente, aluno_id, turma_id, created_at, updated_at) VALUES (92, 5, 2025, true, 94, 3, '2025-10-15 02:53:42', '2025-10-15 02:53:42');
INSERT INTO public.syrios_enturmacao (id, school_id, ano_letivo, vigente, aluno_id, turma_id, created_at, updated_at) VALUES (93, 5, 2025, true, 95, 3, '2025-10-15 02:53:42', '2025-10-15 02:53:42');
INSERT INTO public.syrios_enturmacao (id, school_id, ano_letivo, vigente, aluno_id, turma_id, created_at, updated_at) VALUES (94, 5, 2025, true, 96, 3, '2025-10-15 02:53:42', '2025-10-15 02:53:42');
INSERT INTO public.syrios_enturmacao (id, school_id, ano_letivo, vigente, aluno_id, turma_id, created_at, updated_at) VALUES (95, 5, 2025, true, 97, 3, '2025-10-15 02:53:42', '2025-10-15 02:53:42');
INSERT INTO public.syrios_enturmacao (id, school_id, ano_letivo, vigente, aluno_id, turma_id, created_at, updated_at) VALUES (96, 5, 2025, true, 98, 3, '2025-10-15 02:53:42', '2025-10-15 02:53:42');
INSERT INTO public.syrios_enturmacao (id, school_id, ano_letivo, vigente, aluno_id, turma_id, created_at, updated_at) VALUES (97, 5, 2025, true, 99, 3, '2025-10-15 02:53:42', '2025-10-15 02:53:42');
INSERT INTO public.syrios_enturmacao (id, school_id, ano_letivo, vigente, aluno_id, turma_id, created_at, updated_at) VALUES (98, 5, 2025, true, 100, 3, '2025-10-15 02:53:42', '2025-10-15 02:53:42');
INSERT INTO public.syrios_enturmacao (id, school_id, ano_letivo, vigente, aluno_id, turma_id, created_at, updated_at) VALUES (99, 5, 2025, true, 101, 3, '2025-10-15 02:53:42', '2025-10-15 02:53:42');
INSERT INTO public.syrios_enturmacao (id, school_id, ano_letivo, vigente, aluno_id, turma_id, created_at, updated_at) VALUES (100, 5, 2025, true, 102, 3, '2025-10-15 02:53:42', '2025-10-15 02:53:42');
INSERT INTO public.syrios_enturmacao (id, school_id, ano_letivo, vigente, aluno_id, turma_id, created_at, updated_at) VALUES (101, 5, 2025, true, 103, 3, '2025-10-15 02:53:42', '2025-10-15 02:53:42');
INSERT INTO public.syrios_enturmacao (id, school_id, ano_letivo, vigente, aluno_id, turma_id, created_at, updated_at) VALUES (102, 5, 2025, true, 104, 3, '2025-10-15 02:53:42', '2025-10-15 02:53:42');
INSERT INTO public.syrios_enturmacao (id, school_id, ano_letivo, vigente, aluno_id, turma_id, created_at, updated_at) VALUES (103, 5, 2025, true, 105, 3, '2025-10-15 02:53:42', '2025-10-15 02:53:42');
INSERT INTO public.syrios_enturmacao (id, school_id, ano_letivo, vigente, aluno_id, turma_id, created_at, updated_at) VALUES (104, 5, 2025, true, 106, 3, '2025-10-15 02:53:42', '2025-10-15 02:53:42');
INSERT INTO public.syrios_enturmacao (id, school_id, ano_letivo, vigente, aluno_id, turma_id, created_at, updated_at) VALUES (105, 5, 2025, true, 107, 3, '2025-10-15 02:53:42', '2025-10-15 02:53:42');
INSERT INTO public.syrios_enturmacao (id, school_id, ano_letivo, vigente, aluno_id, turma_id, created_at, updated_at) VALUES (106, 5, 2025, true, 108, 3, '2025-10-15 02:53:42', '2025-10-15 02:53:42');
INSERT INTO public.syrios_enturmacao (id, school_id, ano_letivo, vigente, aluno_id, turma_id, created_at, updated_at) VALUES (107, 5, 2025, true, 111, 3, '2025-10-15 02:53:42', '2025-10-15 02:53:42');
INSERT INTO public.syrios_enturmacao (id, school_id, ano_letivo, vigente, aluno_id, turma_id, created_at, updated_at) VALUES (108, 5, 2025, true, 112, 4, '2025-10-15 02:53:42', '2025-10-15 02:53:42');
INSERT INTO public.syrios_enturmacao (id, school_id, ano_letivo, vigente, aluno_id, turma_id, created_at, updated_at) VALUES (109, 5, 2025, true, 113, 3, '2025-10-15 02:53:42', '2025-10-15 02:53:42');
INSERT INTO public.syrios_enturmacao (id, school_id, ano_letivo, vigente, aluno_id, turma_id, created_at, updated_at) VALUES (110, 5, 2025, true, 114, 3, '2025-10-15 02:53:42', '2025-10-15 02:53:42');
INSERT INTO public.syrios_enturmacao (id, school_id, ano_letivo, vigente, aluno_id, turma_id, created_at, updated_at) VALUES (111, 5, 2025, true, 115, 3, '2025-10-15 02:53:42', '2025-10-15 02:53:42');
INSERT INTO public.syrios_enturmacao (id, school_id, ano_letivo, vigente, aluno_id, turma_id, created_at, updated_at) VALUES (112, 5, 2025, true, 116, 3, '2025-10-15 02:53:42', '2025-10-15 02:53:42');
INSERT INTO public.syrios_enturmacao (id, school_id, ano_letivo, vigente, aluno_id, turma_id, created_at, updated_at) VALUES (113, 5, 2025, true, 117, 1, '2025-10-15 02:53:42', '2025-10-15 02:53:42');
INSERT INTO public.syrios_enturmacao (id, school_id, ano_letivo, vigente, aluno_id, turma_id, created_at, updated_at) VALUES (114, 5, 2025, true, 118, 3, '2025-10-15 02:53:42', '2025-10-15 02:53:42');
INSERT INTO public.syrios_enturmacao (id, school_id, ano_letivo, vigente, aluno_id, turma_id, created_at, updated_at) VALUES (115, 5, 2025, true, 119, 3, '2025-10-15 02:53:42', '2025-10-15 02:53:42');
INSERT INTO public.syrios_enturmacao (id, school_id, ano_letivo, vigente, aluno_id, turma_id, created_at, updated_at) VALUES (116, 5, 2025, true, 120, 3, '2025-10-15 02:53:42', '2025-10-15 02:53:42');
INSERT INTO public.syrios_enturmacao (id, school_id, ano_letivo, vigente, aluno_id, turma_id, created_at, updated_at) VALUES (117, 5, 2025, true, 121, 3, '2025-10-15 02:53:42', '2025-10-15 02:53:42');
INSERT INTO public.syrios_enturmacao (id, school_id, ano_letivo, vigente, aluno_id, turma_id, created_at, updated_at) VALUES (118, 5, 2025, true, 122, 3, '2025-10-15 02:53:42', '2025-10-15 02:53:42');
INSERT INTO public.syrios_enturmacao (id, school_id, ano_letivo, vigente, aluno_id, turma_id, created_at, updated_at) VALUES (119, 5, 2025, true, 123, 3, '2025-10-15 02:53:42', '2025-10-15 02:53:42');
INSERT INTO public.syrios_enturmacao (id, school_id, ano_letivo, vigente, aluno_id, turma_id, created_at, updated_at) VALUES (120, 5, 2025, true, 124, 3, '2025-10-15 02:53:42', '2025-10-15 02:53:42');
INSERT INTO public.syrios_enturmacao (id, school_id, ano_letivo, vigente, aluno_id, turma_id, created_at, updated_at) VALUES (121, 5, 2025, true, 125, 3, '2025-10-15 02:53:42', '2025-10-15 02:53:42');
INSERT INTO public.syrios_enturmacao (id, school_id, ano_letivo, vigente, aluno_id, turma_id, created_at, updated_at) VALUES (122, 5, 2025, true, 126, 3, '2025-10-15 02:53:42', '2025-10-15 02:53:42');
INSERT INTO public.syrios_enturmacao (id, school_id, ano_letivo, vigente, aluno_id, turma_id, created_at, updated_at) VALUES (123, 5, 2025, true, 127, 3, '2025-10-15 02:53:42', '2025-10-15 02:53:42');
INSERT INTO public.syrios_enturmacao (id, school_id, ano_letivo, vigente, aluno_id, turma_id, created_at, updated_at) VALUES (124, 5, 2025, true, 128, 3, '2025-10-15 02:53:42', '2025-10-15 02:53:42');
INSERT INTO public.syrios_enturmacao (id, school_id, ano_letivo, vigente, aluno_id, turma_id, created_at, updated_at) VALUES (125, 5, 2025, true, 129, 3, '2025-10-15 02:53:42', '2025-10-15 02:53:42');
INSERT INTO public.syrios_enturmacao (id, school_id, ano_letivo, vigente, aluno_id, turma_id, created_at, updated_at) VALUES (126, 5, 2025, true, 130, 3, '2025-10-15 02:53:42', '2025-10-15 02:53:42');
INSERT INTO public.syrios_enturmacao (id, school_id, ano_letivo, vigente, aluno_id, turma_id, created_at, updated_at) VALUES (127, 5, 2025, true, 131, 3, '2025-10-15 02:53:42', '2025-10-15 02:53:42');
INSERT INTO public.syrios_enturmacao (id, school_id, ano_letivo, vigente, aluno_id, turma_id, created_at, updated_at) VALUES (128, 5, 2025, true, 132, 4, '2025-10-15 02:53:42', '2025-10-15 02:53:42');
INSERT INTO public.syrios_enturmacao (id, school_id, ano_letivo, vigente, aluno_id, turma_id, created_at, updated_at) VALUES (129, 5, 2025, true, 133, 4, '2025-10-15 02:53:42', '2025-10-15 02:53:42');
INSERT INTO public.syrios_enturmacao (id, school_id, ano_letivo, vigente, aluno_id, turma_id, created_at, updated_at) VALUES (130, 5, 2025, true, 134, 4, '2025-10-15 02:53:42', '2025-10-15 02:53:42');
INSERT INTO public.syrios_enturmacao (id, school_id, ano_letivo, vigente, aluno_id, turma_id, created_at, updated_at) VALUES (131, 5, 2025, true, 135, 4, '2025-10-15 02:53:42', '2025-10-15 02:53:42');
INSERT INTO public.syrios_enturmacao (id, school_id, ano_letivo, vigente, aluno_id, turma_id, created_at, updated_at) VALUES (132, 5, 2025, true, 136, 4, '2025-10-15 02:53:42', '2025-10-15 02:53:42');
INSERT INTO public.syrios_enturmacao (id, school_id, ano_letivo, vigente, aluno_id, turma_id, created_at, updated_at) VALUES (133, 5, 2025, true, 138, 3, '2025-10-15 02:53:42', '2025-10-15 02:53:42');
INSERT INTO public.syrios_enturmacao (id, school_id, ano_letivo, vigente, aluno_id, turma_id, created_at, updated_at) VALUES (134, 5, 2025, true, 139, 4, '2025-10-15 02:53:42', '2025-10-15 02:53:42');
INSERT INTO public.syrios_enturmacao (id, school_id, ano_letivo, vigente, aluno_id, turma_id, created_at, updated_at) VALUES (135, 5, 2025, true, 140, 4, '2025-10-15 02:53:42', '2025-10-15 02:53:42');
INSERT INTO public.syrios_enturmacao (id, school_id, ano_letivo, vigente, aluno_id, turma_id, created_at, updated_at) VALUES (136, 5, 2025, true, 141, 4, '2025-10-15 02:53:42', '2025-10-15 02:53:42');
INSERT INTO public.syrios_enturmacao (id, school_id, ano_letivo, vigente, aluno_id, turma_id, created_at, updated_at) VALUES (137, 5, 2025, true, 142, 4, '2025-10-15 02:53:42', '2025-10-15 02:53:42');
INSERT INTO public.syrios_enturmacao (id, school_id, ano_letivo, vigente, aluno_id, turma_id, created_at, updated_at) VALUES (138, 5, 2025, true, 143, 4, '2025-10-15 02:53:42', '2025-10-15 02:53:42');
INSERT INTO public.syrios_enturmacao (id, school_id, ano_letivo, vigente, aluno_id, turma_id, created_at, updated_at) VALUES (139, 5, 2025, true, 144, 4, '2025-10-15 02:53:42', '2025-10-15 02:53:42');
INSERT INTO public.syrios_enturmacao (id, school_id, ano_letivo, vigente, aluno_id, turma_id, created_at, updated_at) VALUES (140, 5, 2025, true, 145, 4, '2025-10-15 02:53:42', '2025-10-15 02:53:42');
INSERT INTO public.syrios_enturmacao (id, school_id, ano_letivo, vigente, aluno_id, turma_id, created_at, updated_at) VALUES (141, 5, 2025, true, 146, 4, '2025-10-15 02:53:42', '2025-10-15 02:53:42');
INSERT INTO public.syrios_enturmacao (id, school_id, ano_letivo, vigente, aluno_id, turma_id, created_at, updated_at) VALUES (142, 5, 2025, true, 147, 4, '2025-10-15 02:53:42', '2025-10-15 02:53:42');
INSERT INTO public.syrios_enturmacao (id, school_id, ano_letivo, vigente, aluno_id, turma_id, created_at, updated_at) VALUES (143, 5, 2025, true, 148, 4, '2025-10-15 02:53:42', '2025-10-15 02:53:42');
INSERT INTO public.syrios_enturmacao (id, school_id, ano_letivo, vigente, aluno_id, turma_id, created_at, updated_at) VALUES (144, 5, 2025, true, 149, 4, '2025-10-15 02:53:42', '2025-10-15 02:53:42');
INSERT INTO public.syrios_enturmacao (id, school_id, ano_letivo, vigente, aluno_id, turma_id, created_at, updated_at) VALUES (145, 5, 2025, true, 150, 4, '2025-10-15 02:53:42', '2025-10-15 02:53:42');
INSERT INTO public.syrios_enturmacao (id, school_id, ano_letivo, vigente, aluno_id, turma_id, created_at, updated_at) VALUES (146, 5, 2025, true, 151, 4, '2025-10-15 02:53:42', '2025-10-15 02:53:42');
INSERT INTO public.syrios_enturmacao (id, school_id, ano_letivo, vigente, aluno_id, turma_id, created_at, updated_at) VALUES (147, 5, 2025, true, 152, 4, '2025-10-15 02:53:42', '2025-10-15 02:53:42');
INSERT INTO public.syrios_enturmacao (id, school_id, ano_letivo, vigente, aluno_id, turma_id, created_at, updated_at) VALUES (148, 5, 2025, true, 154, 4, '2025-10-15 02:53:42', '2025-10-15 02:53:42');
INSERT INTO public.syrios_enturmacao (id, school_id, ano_letivo, vigente, aluno_id, turma_id, created_at, updated_at) VALUES (149, 5, 2025, true, 155, 4, '2025-10-15 02:53:42', '2025-10-15 02:53:42');
INSERT INTO public.syrios_enturmacao (id, school_id, ano_letivo, vigente, aluno_id, turma_id, created_at, updated_at) VALUES (150, 5, 2025, true, 156, 4, '2025-10-15 02:53:42', '2025-10-15 02:53:42');
INSERT INTO public.syrios_enturmacao (id, school_id, ano_letivo, vigente, aluno_id, turma_id, created_at, updated_at) VALUES (151, 5, 2025, true, 157, 4, '2025-10-15 02:53:42', '2025-10-15 02:53:42');
INSERT INTO public.syrios_enturmacao (id, school_id, ano_letivo, vigente, aluno_id, turma_id, created_at, updated_at) VALUES (152, 5, 2025, true, 159, 4, '2025-10-15 02:53:42', '2025-10-15 02:53:42');
INSERT INTO public.syrios_enturmacao (id, school_id, ano_letivo, vigente, aluno_id, turma_id, created_at, updated_at) VALUES (153, 5, 2025, true, 160, 4, '2025-10-15 02:53:42', '2025-10-15 02:53:42');
INSERT INTO public.syrios_enturmacao (id, school_id, ano_letivo, vigente, aluno_id, turma_id, created_at, updated_at) VALUES (154, 5, 2025, true, 161, 4, '2025-10-15 02:53:42', '2025-10-15 02:53:42');
INSERT INTO public.syrios_enturmacao (id, school_id, ano_letivo, vigente, aluno_id, turma_id, created_at, updated_at) VALUES (155, 5, 2025, true, 163, 4, '2025-10-15 02:53:42', '2025-10-15 02:53:42');
INSERT INTO public.syrios_enturmacao (id, school_id, ano_letivo, vigente, aluno_id, turma_id, created_at, updated_at) VALUES (156, 5, 2025, true, 164, 4, '2025-10-15 02:53:42', '2025-10-15 02:53:42');
INSERT INTO public.syrios_enturmacao (id, school_id, ano_letivo, vigente, aluno_id, turma_id, created_at, updated_at) VALUES (157, 5, 2025, true, 165, 4, '2025-10-15 02:53:42', '2025-10-15 02:53:42');
INSERT INTO public.syrios_enturmacao (id, school_id, ano_letivo, vigente, aluno_id, turma_id, created_at, updated_at) VALUES (158, 5, 2025, true, 166, 4, '2025-10-15 02:53:42', '2025-10-15 02:53:42');
INSERT INTO public.syrios_enturmacao (id, school_id, ano_letivo, vigente, aluno_id, turma_id, created_at, updated_at) VALUES (159, 5, 2025, true, 167, 4, '2025-10-15 02:53:42', '2025-10-15 02:53:42');
INSERT INTO public.syrios_enturmacao (id, school_id, ano_letivo, vigente, aluno_id, turma_id, created_at, updated_at) VALUES (160, 5, 2025, true, 168, 4, '2025-10-15 02:53:42', '2025-10-15 02:53:42');
INSERT INTO public.syrios_enturmacao (id, school_id, ano_letivo, vigente, aluno_id, turma_id, created_at, updated_at) VALUES (161, 5, 2025, true, 169, 4, '2025-10-15 02:53:42', '2025-10-15 02:53:42');
INSERT INTO public.syrios_enturmacao (id, school_id, ano_letivo, vigente, aluno_id, turma_id, created_at, updated_at) VALUES (162, 5, 2025, true, 170, 4, '2025-10-15 02:53:42', '2025-10-15 02:53:42');
INSERT INTO public.syrios_enturmacao (id, school_id, ano_letivo, vigente, aluno_id, turma_id, created_at, updated_at) VALUES (163, 5, 2025, true, 171, 4, '2025-10-15 02:53:42', '2025-10-15 02:53:42');
INSERT INTO public.syrios_enturmacao (id, school_id, ano_letivo, vigente, aluno_id, turma_id, created_at, updated_at) VALUES (164, 5, 2025, true, 172, 4, '2025-10-15 02:53:42', '2025-10-15 02:53:42');
INSERT INTO public.syrios_enturmacao (id, school_id, ano_letivo, vigente, aluno_id, turma_id, created_at, updated_at) VALUES (165, 5, 2025, true, 173, 4, '2025-10-15 02:53:42', '2025-10-15 02:53:42');
INSERT INTO public.syrios_enturmacao (id, school_id, ano_letivo, vigente, aluno_id, turma_id, created_at, updated_at) VALUES (166, 5, 2025, true, 174, 10, '2025-10-15 02:53:42', '2025-10-15 02:53:42');
INSERT INTO public.syrios_enturmacao (id, school_id, ano_letivo, vigente, aluno_id, turma_id, created_at, updated_at) VALUES (167, 5, 2025, true, 175, 6, '2025-10-15 02:53:42', '2025-10-15 02:53:42');
INSERT INTO public.syrios_enturmacao (id, school_id, ano_letivo, vigente, aluno_id, turma_id, created_at, updated_at) VALUES (168, 5, 2025, true, 176, 6, '2025-10-15 02:53:42', '2025-10-15 02:53:42');
INSERT INTO public.syrios_enturmacao (id, school_id, ano_letivo, vigente, aluno_id, turma_id, created_at, updated_at) VALUES (169, 5, 2025, true, 177, 6, '2025-10-15 02:53:42', '2025-10-15 02:53:42');
INSERT INTO public.syrios_enturmacao (id, school_id, ano_letivo, vigente, aluno_id, turma_id, created_at, updated_at) VALUES (170, 5, 2025, true, 178, 6, '2025-10-15 02:53:42', '2025-10-15 02:53:42');
INSERT INTO public.syrios_enturmacao (id, school_id, ano_letivo, vigente, aluno_id, turma_id, created_at, updated_at) VALUES (171, 5, 2025, true, 179, 6, '2025-10-15 02:53:42', '2025-10-15 02:53:42');
INSERT INTO public.syrios_enturmacao (id, school_id, ano_letivo, vigente, aluno_id, turma_id, created_at, updated_at) VALUES (172, 5, 2025, true, 180, 6, '2025-10-15 02:53:42', '2025-10-15 02:53:42');
INSERT INTO public.syrios_enturmacao (id, school_id, ano_letivo, vigente, aluno_id, turma_id, created_at, updated_at) VALUES (173, 5, 2025, true, 181, 6, '2025-10-15 02:53:42', '2025-10-15 02:53:42');
INSERT INTO public.syrios_enturmacao (id, school_id, ano_letivo, vigente, aluno_id, turma_id, created_at, updated_at) VALUES (174, 5, 2025, true, 182, 6, '2025-10-15 02:53:42', '2025-10-15 02:53:42');
INSERT INTO public.syrios_enturmacao (id, school_id, ano_letivo, vigente, aluno_id, turma_id, created_at, updated_at) VALUES (175, 5, 2025, true, 183, 6, '2025-10-15 02:53:42', '2025-10-15 02:53:42');
INSERT INTO public.syrios_enturmacao (id, school_id, ano_letivo, vigente, aluno_id, turma_id, created_at, updated_at) VALUES (176, 5, 2025, true, 184, 6, '2025-10-15 02:53:42', '2025-10-15 02:53:42');
INSERT INTO public.syrios_enturmacao (id, school_id, ano_letivo, vigente, aluno_id, turma_id, created_at, updated_at) VALUES (177, 5, 2025, true, 185, 6, '2025-10-15 02:53:42', '2025-10-15 02:53:42');
INSERT INTO public.syrios_enturmacao (id, school_id, ano_letivo, vigente, aluno_id, turma_id, created_at, updated_at) VALUES (178, 5, 2025, true, 186, 6, '2025-10-15 02:53:42', '2025-10-15 02:53:42');
INSERT INTO public.syrios_enturmacao (id, school_id, ano_letivo, vigente, aluno_id, turma_id, created_at, updated_at) VALUES (179, 5, 2025, true, 187, 6, '2025-10-15 02:53:42', '2025-10-15 02:53:42');
INSERT INTO public.syrios_enturmacao (id, school_id, ano_letivo, vigente, aluno_id, turma_id, created_at, updated_at) VALUES (180, 5, 2025, true, 188, 6, '2025-10-15 02:53:42', '2025-10-15 02:53:42');
INSERT INTO public.syrios_enturmacao (id, school_id, ano_letivo, vigente, aluno_id, turma_id, created_at, updated_at) VALUES (181, 5, 2025, true, 189, 6, '2025-10-15 02:53:42', '2025-10-15 02:53:42');
INSERT INTO public.syrios_enturmacao (id, school_id, ano_letivo, vigente, aluno_id, turma_id, created_at, updated_at) VALUES (182, 5, 2025, true, 190, 10, '2025-10-15 02:53:42', '2025-10-15 02:53:42');
INSERT INTO public.syrios_enturmacao (id, school_id, ano_letivo, vigente, aluno_id, turma_id, created_at, updated_at) VALUES (183, 5, 2025, true, 191, 6, '2025-10-15 02:53:42', '2025-10-15 02:53:42');
INSERT INTO public.syrios_enturmacao (id, school_id, ano_letivo, vigente, aluno_id, turma_id, created_at, updated_at) VALUES (184, 5, 2025, true, 192, 6, '2025-10-15 02:53:42', '2025-10-15 02:53:42');
INSERT INTO public.syrios_enturmacao (id, school_id, ano_letivo, vigente, aluno_id, turma_id, created_at, updated_at) VALUES (185, 5, 2025, true, 193, 6, '2025-10-15 02:53:42', '2025-10-15 02:53:42');
INSERT INTO public.syrios_enturmacao (id, school_id, ano_letivo, vigente, aluno_id, turma_id, created_at, updated_at) VALUES (186, 5, 2025, true, 194, 6, '2025-10-15 02:53:42', '2025-10-15 02:53:42');
INSERT INTO public.syrios_enturmacao (id, school_id, ano_letivo, vigente, aluno_id, turma_id, created_at, updated_at) VALUES (187, 5, 2025, true, 195, 6, '2025-10-15 02:53:42', '2025-10-15 02:53:42');
INSERT INTO public.syrios_enturmacao (id, school_id, ano_letivo, vigente, aluno_id, turma_id, created_at, updated_at) VALUES (188, 5, 2025, true, 196, 6, '2025-10-15 02:53:42', '2025-10-15 02:53:42');
INSERT INTO public.syrios_enturmacao (id, school_id, ano_letivo, vigente, aluno_id, turma_id, created_at, updated_at) VALUES (189, 5, 2025, true, 197, 6, '2025-10-15 02:53:42', '2025-10-15 02:53:42');
INSERT INTO public.syrios_enturmacao (id, school_id, ano_letivo, vigente, aluno_id, turma_id, created_at, updated_at) VALUES (190, 5, 2025, true, 198, 6, '2025-10-15 02:53:42', '2025-10-15 02:53:42');
INSERT INTO public.syrios_enturmacao (id, school_id, ano_letivo, vigente, aluno_id, turma_id, created_at, updated_at) VALUES (191, 5, 2025, true, 199, 6, '2025-10-15 02:53:42', '2025-10-15 02:53:42');
INSERT INTO public.syrios_enturmacao (id, school_id, ano_letivo, vigente, aluno_id, turma_id, created_at, updated_at) VALUES (192, 5, 2025, true, 200, 6, '2025-10-15 02:53:42', '2025-10-15 02:53:42');
INSERT INTO public.syrios_enturmacao (id, school_id, ano_letivo, vigente, aluno_id, turma_id, created_at, updated_at) VALUES (193, 5, 2025, true, 201, 6, '2025-10-15 02:53:42', '2025-10-15 02:53:42');
INSERT INTO public.syrios_enturmacao (id, school_id, ano_letivo, vigente, aluno_id, turma_id, created_at, updated_at) VALUES (194, 5, 2025, true, 202, 6, '2025-10-15 02:53:42', '2025-10-15 02:53:42');
INSERT INTO public.syrios_enturmacao (id, school_id, ano_letivo, vigente, aluno_id, turma_id, created_at, updated_at) VALUES (195, 5, 2025, true, 203, 6, '2025-10-15 02:53:42', '2025-10-15 02:53:42');
INSERT INTO public.syrios_enturmacao (id, school_id, ano_letivo, vigente, aluno_id, turma_id, created_at, updated_at) VALUES (196, 5, 2025, true, 204, 6, '2025-10-15 02:53:42', '2025-10-15 02:53:42');
INSERT INTO public.syrios_enturmacao (id, school_id, ano_letivo, vigente, aluno_id, turma_id, created_at, updated_at) VALUES (197, 5, 2025, true, 205, 6, '2025-10-15 02:53:42', '2025-10-15 02:53:42');
INSERT INTO public.syrios_enturmacao (id, school_id, ano_letivo, vigente, aluno_id, turma_id, created_at, updated_at) VALUES (198, 5, 2025, true, 206, 6, '2025-10-15 02:53:42', '2025-10-15 02:53:42');
INSERT INTO public.syrios_enturmacao (id, school_id, ano_letivo, vigente, aluno_id, turma_id, created_at, updated_at) VALUES (199, 5, 2025, true, 207, 6, '2025-10-15 02:53:42', '2025-10-15 02:53:42');
INSERT INTO public.syrios_enturmacao (id, school_id, ano_letivo, vigente, aluno_id, turma_id, created_at, updated_at) VALUES (200, 5, 2025, true, 209, 6, '2025-10-15 02:53:42', '2025-10-15 02:53:42');
INSERT INTO public.syrios_enturmacao (id, school_id, ano_letivo, vigente, aluno_id, turma_id, created_at, updated_at) VALUES (201, 5, 2025, true, 210, 6, '2025-10-15 02:53:42', '2025-10-15 02:53:42');
INSERT INTO public.syrios_enturmacao (id, school_id, ano_letivo, vigente, aluno_id, turma_id, created_at, updated_at) VALUES (202, 5, 2025, true, 211, 6, '2025-10-15 02:53:42', '2025-10-15 02:53:42');
INSERT INTO public.syrios_enturmacao (id, school_id, ano_letivo, vigente, aluno_id, turma_id, created_at, updated_at) VALUES (203, 5, 2025, true, 212, 6, '2025-10-15 02:53:42', '2025-10-15 02:53:42');
INSERT INTO public.syrios_enturmacao (id, school_id, ano_letivo, vigente, aluno_id, turma_id, created_at, updated_at) VALUES (204, 5, 2025, true, 213, 6, '2025-10-15 02:53:42', '2025-10-15 02:53:42');
INSERT INTO public.syrios_enturmacao (id, school_id, ano_letivo, vigente, aluno_id, turma_id, created_at, updated_at) VALUES (205, 5, 2025, true, 214, 6, '2025-10-15 02:53:42', '2025-10-15 02:53:42');
INSERT INTO public.syrios_enturmacao (id, school_id, ano_letivo, vigente, aluno_id, turma_id, created_at, updated_at) VALUES (206, 5, 2025, true, 215, 7, '2025-10-15 02:53:42', '2025-10-15 02:53:42');
INSERT INTO public.syrios_enturmacao (id, school_id, ano_letivo, vigente, aluno_id, turma_id, created_at, updated_at) VALUES (207, 5, 2025, true, 216, 7, '2025-10-15 02:53:42', '2025-10-15 02:53:42');
INSERT INTO public.syrios_enturmacao (id, school_id, ano_letivo, vigente, aluno_id, turma_id, created_at, updated_at) VALUES (208, 5, 2025, true, 217, 7, '2025-10-15 02:53:42', '2025-10-15 02:53:42');
INSERT INTO public.syrios_enturmacao (id, school_id, ano_letivo, vigente, aluno_id, turma_id, created_at, updated_at) VALUES (209, 5, 2025, true, 218, 7, '2025-10-15 02:53:42', '2025-10-15 02:53:42');
INSERT INTO public.syrios_enturmacao (id, school_id, ano_letivo, vigente, aluno_id, turma_id, created_at, updated_at) VALUES (210, 5, 2025, true, 219, 7, '2025-10-15 02:53:42', '2025-10-15 02:53:42');
INSERT INTO public.syrios_enturmacao (id, school_id, ano_letivo, vigente, aluno_id, turma_id, created_at, updated_at) VALUES (211, 5, 2025, true, 220, 7, '2025-10-15 02:53:42', '2025-10-15 02:53:42');
INSERT INTO public.syrios_enturmacao (id, school_id, ano_letivo, vigente, aluno_id, turma_id, created_at, updated_at) VALUES (212, 5, 2025, true, 221, 10, '2025-10-15 02:53:42', '2025-10-15 02:53:42');
INSERT INTO public.syrios_enturmacao (id, school_id, ano_letivo, vigente, aluno_id, turma_id, created_at, updated_at) VALUES (213, 5, 2025, true, 222, 7, '2025-10-15 02:53:42', '2025-10-15 02:53:42');
INSERT INTO public.syrios_enturmacao (id, school_id, ano_letivo, vigente, aluno_id, turma_id, created_at, updated_at) VALUES (214, 5, 2025, true, 223, 7, '2025-10-15 02:53:42', '2025-10-15 02:53:42');
INSERT INTO public.syrios_enturmacao (id, school_id, ano_letivo, vigente, aluno_id, turma_id, created_at, updated_at) VALUES (215, 5, 2025, true, 224, 7, '2025-10-15 02:53:42', '2025-10-15 02:53:42');
INSERT INTO public.syrios_enturmacao (id, school_id, ano_letivo, vigente, aluno_id, turma_id, created_at, updated_at) VALUES (216, 5, 2025, true, 225, 7, '2025-10-15 02:53:42', '2025-10-15 02:53:42');
INSERT INTO public.syrios_enturmacao (id, school_id, ano_letivo, vigente, aluno_id, turma_id, created_at, updated_at) VALUES (217, 5, 2025, true, 226, 7, '2025-10-15 02:53:42', '2025-10-15 02:53:42');
INSERT INTO public.syrios_enturmacao (id, school_id, ano_letivo, vigente, aluno_id, turma_id, created_at, updated_at) VALUES (218, 5, 2025, true, 227, 7, '2025-10-15 02:53:42', '2025-10-15 02:53:42');
INSERT INTO public.syrios_enturmacao (id, school_id, ano_letivo, vigente, aluno_id, turma_id, created_at, updated_at) VALUES (219, 5, 2025, true, 228, 7, '2025-10-15 02:53:42', '2025-10-15 02:53:42');
INSERT INTO public.syrios_enturmacao (id, school_id, ano_letivo, vigente, aluno_id, turma_id, created_at, updated_at) VALUES (220, 5, 2025, true, 229, 7, '2025-10-15 02:53:42', '2025-10-15 02:53:42');
INSERT INTO public.syrios_enturmacao (id, school_id, ano_letivo, vigente, aluno_id, turma_id, created_at, updated_at) VALUES (221, 5, 2025, true, 230, 7, '2025-10-15 02:53:42', '2025-10-15 02:53:42');
INSERT INTO public.syrios_enturmacao (id, school_id, ano_letivo, vigente, aluno_id, turma_id, created_at, updated_at) VALUES (222, 5, 2025, true, 231, 7, '2025-10-15 02:53:42', '2025-10-15 02:53:42');
INSERT INTO public.syrios_enturmacao (id, school_id, ano_letivo, vigente, aluno_id, turma_id, created_at, updated_at) VALUES (223, 5, 2025, true, 232, 7, '2025-10-15 02:53:42', '2025-10-15 02:53:42');
INSERT INTO public.syrios_enturmacao (id, school_id, ano_letivo, vigente, aluno_id, turma_id, created_at, updated_at) VALUES (224, 5, 2025, true, 233, 7, '2025-10-15 02:53:42', '2025-10-15 02:53:42');
INSERT INTO public.syrios_enturmacao (id, school_id, ano_letivo, vigente, aluno_id, turma_id, created_at, updated_at) VALUES (225, 5, 2025, true, 234, 7, '2025-10-15 02:53:42', '2025-10-15 02:53:42');
INSERT INTO public.syrios_enturmacao (id, school_id, ano_letivo, vigente, aluno_id, turma_id, created_at, updated_at) VALUES (226, 5, 2025, true, 235, 7, '2025-10-15 02:53:42', '2025-10-15 02:53:42');
INSERT INTO public.syrios_enturmacao (id, school_id, ano_letivo, vigente, aluno_id, turma_id, created_at, updated_at) VALUES (227, 5, 2025, true, 236, 7, '2025-10-15 02:53:42', '2025-10-15 02:53:42');
INSERT INTO public.syrios_enturmacao (id, school_id, ano_letivo, vigente, aluno_id, turma_id, created_at, updated_at) VALUES (228, 5, 2025, true, 237, 8, '2025-10-15 02:53:42', '2025-10-15 02:53:42');
INSERT INTO public.syrios_enturmacao (id, school_id, ano_letivo, vigente, aluno_id, turma_id, created_at, updated_at) VALUES (229, 5, 2025, true, 238, 7, '2025-10-15 02:53:42', '2025-10-15 02:53:42');
INSERT INTO public.syrios_enturmacao (id, school_id, ano_letivo, vigente, aluno_id, turma_id, created_at, updated_at) VALUES (230, 5, 2025, true, 239, 7, '2025-10-15 02:53:42', '2025-10-15 02:53:42');
INSERT INTO public.syrios_enturmacao (id, school_id, ano_letivo, vigente, aluno_id, turma_id, created_at, updated_at) VALUES (231, 5, 2025, true, 240, 7, '2025-10-15 02:53:42', '2025-10-15 02:53:42');
INSERT INTO public.syrios_enturmacao (id, school_id, ano_letivo, vigente, aluno_id, turma_id, created_at, updated_at) VALUES (232, 5, 2025, true, 241, 7, '2025-10-15 02:53:42', '2025-10-15 02:53:42');
INSERT INTO public.syrios_enturmacao (id, school_id, ano_letivo, vigente, aluno_id, turma_id, created_at, updated_at) VALUES (233, 5, 2025, true, 242, 7, '2025-10-15 02:53:42', '2025-10-15 02:53:42');
INSERT INTO public.syrios_enturmacao (id, school_id, ano_letivo, vigente, aluno_id, turma_id, created_at, updated_at) VALUES (234, 5, 2025, true, 243, 6, '2025-10-15 02:53:42', '2025-10-15 02:53:42');
INSERT INTO public.syrios_enturmacao (id, school_id, ano_letivo, vigente, aluno_id, turma_id, created_at, updated_at) VALUES (235, 5, 2025, true, 244, 7, '2025-10-15 02:53:42', '2025-10-15 02:53:42');
INSERT INTO public.syrios_enturmacao (id, school_id, ano_letivo, vigente, aluno_id, turma_id, created_at, updated_at) VALUES (236, 5, 2025, true, 245, 10, '2025-10-15 02:53:42', '2025-10-15 02:53:42');
INSERT INTO public.syrios_enturmacao (id, school_id, ano_letivo, vigente, aluno_id, turma_id, created_at, updated_at) VALUES (237, 5, 2025, true, 246, 7, '2025-10-15 02:53:42', '2025-10-15 02:53:42');
INSERT INTO public.syrios_enturmacao (id, school_id, ano_letivo, vigente, aluno_id, turma_id, created_at, updated_at) VALUES (238, 5, 2025, true, 247, 7, '2025-10-15 02:53:42', '2025-10-15 02:53:42');
INSERT INTO public.syrios_enturmacao (id, school_id, ano_letivo, vigente, aluno_id, turma_id, created_at, updated_at) VALUES (239, 5, 2025, true, 248, 7, '2025-10-15 02:53:42', '2025-10-15 02:53:42');
INSERT INTO public.syrios_enturmacao (id, school_id, ano_letivo, vigente, aluno_id, turma_id, created_at, updated_at) VALUES (240, 5, 2025, true, 249, 7, '2025-10-15 02:53:42', '2025-10-15 02:53:42');
INSERT INTO public.syrios_enturmacao (id, school_id, ano_letivo, vigente, aluno_id, turma_id, created_at, updated_at) VALUES (241, 5, 2025, true, 250, 7, '2025-10-15 02:53:42', '2025-10-15 02:53:42');
INSERT INTO public.syrios_enturmacao (id, school_id, ano_letivo, vigente, aluno_id, turma_id, created_at, updated_at) VALUES (242, 5, 2025, true, 251, 7, '2025-10-15 02:53:42', '2025-10-15 02:53:42');
INSERT INTO public.syrios_enturmacao (id, school_id, ano_letivo, vigente, aluno_id, turma_id, created_at, updated_at) VALUES (243, 5, 2025, true, 252, 7, '2025-10-15 02:53:42', '2025-10-15 02:53:42');
INSERT INTO public.syrios_enturmacao (id, school_id, ano_letivo, vigente, aluno_id, turma_id, created_at, updated_at) VALUES (244, 5, 2025, true, 253, 7, '2025-10-15 02:53:42', '2025-10-15 02:53:42');
INSERT INTO public.syrios_enturmacao (id, school_id, ano_letivo, vigente, aluno_id, turma_id, created_at, updated_at) VALUES (245, 5, 2025, true, 254, 7, '2025-10-15 02:53:42', '2025-10-15 02:53:42');
INSERT INTO public.syrios_enturmacao (id, school_id, ano_letivo, vigente, aluno_id, turma_id, created_at, updated_at) VALUES (246, 5, 2025, true, 255, 8, '2025-10-15 02:53:42', '2025-10-15 02:53:42');
INSERT INTO public.syrios_enturmacao (id, school_id, ano_letivo, vigente, aluno_id, turma_id, created_at, updated_at) VALUES (247, 5, 2025, true, 256, 6, '2025-10-15 02:53:42', '2025-10-15 02:53:42');
INSERT INTO public.syrios_enturmacao (id, school_id, ano_letivo, vigente, aluno_id, turma_id, created_at, updated_at) VALUES (248, 5, 2025, true, 257, 8, '2025-10-15 02:53:42', '2025-10-15 02:53:42');
INSERT INTO public.syrios_enturmacao (id, school_id, ano_letivo, vigente, aluno_id, turma_id, created_at, updated_at) VALUES (249, 5, 2025, true, 258, 8, '2025-10-15 02:53:42', '2025-10-15 02:53:42');
INSERT INTO public.syrios_enturmacao (id, school_id, ano_letivo, vigente, aluno_id, turma_id, created_at, updated_at) VALUES (250, 5, 2025, true, 259, 8, '2025-10-15 02:53:42', '2025-10-15 02:53:42');
INSERT INTO public.syrios_enturmacao (id, school_id, ano_letivo, vigente, aluno_id, turma_id, created_at, updated_at) VALUES (251, 5, 2025, true, 260, 8, '2025-10-15 02:53:42', '2025-10-15 02:53:42');
INSERT INTO public.syrios_enturmacao (id, school_id, ano_letivo, vigente, aluno_id, turma_id, created_at, updated_at) VALUES (252, 5, 2025, true, 261, 8, '2025-10-15 02:53:42', '2025-10-15 02:53:42');
INSERT INTO public.syrios_enturmacao (id, school_id, ano_letivo, vigente, aluno_id, turma_id, created_at, updated_at) VALUES (253, 5, 2025, true, 262, 8, '2025-10-15 02:53:42', '2025-10-15 02:53:42');
INSERT INTO public.syrios_enturmacao (id, school_id, ano_letivo, vigente, aluno_id, turma_id, created_at, updated_at) VALUES (254, 5, 2025, true, 263, 8, '2025-10-15 02:53:42', '2025-10-15 02:53:42');
INSERT INTO public.syrios_enturmacao (id, school_id, ano_letivo, vigente, aluno_id, turma_id, created_at, updated_at) VALUES (255, 5, 2025, true, 265, 8, '2025-10-15 02:53:42', '2025-10-15 02:53:42');
INSERT INTO public.syrios_enturmacao (id, school_id, ano_letivo, vigente, aluno_id, turma_id, created_at, updated_at) VALUES (256, 5, 2025, true, 266, 8, '2025-10-15 02:53:42', '2025-10-15 02:53:42');
INSERT INTO public.syrios_enturmacao (id, school_id, ano_letivo, vigente, aluno_id, turma_id, created_at, updated_at) VALUES (257, 5, 2025, true, 267, 8, '2025-10-15 02:53:42', '2025-10-15 02:53:42');
INSERT INTO public.syrios_enturmacao (id, school_id, ano_letivo, vigente, aluno_id, turma_id, created_at, updated_at) VALUES (258, 5, 2025, true, 268, 8, '2025-10-15 02:53:42', '2025-10-15 02:53:42');
INSERT INTO public.syrios_enturmacao (id, school_id, ano_letivo, vigente, aluno_id, turma_id, created_at, updated_at) VALUES (259, 5, 2025, true, 269, 8, '2025-10-15 02:53:42', '2025-10-15 02:53:42');
INSERT INTO public.syrios_enturmacao (id, school_id, ano_letivo, vigente, aluno_id, turma_id, created_at, updated_at) VALUES (260, 5, 2025, true, 270, 8, '2025-10-15 02:53:42', '2025-10-15 02:53:42');
INSERT INTO public.syrios_enturmacao (id, school_id, ano_letivo, vigente, aluno_id, turma_id, created_at, updated_at) VALUES (261, 5, 2025, true, 271, 8, '2025-10-15 02:53:42', '2025-10-15 02:53:42');
INSERT INTO public.syrios_enturmacao (id, school_id, ano_letivo, vigente, aluno_id, turma_id, created_at, updated_at) VALUES (262, 5, 2025, true, 272, 8, '2025-10-15 02:53:42', '2025-10-15 02:53:42');
INSERT INTO public.syrios_enturmacao (id, school_id, ano_letivo, vigente, aluno_id, turma_id, created_at, updated_at) VALUES (263, 5, 2025, true, 273, 8, '2025-10-15 02:53:42', '2025-10-15 02:53:42');
INSERT INTO public.syrios_enturmacao (id, school_id, ano_letivo, vigente, aluno_id, turma_id, created_at, updated_at) VALUES (264, 5, 2025, true, 274, 8, '2025-10-15 02:53:42', '2025-10-15 02:53:42');
INSERT INTO public.syrios_enturmacao (id, school_id, ano_letivo, vigente, aluno_id, turma_id, created_at, updated_at) VALUES (265, 5, 2025, true, 275, 8, '2025-10-15 02:53:42', '2025-10-15 02:53:42');
INSERT INTO public.syrios_enturmacao (id, school_id, ano_letivo, vigente, aluno_id, turma_id, created_at, updated_at) VALUES (266, 5, 2025, true, 276, 8, '2025-10-15 02:53:42', '2025-10-15 02:53:42');
INSERT INTO public.syrios_enturmacao (id, school_id, ano_letivo, vigente, aluno_id, turma_id, created_at, updated_at) VALUES (267, 5, 2025, true, 277, 9, '2025-10-15 02:53:42', '2025-10-15 02:53:42');
INSERT INTO public.syrios_enturmacao (id, school_id, ano_letivo, vigente, aluno_id, turma_id, created_at, updated_at) VALUES (268, 5, 2025, true, 278, 7, '2025-10-15 02:53:42', '2025-10-15 02:53:42');
INSERT INTO public.syrios_enturmacao (id, school_id, ano_letivo, vigente, aluno_id, turma_id, created_at, updated_at) VALUES (269, 5, 2025, true, 279, 8, '2025-10-15 02:53:42', '2025-10-15 02:53:42');
INSERT INTO public.syrios_enturmacao (id, school_id, ano_letivo, vigente, aluno_id, turma_id, created_at, updated_at) VALUES (270, 5, 2025, true, 280, 8, '2025-10-15 02:53:42', '2025-10-15 02:53:42');
INSERT INTO public.syrios_enturmacao (id, school_id, ano_letivo, vigente, aluno_id, turma_id, created_at, updated_at) VALUES (271, 5, 2025, true, 281, 8, '2025-10-15 02:53:42', '2025-10-15 02:53:42');
INSERT INTO public.syrios_enturmacao (id, school_id, ano_letivo, vigente, aluno_id, turma_id, created_at, updated_at) VALUES (272, 5, 2025, true, 282, 8, '2025-10-15 02:53:42', '2025-10-15 02:53:42');
INSERT INTO public.syrios_enturmacao (id, school_id, ano_letivo, vigente, aluno_id, turma_id, created_at, updated_at) VALUES (273, 5, 2025, true, 283, 8, '2025-10-15 02:53:42', '2025-10-15 02:53:42');
INSERT INTO public.syrios_enturmacao (id, school_id, ano_letivo, vigente, aluno_id, turma_id, created_at, updated_at) VALUES (274, 5, 2025, true, 284, 8, '2025-10-15 02:53:42', '2025-10-15 02:53:42');
INSERT INTO public.syrios_enturmacao (id, school_id, ano_letivo, vigente, aluno_id, turma_id, created_at, updated_at) VALUES (275, 5, 2025, true, 285, 10, '2025-10-15 02:53:42', '2025-10-15 02:53:42');
INSERT INTO public.syrios_enturmacao (id, school_id, ano_letivo, vigente, aluno_id, turma_id, created_at, updated_at) VALUES (276, 5, 2025, true, 286, 8, '2025-10-15 02:53:42', '2025-10-15 02:53:42');
INSERT INTO public.syrios_enturmacao (id, school_id, ano_letivo, vigente, aluno_id, turma_id, created_at, updated_at) VALUES (277, 5, 2025, true, 287, 8, '2025-10-15 02:53:42', '2025-10-15 02:53:42');
INSERT INTO public.syrios_enturmacao (id, school_id, ano_letivo, vigente, aluno_id, turma_id, created_at, updated_at) VALUES (278, 5, 2025, true, 288, 8, '2025-10-15 02:53:42', '2025-10-15 02:53:42');
INSERT INTO public.syrios_enturmacao (id, school_id, ano_letivo, vigente, aluno_id, turma_id, created_at, updated_at) VALUES (279, 5, 2025, true, 289, 8, '2025-10-15 02:53:42', '2025-10-15 02:53:42');
INSERT INTO public.syrios_enturmacao (id, school_id, ano_letivo, vigente, aluno_id, turma_id, created_at, updated_at) VALUES (280, 5, 2025, true, 291, 8, '2025-10-15 02:53:42', '2025-10-15 02:53:42');
INSERT INTO public.syrios_enturmacao (id, school_id, ano_letivo, vigente, aluno_id, turma_id, created_at, updated_at) VALUES (281, 5, 2025, true, 292, 8, '2025-10-15 02:53:42', '2025-10-15 02:53:42');
INSERT INTO public.syrios_enturmacao (id, school_id, ano_letivo, vigente, aluno_id, turma_id, created_at, updated_at) VALUES (282, 5, 2025, true, 293, 8, '2025-10-15 02:53:42', '2025-10-15 02:53:42');
INSERT INTO public.syrios_enturmacao (id, school_id, ano_letivo, vigente, aluno_id, turma_id, created_at, updated_at) VALUES (283, 5, 2025, true, 294, 8, '2025-10-15 02:53:42', '2025-10-15 02:53:42');
INSERT INTO public.syrios_enturmacao (id, school_id, ano_letivo, vigente, aluno_id, turma_id, created_at, updated_at) VALUES (284, 5, 2025, true, 295, 8, '2025-10-15 02:53:42', '2025-10-15 02:53:42');
INSERT INTO public.syrios_enturmacao (id, school_id, ano_letivo, vigente, aluno_id, turma_id, created_at, updated_at) VALUES (285, 5, 2025, true, 296, 8, '2025-10-15 02:53:42', '2025-10-15 02:53:42');
INSERT INTO public.syrios_enturmacao (id, school_id, ano_letivo, vigente, aluno_id, turma_id, created_at, updated_at) VALUES (286, 5, 2025, true, 297, 9, '2025-10-15 02:53:42', '2025-10-15 02:53:42');
INSERT INTO public.syrios_enturmacao (id, school_id, ano_letivo, vigente, aluno_id, turma_id, created_at, updated_at) VALUES (287, 5, 2025, true, 298, 9, '2025-10-15 02:53:42', '2025-10-15 02:53:42');
INSERT INTO public.syrios_enturmacao (id, school_id, ano_letivo, vigente, aluno_id, turma_id, created_at, updated_at) VALUES (288, 5, 2025, true, 299, 9, '2025-10-15 02:53:42', '2025-10-15 02:53:42');
INSERT INTO public.syrios_enturmacao (id, school_id, ano_letivo, vigente, aluno_id, turma_id, created_at, updated_at) VALUES (289, 5, 2025, true, 300, 9, '2025-10-15 02:53:42', '2025-10-15 02:53:42');
INSERT INTO public.syrios_enturmacao (id, school_id, ano_letivo, vigente, aluno_id, turma_id, created_at, updated_at) VALUES (290, 5, 2025, true, 301, 9, '2025-10-15 02:53:42', '2025-10-15 02:53:42');
INSERT INTO public.syrios_enturmacao (id, school_id, ano_letivo, vigente, aluno_id, turma_id, created_at, updated_at) VALUES (291, 5, 2025, true, 302, 9, '2025-10-15 02:53:42', '2025-10-15 02:53:42');
INSERT INTO public.syrios_enturmacao (id, school_id, ano_letivo, vigente, aluno_id, turma_id, created_at, updated_at) VALUES (292, 5, 2025, true, 303, 9, '2025-10-15 02:53:42', '2025-10-15 02:53:42');
INSERT INTO public.syrios_enturmacao (id, school_id, ano_letivo, vigente, aluno_id, turma_id, created_at, updated_at) VALUES (293, 5, 2025, true, 304, 9, '2025-10-15 02:53:42', '2025-10-15 02:53:42');
INSERT INTO public.syrios_enturmacao (id, school_id, ano_letivo, vigente, aluno_id, turma_id, created_at, updated_at) VALUES (294, 5, 2025, true, 305, 9, '2025-10-15 02:53:42', '2025-10-15 02:53:42');
INSERT INTO public.syrios_enturmacao (id, school_id, ano_letivo, vigente, aluno_id, turma_id, created_at, updated_at) VALUES (295, 5, 2025, true, 306, 9, '2025-10-15 02:53:42', '2025-10-15 02:53:42');
INSERT INTO public.syrios_enturmacao (id, school_id, ano_letivo, vigente, aluno_id, turma_id, created_at, updated_at) VALUES (296, 5, 2025, true, 307, 9, '2025-10-15 02:53:42', '2025-10-15 02:53:42');
INSERT INTO public.syrios_enturmacao (id, school_id, ano_letivo, vigente, aluno_id, turma_id, created_at, updated_at) VALUES (297, 5, 2025, true, 308, 9, '2025-10-15 02:53:42', '2025-10-15 02:53:42');
INSERT INTO public.syrios_enturmacao (id, school_id, ano_letivo, vigente, aluno_id, turma_id, created_at, updated_at) VALUES (298, 5, 2025, true, 309, 9, '2025-10-15 02:53:42', '2025-10-15 02:53:42');
INSERT INTO public.syrios_enturmacao (id, school_id, ano_letivo, vigente, aluno_id, turma_id, created_at, updated_at) VALUES (299, 5, 2025, true, 310, 9, '2025-10-15 02:53:42', '2025-10-15 02:53:42');
INSERT INTO public.syrios_enturmacao (id, school_id, ano_letivo, vigente, aluno_id, turma_id, created_at, updated_at) VALUES (300, 5, 2025, true, 311, 9, '2025-10-15 02:53:42', '2025-10-15 02:53:42');
INSERT INTO public.syrios_enturmacao (id, school_id, ano_letivo, vigente, aluno_id, turma_id, created_at, updated_at) VALUES (301, 5, 2025, true, 312, 9, '2025-10-15 02:53:42', '2025-10-15 02:53:42');
INSERT INTO public.syrios_enturmacao (id, school_id, ano_letivo, vigente, aluno_id, turma_id, created_at, updated_at) VALUES (302, 5, 2025, true, 313, 9, '2025-10-15 02:53:42', '2025-10-15 02:53:42');
INSERT INTO public.syrios_enturmacao (id, school_id, ano_letivo, vigente, aluno_id, turma_id, created_at, updated_at) VALUES (303, 5, 2025, true, 314, 9, '2025-10-15 02:53:42', '2025-10-15 02:53:42');
INSERT INTO public.syrios_enturmacao (id, school_id, ano_letivo, vigente, aluno_id, turma_id, created_at, updated_at) VALUES (304, 5, 2025, true, 315, 9, '2025-10-15 02:53:42', '2025-10-15 02:53:42');
INSERT INTO public.syrios_enturmacao (id, school_id, ano_letivo, vigente, aluno_id, turma_id, created_at, updated_at) VALUES (305, 5, 2025, true, 316, 9, '2025-10-15 02:53:42', '2025-10-15 02:53:42');
INSERT INTO public.syrios_enturmacao (id, school_id, ano_letivo, vigente, aluno_id, turma_id, created_at, updated_at) VALUES (306, 5, 2025, true, 317, 9, '2025-10-15 02:53:42', '2025-10-15 02:53:42');
INSERT INTO public.syrios_enturmacao (id, school_id, ano_letivo, vigente, aluno_id, turma_id, created_at, updated_at) VALUES (307, 5, 2025, true, 318, 9, '2025-10-15 02:53:42', '2025-10-15 02:53:42');
INSERT INTO public.syrios_enturmacao (id, school_id, ano_letivo, vigente, aluno_id, turma_id, created_at, updated_at) VALUES (308, 5, 2025, true, 319, 9, '2025-10-15 02:53:42', '2025-10-15 02:53:42');
INSERT INTO public.syrios_enturmacao (id, school_id, ano_letivo, vigente, aluno_id, turma_id, created_at, updated_at) VALUES (309, 5, 2025, true, 320, 9, '2025-10-15 02:53:42', '2025-10-15 02:53:42');
INSERT INTO public.syrios_enturmacao (id, school_id, ano_letivo, vigente, aluno_id, turma_id, created_at, updated_at) VALUES (310, 5, 2025, true, 321, 9, '2025-10-15 02:53:42', '2025-10-15 02:53:42');
INSERT INTO public.syrios_enturmacao (id, school_id, ano_letivo, vigente, aluno_id, turma_id, created_at, updated_at) VALUES (311, 5, 2025, true, 322, 9, '2025-10-15 02:53:42', '2025-10-15 02:53:42');
INSERT INTO public.syrios_enturmacao (id, school_id, ano_letivo, vigente, aluno_id, turma_id, created_at, updated_at) VALUES (312, 5, 2025, true, 323, 9, '2025-10-15 02:53:42', '2025-10-15 02:53:42');
INSERT INTO public.syrios_enturmacao (id, school_id, ano_letivo, vigente, aluno_id, turma_id, created_at, updated_at) VALUES (313, 5, 2025, true, 324, 9, '2025-10-15 02:53:42', '2025-10-15 02:53:42');
INSERT INTO public.syrios_enturmacao (id, school_id, ano_letivo, vigente, aluno_id, turma_id, created_at, updated_at) VALUES (314, 5, 2025, true, 325, 9, '2025-10-15 02:53:42', '2025-10-15 02:53:42');
INSERT INTO public.syrios_enturmacao (id, school_id, ano_letivo, vigente, aluno_id, turma_id, created_at, updated_at) VALUES (315, 5, 2025, true, 326, 9, '2025-10-15 02:53:42', '2025-10-15 02:53:42');
INSERT INTO public.syrios_enturmacao (id, school_id, ano_letivo, vigente, aluno_id, turma_id, created_at, updated_at) VALUES (316, 5, 2025, true, 327, 9, '2025-10-15 02:53:42', '2025-10-15 02:53:42');
INSERT INTO public.syrios_enturmacao (id, school_id, ano_letivo, vigente, aluno_id, turma_id, created_at, updated_at) VALUES (317, 5, 2025, true, 328, 9, '2025-10-15 02:53:42', '2025-10-15 02:53:42');
INSERT INTO public.syrios_enturmacao (id, school_id, ano_letivo, vigente, aluno_id, turma_id, created_at, updated_at) VALUES (318, 5, 2025, true, 329, 9, '2025-10-15 02:53:42', '2025-10-15 02:53:42');
INSERT INTO public.syrios_enturmacao (id, school_id, ano_letivo, vigente, aluno_id, turma_id, created_at, updated_at) VALUES (319, 5, 2025, true, 330, 9, '2025-10-15 02:53:42', '2025-10-15 02:53:42');
INSERT INTO public.syrios_enturmacao (id, school_id, ano_letivo, vigente, aluno_id, turma_id, created_at, updated_at) VALUES (320, 5, 2025, true, 331, 9, '2025-10-15 02:53:42', '2025-10-15 02:53:42');
INSERT INTO public.syrios_enturmacao (id, school_id, ano_letivo, vigente, aluno_id, turma_id, created_at, updated_at) VALUES (321, 5, 2025, true, 332, 9, '2025-10-15 02:53:42', '2025-10-15 02:53:42');
INSERT INTO public.syrios_enturmacao (id, school_id, ano_letivo, vigente, aluno_id, turma_id, created_at, updated_at) VALUES (322, 5, 2025, true, 333, 9, '2025-10-15 02:53:42', '2025-10-15 02:53:42');
INSERT INTO public.syrios_enturmacao (id, school_id, ano_letivo, vigente, aluno_id, turma_id, created_at, updated_at) VALUES (323, 5, 2025, true, 334, 9, '2025-10-15 02:53:42', '2025-10-15 02:53:42');
INSERT INTO public.syrios_enturmacao (id, school_id, ano_letivo, vigente, aluno_id, turma_id, created_at, updated_at) VALUES (324, 5, 2025, true, 335, 9, '2025-10-15 02:53:42', '2025-10-15 02:53:42');
INSERT INTO public.syrios_enturmacao (id, school_id, ano_letivo, vigente, aluno_id, turma_id, created_at, updated_at) VALUES (325, 5, 2025, true, 336, 9, '2025-10-15 02:53:42', '2025-10-15 02:53:42');
INSERT INTO public.syrios_enturmacao (id, school_id, ano_letivo, vigente, aluno_id, turma_id, created_at, updated_at) VALUES (326, 5, 2025, true, 337, 9, '2025-10-15 02:53:42', '2025-10-15 02:53:42');
INSERT INTO public.syrios_enturmacao (id, school_id, ano_letivo, vigente, aluno_id, turma_id, created_at, updated_at) VALUES (327, 5, 2025, true, 338, 9, '2025-10-15 02:53:42', '2025-10-15 02:53:42');
INSERT INTO public.syrios_enturmacao (id, school_id, ano_letivo, vigente, aluno_id, turma_id, created_at, updated_at) VALUES (328, 5, 2025, true, 339, 10, '2025-10-15 02:53:42', '2025-10-15 02:53:42');
INSERT INTO public.syrios_enturmacao (id, school_id, ano_letivo, vigente, aluno_id, turma_id, created_at, updated_at) VALUES (329, 5, 2025, true, 341, 10, '2025-10-15 02:53:42', '2025-10-15 02:53:42');
INSERT INTO public.syrios_enturmacao (id, school_id, ano_letivo, vigente, aluno_id, turma_id, created_at, updated_at) VALUES (330, 5, 2025, true, 342, 10, '2025-10-15 02:53:42', '2025-10-15 02:53:42');
INSERT INTO public.syrios_enturmacao (id, school_id, ano_letivo, vigente, aluno_id, turma_id, created_at, updated_at) VALUES (331, 5, 2025, true, 344, 10, '2025-10-15 02:53:42', '2025-10-15 02:53:42');
INSERT INTO public.syrios_enturmacao (id, school_id, ano_letivo, vigente, aluno_id, turma_id, created_at, updated_at) VALUES (332, 5, 2025, true, 345, 10, '2025-10-15 02:53:42', '2025-10-15 02:53:42');
INSERT INTO public.syrios_enturmacao (id, school_id, ano_letivo, vigente, aluno_id, turma_id, created_at, updated_at) VALUES (333, 5, 2025, true, 346, 10, '2025-10-15 02:53:42', '2025-10-15 02:53:42');
INSERT INTO public.syrios_enturmacao (id, school_id, ano_letivo, vigente, aluno_id, turma_id, created_at, updated_at) VALUES (334, 5, 2025, true, 347, 10, '2025-10-15 02:53:42', '2025-10-15 02:53:42');
INSERT INTO public.syrios_enturmacao (id, school_id, ano_letivo, vigente, aluno_id, turma_id, created_at, updated_at) VALUES (335, 5, 2025, true, 348, 6, '2025-10-15 02:53:42', '2025-10-15 02:53:42');
INSERT INTO public.syrios_enturmacao (id, school_id, ano_letivo, vigente, aluno_id, turma_id, created_at, updated_at) VALUES (336, 5, 2025, true, 349, 10, '2025-10-15 02:53:42', '2025-10-15 02:53:42');
INSERT INTO public.syrios_enturmacao (id, school_id, ano_letivo, vigente, aluno_id, turma_id, created_at, updated_at) VALUES (337, 5, 2025, true, 350, 10, '2025-10-15 02:53:42', '2025-10-15 02:53:42');
INSERT INTO public.syrios_enturmacao (id, school_id, ano_letivo, vigente, aluno_id, turma_id, created_at, updated_at) VALUES (338, 5, 2025, true, 351, 10, '2025-10-15 02:53:42', '2025-10-15 02:53:42');
INSERT INTO public.syrios_enturmacao (id, school_id, ano_letivo, vigente, aluno_id, turma_id, created_at, updated_at) VALUES (339, 5, 2025, true, 352, 10, '2025-10-15 02:53:42', '2025-10-15 02:53:42');
INSERT INTO public.syrios_enturmacao (id, school_id, ano_letivo, vigente, aluno_id, turma_id, created_at, updated_at) VALUES (340, 5, 2025, true, 353, 10, '2025-10-15 02:53:42', '2025-10-15 02:53:42');
INSERT INTO public.syrios_enturmacao (id, school_id, ano_letivo, vigente, aluno_id, turma_id, created_at, updated_at) VALUES (341, 5, 2025, true, 354, 10, '2025-10-15 02:53:42', '2025-10-15 02:53:42');
INSERT INTO public.syrios_enturmacao (id, school_id, ano_letivo, vigente, aluno_id, turma_id, created_at, updated_at) VALUES (342, 5, 2025, true, 355, 10, '2025-10-15 02:53:42', '2025-10-15 02:53:42');
INSERT INTO public.syrios_enturmacao (id, school_id, ano_letivo, vigente, aluno_id, turma_id, created_at, updated_at) VALUES (343, 5, 2025, true, 356, 10, '2025-10-15 02:53:42', '2025-10-15 02:53:42');
INSERT INTO public.syrios_enturmacao (id, school_id, ano_letivo, vigente, aluno_id, turma_id, created_at, updated_at) VALUES (344, 5, 2025, true, 357, 10, '2025-10-15 02:53:42', '2025-10-15 02:53:42');
INSERT INTO public.syrios_enturmacao (id, school_id, ano_letivo, vigente, aluno_id, turma_id, created_at, updated_at) VALUES (345, 5, 2025, true, 358, 10, '2025-10-15 02:53:42', '2025-10-15 02:53:42');
INSERT INTO public.syrios_enturmacao (id, school_id, ano_letivo, vigente, aluno_id, turma_id, created_at, updated_at) VALUES (346, 5, 2025, true, 359, 10, '2025-10-15 02:53:42', '2025-10-15 02:53:42');
INSERT INTO public.syrios_enturmacao (id, school_id, ano_letivo, vigente, aluno_id, turma_id, created_at, updated_at) VALUES (347, 5, 2025, true, 360, 10, '2025-10-15 02:53:42', '2025-10-15 02:53:42');
INSERT INTO public.syrios_enturmacao (id, school_id, ano_letivo, vigente, aluno_id, turma_id, created_at, updated_at) VALUES (348, 5, 2025, true, 362, 10, '2025-10-15 02:53:42', '2025-10-15 02:53:42');
INSERT INTO public.syrios_enturmacao (id, school_id, ano_letivo, vigente, aluno_id, turma_id, created_at, updated_at) VALUES (349, 5, 2025, true, 363, 10, '2025-10-15 02:53:42', '2025-10-15 02:53:42');
INSERT INTO public.syrios_enturmacao (id, school_id, ano_letivo, vigente, aluno_id, turma_id, created_at, updated_at) VALUES (350, 5, 2025, true, 364, 10, '2025-10-15 02:53:42', '2025-10-15 02:53:42');
INSERT INTO public.syrios_enturmacao (id, school_id, ano_letivo, vigente, aluno_id, turma_id, created_at, updated_at) VALUES (351, 5, 2025, true, 365, 11, '2025-10-15 02:53:42', '2025-10-15 02:53:42');
INSERT INTO public.syrios_enturmacao (id, school_id, ano_letivo, vigente, aluno_id, turma_id, created_at, updated_at) VALUES (352, 5, 2025, true, 366, 11, '2025-10-15 02:53:42', '2025-10-15 02:53:42');
INSERT INTO public.syrios_enturmacao (id, school_id, ano_letivo, vigente, aluno_id, turma_id, created_at, updated_at) VALUES (353, 5, 2025, true, 367, 11, '2025-10-15 02:53:42', '2025-10-15 02:53:42');
INSERT INTO public.syrios_enturmacao (id, school_id, ano_letivo, vigente, aluno_id, turma_id, created_at, updated_at) VALUES (354, 5, 2025, true, 368, 11, '2025-10-15 02:53:42', '2025-10-15 02:53:42');
INSERT INTO public.syrios_enturmacao (id, school_id, ano_letivo, vigente, aluno_id, turma_id, created_at, updated_at) VALUES (355, 5, 2025, true, 369, 11, '2025-10-15 02:53:42', '2025-10-15 02:53:42');
INSERT INTO public.syrios_enturmacao (id, school_id, ano_letivo, vigente, aluno_id, turma_id, created_at, updated_at) VALUES (356, 5, 2025, true, 370, 15, '2025-10-15 02:53:42', '2025-10-15 02:53:42');
INSERT INTO public.syrios_enturmacao (id, school_id, ano_letivo, vigente, aluno_id, turma_id, created_at, updated_at) VALUES (357, 5, 2025, true, 371, 15, '2025-10-15 02:53:42', '2025-10-15 02:53:42');
INSERT INTO public.syrios_enturmacao (id, school_id, ano_letivo, vigente, aluno_id, turma_id, created_at, updated_at) VALUES (358, 5, 2025, true, 372, 11, '2025-10-15 02:53:42', '2025-10-15 02:53:42');
INSERT INTO public.syrios_enturmacao (id, school_id, ano_letivo, vigente, aluno_id, turma_id, created_at, updated_at) VALUES (359, 5, 2025, true, 373, 15, '2025-10-15 02:53:42', '2025-10-15 02:53:42');
INSERT INTO public.syrios_enturmacao (id, school_id, ano_letivo, vigente, aluno_id, turma_id, created_at, updated_at) VALUES (360, 5, 2025, true, 374, 11, '2025-10-15 02:53:42', '2025-10-15 02:53:42');
INSERT INTO public.syrios_enturmacao (id, school_id, ano_letivo, vigente, aluno_id, turma_id, created_at, updated_at) VALUES (361, 5, 2025, true, 375, 11, '2025-10-15 02:53:42', '2025-10-15 02:53:42');
INSERT INTO public.syrios_enturmacao (id, school_id, ano_letivo, vigente, aluno_id, turma_id, created_at, updated_at) VALUES (362, 5, 2025, true, 376, 13, '2025-10-15 02:53:42', '2025-10-15 02:53:42');
INSERT INTO public.syrios_enturmacao (id, school_id, ano_letivo, vigente, aluno_id, turma_id, created_at, updated_at) VALUES (363, 5, 2025, true, 378, 11, '2025-10-15 02:53:42', '2025-10-15 02:53:42');
INSERT INTO public.syrios_enturmacao (id, school_id, ano_letivo, vigente, aluno_id, turma_id, created_at, updated_at) VALUES (364, 5, 2025, true, 379, 11, '2025-10-15 02:53:42', '2025-10-15 02:53:42');
INSERT INTO public.syrios_enturmacao (id, school_id, ano_letivo, vigente, aluno_id, turma_id, created_at, updated_at) VALUES (365, 5, 2025, true, 380, 11, '2025-10-15 02:53:42', '2025-10-15 02:53:42');
INSERT INTO public.syrios_enturmacao (id, school_id, ano_letivo, vigente, aluno_id, turma_id, created_at, updated_at) VALUES (366, 5, 2025, true, 381, 11, '2025-10-15 02:53:42', '2025-10-15 02:53:42');
INSERT INTO public.syrios_enturmacao (id, school_id, ano_letivo, vigente, aluno_id, turma_id, created_at, updated_at) VALUES (367, 5, 2025, true, 382, 11, '2025-10-15 02:53:42', '2025-10-15 02:53:42');
INSERT INTO public.syrios_enturmacao (id, school_id, ano_letivo, vigente, aluno_id, turma_id, created_at, updated_at) VALUES (368, 5, 2025, true, 383, 11, '2025-10-15 02:53:42', '2025-10-15 02:53:42');
INSERT INTO public.syrios_enturmacao (id, school_id, ano_letivo, vigente, aluno_id, turma_id, created_at, updated_at) VALUES (369, 5, 2025, true, 384, 11, '2025-10-15 02:53:42', '2025-10-15 02:53:42');
INSERT INTO public.syrios_enturmacao (id, school_id, ano_letivo, vigente, aluno_id, turma_id, created_at, updated_at) VALUES (370, 5, 2025, true, 385, 11, '2025-10-15 02:53:42', '2025-10-15 02:53:42');
INSERT INTO public.syrios_enturmacao (id, school_id, ano_letivo, vigente, aluno_id, turma_id, created_at, updated_at) VALUES (371, 5, 2025, true, 386, 11, '2025-10-15 02:53:42', '2025-10-15 02:53:42');
INSERT INTO public.syrios_enturmacao (id, school_id, ano_letivo, vigente, aluno_id, turma_id, created_at, updated_at) VALUES (372, 5, 2025, true, 387, 13, '2025-10-15 02:53:42', '2025-10-15 02:53:42');
INSERT INTO public.syrios_enturmacao (id, school_id, ano_letivo, vigente, aluno_id, turma_id, created_at, updated_at) VALUES (373, 5, 2025, true, 388, 11, '2025-10-15 02:53:42', '2025-10-15 02:53:42');
INSERT INTO public.syrios_enturmacao (id, school_id, ano_letivo, vigente, aluno_id, turma_id, created_at, updated_at) VALUES (374, 5, 2025, true, 389, 11, '2025-10-15 02:53:42', '2025-10-15 02:53:42');
INSERT INTO public.syrios_enturmacao (id, school_id, ano_letivo, vigente, aluno_id, turma_id, created_at, updated_at) VALUES (375, 5, 2025, true, 390, 11, '2025-10-15 02:53:42', '2025-10-15 02:53:42');
INSERT INTO public.syrios_enturmacao (id, school_id, ano_letivo, vigente, aluno_id, turma_id, created_at, updated_at) VALUES (376, 5, 2025, true, 391, 11, '2025-10-15 02:53:42', '2025-10-15 02:53:42');
INSERT INTO public.syrios_enturmacao (id, school_id, ano_letivo, vigente, aluno_id, turma_id, created_at, updated_at) VALUES (377, 5, 2025, true, 392, 12, '2025-10-15 02:53:42', '2025-10-15 02:53:42');
INSERT INTO public.syrios_enturmacao (id, school_id, ano_letivo, vigente, aluno_id, turma_id, created_at, updated_at) VALUES (378, 5, 2025, true, 393, 11, '2025-10-15 02:53:42', '2025-10-15 02:53:42');
INSERT INTO public.syrios_enturmacao (id, school_id, ano_letivo, vigente, aluno_id, turma_id, created_at, updated_at) VALUES (379, 5, 2025, true, 394, 11, '2025-10-15 02:53:42', '2025-10-15 02:53:42');
INSERT INTO public.syrios_enturmacao (id, school_id, ano_letivo, vigente, aluno_id, turma_id, created_at, updated_at) VALUES (380, 5, 2025, true, 395, 11, '2025-10-15 02:53:42', '2025-10-15 02:53:42');
INSERT INTO public.syrios_enturmacao (id, school_id, ano_letivo, vigente, aluno_id, turma_id, created_at, updated_at) VALUES (381, 5, 2025, true, 396, 12, '2025-10-15 02:53:42', '2025-10-15 02:53:42');
INSERT INTO public.syrios_enturmacao (id, school_id, ano_letivo, vigente, aluno_id, turma_id, created_at, updated_at) VALUES (382, 5, 2025, true, 397, 15, '2025-10-15 02:53:42', '2025-10-15 02:53:42');
INSERT INTO public.syrios_enturmacao (id, school_id, ano_letivo, vigente, aluno_id, turma_id, created_at, updated_at) VALUES (383, 5, 2025, true, 398, 12, '2025-10-15 02:53:42', '2025-10-15 02:53:42');
INSERT INTO public.syrios_enturmacao (id, school_id, ano_letivo, vigente, aluno_id, turma_id, created_at, updated_at) VALUES (384, 5, 2025, true, 399, 12, '2025-10-15 02:53:42', '2025-10-15 02:53:42');
INSERT INTO public.syrios_enturmacao (id, school_id, ano_letivo, vigente, aluno_id, turma_id, created_at, updated_at) VALUES (385, 5, 2025, true, 400, 12, '2025-10-15 02:53:42', '2025-10-15 02:53:42');
INSERT INTO public.syrios_enturmacao (id, school_id, ano_letivo, vigente, aluno_id, turma_id, created_at, updated_at) VALUES (386, 5, 2025, true, 401, 12, '2025-10-15 02:53:42', '2025-10-15 02:53:42');
INSERT INTO public.syrios_enturmacao (id, school_id, ano_letivo, vigente, aluno_id, turma_id, created_at, updated_at) VALUES (387, 5, 2025, true, 402, 12, '2025-10-15 02:53:42', '2025-10-15 02:53:42');
INSERT INTO public.syrios_enturmacao (id, school_id, ano_letivo, vigente, aluno_id, turma_id, created_at, updated_at) VALUES (388, 5, 2025, true, 403, 12, '2025-10-15 02:53:42', '2025-10-15 02:53:42');
INSERT INTO public.syrios_enturmacao (id, school_id, ano_letivo, vigente, aluno_id, turma_id, created_at, updated_at) VALUES (389, 5, 2025, true, 404, 12, '2025-10-15 02:53:42', '2025-10-15 02:53:42');
INSERT INTO public.syrios_enturmacao (id, school_id, ano_letivo, vigente, aluno_id, turma_id, created_at, updated_at) VALUES (390, 5, 2025, true, 405, 12, '2025-10-15 02:53:42', '2025-10-15 02:53:42');
INSERT INTO public.syrios_enturmacao (id, school_id, ano_letivo, vigente, aluno_id, turma_id, created_at, updated_at) VALUES (391, 5, 2025, true, 406, 12, '2025-10-15 02:53:42', '2025-10-15 02:53:42');
INSERT INTO public.syrios_enturmacao (id, school_id, ano_letivo, vigente, aluno_id, turma_id, created_at, updated_at) VALUES (392, 5, 2025, true, 407, 12, '2025-10-15 02:53:42', '2025-10-15 02:53:42');
INSERT INTO public.syrios_enturmacao (id, school_id, ano_letivo, vigente, aluno_id, turma_id, created_at, updated_at) VALUES (393, 5, 2025, true, 408, 13, '2025-10-15 02:53:42', '2025-10-15 02:53:42');
INSERT INTO public.syrios_enturmacao (id, school_id, ano_letivo, vigente, aluno_id, turma_id, created_at, updated_at) VALUES (394, 5, 2025, true, 409, 12, '2025-10-15 02:53:42', '2025-10-15 02:53:42');
INSERT INTO public.syrios_enturmacao (id, school_id, ano_letivo, vigente, aluno_id, turma_id, created_at, updated_at) VALUES (395, 5, 2025, true, 410, 12, '2025-10-15 02:53:42', '2025-10-15 02:53:42');
INSERT INTO public.syrios_enturmacao (id, school_id, ano_letivo, vigente, aluno_id, turma_id, created_at, updated_at) VALUES (396, 5, 2025, true, 411, 12, '2025-10-15 02:53:42', '2025-10-15 02:53:42');
INSERT INTO public.syrios_enturmacao (id, school_id, ano_letivo, vigente, aluno_id, turma_id, created_at, updated_at) VALUES (397, 5, 2025, true, 412, 13, '2025-10-15 02:53:42', '2025-10-15 02:53:42');
INSERT INTO public.syrios_enturmacao (id, school_id, ano_letivo, vigente, aluno_id, turma_id, created_at, updated_at) VALUES (398, 5, 2025, true, 413, 12, '2025-10-15 02:53:42', '2025-10-15 02:53:42');
INSERT INTO public.syrios_enturmacao (id, school_id, ano_letivo, vigente, aluno_id, turma_id, created_at, updated_at) VALUES (399, 5, 2025, true, 414, 11, '2025-10-15 02:53:42', '2025-10-15 02:53:42');
INSERT INTO public.syrios_enturmacao (id, school_id, ano_letivo, vigente, aluno_id, turma_id, created_at, updated_at) VALUES (400, 5, 2025, true, 415, 12, '2025-10-15 02:53:42', '2025-10-15 02:53:42');
INSERT INTO public.syrios_enturmacao (id, school_id, ano_letivo, vigente, aluno_id, turma_id, created_at, updated_at) VALUES (401, 5, 2025, true, 416, 12, '2025-10-15 02:53:42', '2025-10-15 02:53:42');
INSERT INTO public.syrios_enturmacao (id, school_id, ano_letivo, vigente, aluno_id, turma_id, created_at, updated_at) VALUES (402, 5, 2025, true, 417, 12, '2025-10-15 02:53:42', '2025-10-15 02:53:42');
INSERT INTO public.syrios_enturmacao (id, school_id, ano_letivo, vigente, aluno_id, turma_id, created_at, updated_at) VALUES (403, 5, 2025, true, 418, 12, '2025-10-15 02:53:42', '2025-10-15 02:53:42');
INSERT INTO public.syrios_enturmacao (id, school_id, ano_letivo, vigente, aluno_id, turma_id, created_at, updated_at) VALUES (404, 5, 2025, true, 419, 12, '2025-10-15 02:53:42', '2025-10-15 02:53:42');
INSERT INTO public.syrios_enturmacao (id, school_id, ano_letivo, vigente, aluno_id, turma_id, created_at, updated_at) VALUES (405, 5, 2025, true, 420, 13, '2025-10-15 02:53:42', '2025-10-15 02:53:42');
INSERT INTO public.syrios_enturmacao (id, school_id, ano_letivo, vigente, aluno_id, turma_id, created_at, updated_at) VALUES (406, 5, 2025, true, 421, 12, '2025-10-15 02:53:42', '2025-10-15 02:53:42');
INSERT INTO public.syrios_enturmacao (id, school_id, ano_letivo, vigente, aluno_id, turma_id, created_at, updated_at) VALUES (407, 5, 2025, true, 422, 12, '2025-10-15 02:53:42', '2025-10-15 02:53:42');
INSERT INTO public.syrios_enturmacao (id, school_id, ano_letivo, vigente, aluno_id, turma_id, created_at, updated_at) VALUES (408, 5, 2025, true, 423, 13, '2025-10-15 02:53:42', '2025-10-15 02:53:42');
INSERT INTO public.syrios_enturmacao (id, school_id, ano_letivo, vigente, aluno_id, turma_id, created_at, updated_at) VALUES (409, 5, 2025, true, 424, 14, '2025-10-15 02:53:42', '2025-10-15 02:53:42');
INSERT INTO public.syrios_enturmacao (id, school_id, ano_letivo, vigente, aluno_id, turma_id, created_at, updated_at) VALUES (410, 5, 2025, true, 425, 13, '2025-10-15 02:53:42', '2025-10-15 02:53:42');
INSERT INTO public.syrios_enturmacao (id, school_id, ano_letivo, vigente, aluno_id, turma_id, created_at, updated_at) VALUES (411, 5, 2025, true, 426, 13, '2025-10-15 02:53:42', '2025-10-15 02:53:42');
INSERT INTO public.syrios_enturmacao (id, school_id, ano_letivo, vigente, aluno_id, turma_id, created_at, updated_at) VALUES (412, 5, 2025, true, 427, 13, '2025-10-15 02:53:42', '2025-10-15 02:53:42');
INSERT INTO public.syrios_enturmacao (id, school_id, ano_letivo, vigente, aluno_id, turma_id, created_at, updated_at) VALUES (413, 5, 2025, true, 428, 13, '2025-10-15 02:53:42', '2025-10-15 02:53:42');
INSERT INTO public.syrios_enturmacao (id, school_id, ano_letivo, vigente, aluno_id, turma_id, created_at, updated_at) VALUES (414, 5, 2025, true, 429, 13, '2025-10-15 02:53:42', '2025-10-15 02:53:42');
INSERT INTO public.syrios_enturmacao (id, school_id, ano_letivo, vigente, aluno_id, turma_id, created_at, updated_at) VALUES (415, 5, 2025, true, 430, 13, '2025-10-15 02:53:42', '2025-10-15 02:53:42');
INSERT INTO public.syrios_enturmacao (id, school_id, ano_letivo, vigente, aluno_id, turma_id, created_at, updated_at) VALUES (416, 5, 2025, true, 431, 13, '2025-10-15 02:53:42', '2025-10-15 02:53:42');
INSERT INTO public.syrios_enturmacao (id, school_id, ano_letivo, vigente, aluno_id, turma_id, created_at, updated_at) VALUES (417, 5, 2025, true, 432, 13, '2025-10-15 02:53:42', '2025-10-15 02:53:42');
INSERT INTO public.syrios_enturmacao (id, school_id, ano_letivo, vigente, aluno_id, turma_id, created_at, updated_at) VALUES (418, 5, 2025, true, 433, 13, '2025-10-15 02:53:42', '2025-10-15 02:53:42');
INSERT INTO public.syrios_enturmacao (id, school_id, ano_letivo, vigente, aluno_id, turma_id, created_at, updated_at) VALUES (419, 5, 2025, true, 434, 13, '2025-10-15 02:53:42', '2025-10-15 02:53:42');
INSERT INTO public.syrios_enturmacao (id, school_id, ano_letivo, vigente, aluno_id, turma_id, created_at, updated_at) VALUES (420, 5, 2025, true, 435, 13, '2025-10-15 02:53:42', '2025-10-15 02:53:42');
INSERT INTO public.syrios_enturmacao (id, school_id, ano_letivo, vigente, aluno_id, turma_id, created_at, updated_at) VALUES (421, 5, 2025, true, 436, 13, '2025-10-15 02:53:42', '2025-10-15 02:53:42');
INSERT INTO public.syrios_enturmacao (id, school_id, ano_letivo, vigente, aluno_id, turma_id, created_at, updated_at) VALUES (422, 5, 2025, true, 437, 13, '2025-10-15 02:53:42', '2025-10-15 02:53:42');
INSERT INTO public.syrios_enturmacao (id, school_id, ano_letivo, vigente, aluno_id, turma_id, created_at, updated_at) VALUES (423, 5, 2025, true, 438, 12, '2025-10-15 02:53:42', '2025-10-15 02:53:42');
INSERT INTO public.syrios_enturmacao (id, school_id, ano_letivo, vigente, aluno_id, turma_id, created_at, updated_at) VALUES (424, 5, 2025, true, 439, 13, '2025-10-15 02:53:42', '2025-10-15 02:53:42');
INSERT INTO public.syrios_enturmacao (id, school_id, ano_letivo, vigente, aluno_id, turma_id, created_at, updated_at) VALUES (425, 5, 2025, true, 440, 13, '2025-10-15 02:53:42', '2025-10-15 02:53:42');
INSERT INTO public.syrios_enturmacao (id, school_id, ano_letivo, vigente, aluno_id, turma_id, created_at, updated_at) VALUES (426, 5, 2025, true, 441, 13, '2025-10-15 02:53:42', '2025-10-15 02:53:42');
INSERT INTO public.syrios_enturmacao (id, school_id, ano_letivo, vigente, aluno_id, turma_id, created_at, updated_at) VALUES (427, 5, 2025, true, 442, 13, '2025-10-15 02:53:42', '2025-10-15 02:53:42');
INSERT INTO public.syrios_enturmacao (id, school_id, ano_letivo, vigente, aluno_id, turma_id, created_at, updated_at) VALUES (428, 5, 2025, true, 443, 13, '2025-10-15 02:53:42', '2025-10-15 02:53:42');
INSERT INTO public.syrios_enturmacao (id, school_id, ano_letivo, vigente, aluno_id, turma_id, created_at, updated_at) VALUES (429, 5, 2025, true, 444, 13, '2025-10-15 02:53:42', '2025-10-15 02:53:42');
INSERT INTO public.syrios_enturmacao (id, school_id, ano_letivo, vigente, aluno_id, turma_id, created_at, updated_at) VALUES (430, 5, 2025, true, 445, 13, '2025-10-15 02:53:42', '2025-10-15 02:53:42');
INSERT INTO public.syrios_enturmacao (id, school_id, ano_letivo, vigente, aluno_id, turma_id, created_at, updated_at) VALUES (431, 5, 2025, true, 446, 13, '2025-10-15 02:53:42', '2025-10-15 02:53:42');
INSERT INTO public.syrios_enturmacao (id, school_id, ano_letivo, vigente, aluno_id, turma_id, created_at, updated_at) VALUES (432, 5, 2025, true, 447, 13, '2025-10-15 02:53:42', '2025-10-15 02:53:42');
INSERT INTO public.syrios_enturmacao (id, school_id, ano_letivo, vigente, aluno_id, turma_id, created_at, updated_at) VALUES (433, 5, 2025, true, 448, 13, '2025-10-15 02:53:42', '2025-10-15 02:53:42');
INSERT INTO public.syrios_enturmacao (id, school_id, ano_letivo, vigente, aluno_id, turma_id, created_at, updated_at) VALUES (434, 5, 2025, true, 449, 14, '2025-10-15 02:53:42', '2025-10-15 02:53:42');
INSERT INTO public.syrios_enturmacao (id, school_id, ano_letivo, vigente, aluno_id, turma_id, created_at, updated_at) VALUES (435, 5, 2025, true, 450, 14, '2025-10-15 02:53:42', '2025-10-15 02:53:42');
INSERT INTO public.syrios_enturmacao (id, school_id, ano_letivo, vigente, aluno_id, turma_id, created_at, updated_at) VALUES (436, 5, 2025, true, 451, 14, '2025-10-15 02:53:42', '2025-10-15 02:53:42');
INSERT INTO public.syrios_enturmacao (id, school_id, ano_letivo, vigente, aluno_id, turma_id, created_at, updated_at) VALUES (437, 5, 2025, true, 452, 14, '2025-10-15 02:53:42', '2025-10-15 02:53:42');
INSERT INTO public.syrios_enturmacao (id, school_id, ano_letivo, vigente, aluno_id, turma_id, created_at, updated_at) VALUES (438, 5, 2025, true, 454, 14, '2025-10-15 02:53:42', '2025-10-15 02:53:42');
INSERT INTO public.syrios_enturmacao (id, school_id, ano_letivo, vigente, aluno_id, turma_id, created_at, updated_at) VALUES (439, 5, 2025, true, 455, 14, '2025-10-15 02:53:42', '2025-10-15 02:53:42');
INSERT INTO public.syrios_enturmacao (id, school_id, ano_letivo, vigente, aluno_id, turma_id, created_at, updated_at) VALUES (440, 5, 2025, true, 456, 14, '2025-10-15 02:53:42', '2025-10-15 02:53:42');
INSERT INTO public.syrios_enturmacao (id, school_id, ano_letivo, vigente, aluno_id, turma_id, created_at, updated_at) VALUES (441, 5, 2025, true, 457, 14, '2025-10-15 02:53:42', '2025-10-15 02:53:42');
INSERT INTO public.syrios_enturmacao (id, school_id, ano_letivo, vigente, aluno_id, turma_id, created_at, updated_at) VALUES (442, 5, 2025, true, 458, 14, '2025-10-15 02:53:42', '2025-10-15 02:53:42');
INSERT INTO public.syrios_enturmacao (id, school_id, ano_letivo, vigente, aluno_id, turma_id, created_at, updated_at) VALUES (443, 5, 2025, true, 459, 14, '2025-10-15 02:53:42', '2025-10-15 02:53:42');
INSERT INTO public.syrios_enturmacao (id, school_id, ano_letivo, vigente, aluno_id, turma_id, created_at, updated_at) VALUES (444, 5, 2025, true, 460, 14, '2025-10-15 02:53:42', '2025-10-15 02:53:42');
INSERT INTO public.syrios_enturmacao (id, school_id, ano_letivo, vigente, aluno_id, turma_id, created_at, updated_at) VALUES (445, 5, 2025, true, 461, 14, '2025-10-15 02:53:42', '2025-10-15 02:53:42');
INSERT INTO public.syrios_enturmacao (id, school_id, ano_letivo, vigente, aluno_id, turma_id, created_at, updated_at) VALUES (446, 5, 2025, true, 462, 14, '2025-10-15 02:53:42', '2025-10-15 02:53:42');
INSERT INTO public.syrios_enturmacao (id, school_id, ano_letivo, vigente, aluno_id, turma_id, created_at, updated_at) VALUES (447, 5, 2025, true, 463, 14, '2025-10-15 02:53:42', '2025-10-15 02:53:42');
INSERT INTO public.syrios_enturmacao (id, school_id, ano_letivo, vigente, aluno_id, turma_id, created_at, updated_at) VALUES (448, 5, 2025, true, 464, 14, '2025-10-15 02:53:42', '2025-10-15 02:53:42');
INSERT INTO public.syrios_enturmacao (id, school_id, ano_letivo, vigente, aluno_id, turma_id, created_at, updated_at) VALUES (449, 5, 2025, true, 465, 14, '2025-10-15 02:53:42', '2025-10-15 02:53:42');
INSERT INTO public.syrios_enturmacao (id, school_id, ano_letivo, vigente, aluno_id, turma_id, created_at, updated_at) VALUES (450, 5, 2025, true, 466, 14, '2025-10-15 02:53:42', '2025-10-15 02:53:42');
INSERT INTO public.syrios_enturmacao (id, school_id, ano_letivo, vigente, aluno_id, turma_id, created_at, updated_at) VALUES (451, 5, 2025, true, 467, 14, '2025-10-15 02:53:42', '2025-10-15 02:53:42');
INSERT INTO public.syrios_enturmacao (id, school_id, ano_letivo, vigente, aluno_id, turma_id, created_at, updated_at) VALUES (452, 5, 2025, true, 468, 14, '2025-10-15 02:53:42', '2025-10-15 02:53:42');
INSERT INTO public.syrios_enturmacao (id, school_id, ano_letivo, vigente, aluno_id, turma_id, created_at, updated_at) VALUES (453, 5, 2025, true, 469, 14, '2025-10-15 02:53:42', '2025-10-15 02:53:42');
INSERT INTO public.syrios_enturmacao (id, school_id, ano_letivo, vigente, aluno_id, turma_id, created_at, updated_at) VALUES (454, 5, 2025, true, 470, 14, '2025-10-15 02:53:42', '2025-10-15 02:53:42');
INSERT INTO public.syrios_enturmacao (id, school_id, ano_letivo, vigente, aluno_id, turma_id, created_at, updated_at) VALUES (455, 5, 2025, true, 471, 14, '2025-10-15 02:53:42', '2025-10-15 02:53:42');
INSERT INTO public.syrios_enturmacao (id, school_id, ano_letivo, vigente, aluno_id, turma_id, created_at, updated_at) VALUES (456, 5, 2025, true, 472, 14, '2025-10-15 02:53:42', '2025-10-15 02:53:42');
INSERT INTO public.syrios_enturmacao (id, school_id, ano_letivo, vigente, aluno_id, turma_id, created_at, updated_at) VALUES (457, 5, 2025, true, 473, 14, '2025-10-15 02:53:42', '2025-10-15 02:53:42');
INSERT INTO public.syrios_enturmacao (id, school_id, ano_letivo, vigente, aluno_id, turma_id, created_at, updated_at) VALUES (458, 5, 2025, true, 474, 14, '2025-10-15 02:53:42', '2025-10-15 02:53:42');
INSERT INTO public.syrios_enturmacao (id, school_id, ano_letivo, vigente, aluno_id, turma_id, created_at, updated_at) VALUES (459, 5, 2025, true, 475, 14, '2025-10-15 02:53:42', '2025-10-15 02:53:42');
INSERT INTO public.syrios_enturmacao (id, school_id, ano_letivo, vigente, aluno_id, turma_id, created_at, updated_at) VALUES (460, 5, 2025, true, 476, 14, '2025-10-15 02:53:42', '2025-10-15 02:53:42');
INSERT INTO public.syrios_enturmacao (id, school_id, ano_letivo, vigente, aluno_id, turma_id, created_at, updated_at) VALUES (461, 5, 2025, true, 477, 14, '2025-10-15 02:53:42', '2025-10-15 02:53:42');
INSERT INTO public.syrios_enturmacao (id, school_id, ano_letivo, vigente, aluno_id, turma_id, created_at, updated_at) VALUES (462, 5, 2025, true, 478, 14, '2025-10-15 02:53:42', '2025-10-15 02:53:42');
INSERT INTO public.syrios_enturmacao (id, school_id, ano_letivo, vigente, aluno_id, turma_id, created_at, updated_at) VALUES (463, 5, 2025, true, 479, 14, '2025-10-15 02:53:42', '2025-10-15 02:53:42');
INSERT INTO public.syrios_enturmacao (id, school_id, ano_letivo, vigente, aluno_id, turma_id, created_at, updated_at) VALUES (464, 5, 2025, true, 480, 14, '2025-10-15 02:53:42', '2025-10-15 02:53:42');
INSERT INTO public.syrios_enturmacao (id, school_id, ano_letivo, vigente, aluno_id, turma_id, created_at, updated_at) VALUES (465, 5, 2025, true, 481, 14, '2025-10-15 02:53:42', '2025-10-15 02:53:42');
INSERT INTO public.syrios_enturmacao (id, school_id, ano_letivo, vigente, aluno_id, turma_id, created_at, updated_at) VALUES (466, 5, 2025, true, 482, 14, '2025-10-15 02:53:42', '2025-10-15 02:53:42');
INSERT INTO public.syrios_enturmacao (id, school_id, ano_letivo, vigente, aluno_id, turma_id, created_at, updated_at) VALUES (467, 5, 2025, true, 483, 14, '2025-10-15 02:53:42', '2025-10-15 02:53:42');
INSERT INTO public.syrios_enturmacao (id, school_id, ano_letivo, vigente, aluno_id, turma_id, created_at, updated_at) VALUES (468, 5, 2025, true, 484, 14, '2025-10-15 02:53:42', '2025-10-15 02:53:42');
INSERT INTO public.syrios_enturmacao (id, school_id, ano_letivo, vigente, aluno_id, turma_id, created_at, updated_at) VALUES (469, 5, 2025, true, 485, 15, '2025-10-15 02:53:42', '2025-10-15 02:53:42');
INSERT INTO public.syrios_enturmacao (id, school_id, ano_letivo, vigente, aluno_id, turma_id, created_at, updated_at) VALUES (470, 5, 2025, true, 486, 15, '2025-10-15 02:53:42', '2025-10-15 02:53:42');
INSERT INTO public.syrios_enturmacao (id, school_id, ano_letivo, vigente, aluno_id, turma_id, created_at, updated_at) VALUES (471, 5, 2025, true, 487, 12, '2025-10-15 02:53:42', '2025-10-15 02:53:42');
INSERT INTO public.syrios_enturmacao (id, school_id, ano_letivo, vigente, aluno_id, turma_id, created_at, updated_at) VALUES (472, 5, 2025, true, 488, 15, '2025-10-15 02:53:42', '2025-10-15 02:53:42');
INSERT INTO public.syrios_enturmacao (id, school_id, ano_letivo, vigente, aluno_id, turma_id, created_at, updated_at) VALUES (473, 5, 2025, true, 489, 15, '2025-10-15 02:53:42', '2025-10-15 02:53:42');
INSERT INTO public.syrios_enturmacao (id, school_id, ano_letivo, vigente, aluno_id, turma_id, created_at, updated_at) VALUES (474, 5, 2025, true, 490, 15, '2025-10-15 02:53:42', '2025-10-15 02:53:42');
INSERT INTO public.syrios_enturmacao (id, school_id, ano_letivo, vigente, aluno_id, turma_id, created_at, updated_at) VALUES (475, 5, 2025, true, 491, 11, '2025-10-15 02:53:42', '2025-10-15 02:53:42');
INSERT INTO public.syrios_enturmacao (id, school_id, ano_letivo, vigente, aluno_id, turma_id, created_at, updated_at) VALUES (476, 5, 2025, true, 492, 15, '2025-10-15 02:53:42', '2025-10-15 02:53:42');
INSERT INTO public.syrios_enturmacao (id, school_id, ano_letivo, vigente, aluno_id, turma_id, created_at, updated_at) VALUES (477, 5, 2025, true, 493, 15, '2025-10-15 02:53:42', '2025-10-15 02:53:42');
INSERT INTO public.syrios_enturmacao (id, school_id, ano_letivo, vigente, aluno_id, turma_id, created_at, updated_at) VALUES (478, 5, 2025, true, 494, 12, '2025-10-15 02:53:42', '2025-10-15 02:53:42');
INSERT INTO public.syrios_enturmacao (id, school_id, ano_letivo, vigente, aluno_id, turma_id, created_at, updated_at) VALUES (479, 5, 2025, true, 495, 15, '2025-10-15 02:53:42', '2025-10-15 02:53:42');
INSERT INTO public.syrios_enturmacao (id, school_id, ano_letivo, vigente, aluno_id, turma_id, created_at, updated_at) VALUES (480, 5, 2025, true, 496, 15, '2025-10-15 02:53:42', '2025-10-15 02:53:42');
INSERT INTO public.syrios_enturmacao (id, school_id, ano_letivo, vigente, aluno_id, turma_id, created_at, updated_at) VALUES (481, 5, 2025, true, 497, 15, '2025-10-15 02:53:42', '2025-10-15 02:53:42');
INSERT INTO public.syrios_enturmacao (id, school_id, ano_letivo, vigente, aluno_id, turma_id, created_at, updated_at) VALUES (482, 5, 2025, true, 498, 15, '2025-10-15 02:53:42', '2025-10-15 02:53:42');
INSERT INTO public.syrios_enturmacao (id, school_id, ano_letivo, vigente, aluno_id, turma_id, created_at, updated_at) VALUES (483, 5, 2025, true, 499, 12, '2025-10-15 02:53:42', '2025-10-15 02:53:42');
INSERT INTO public.syrios_enturmacao (id, school_id, ano_letivo, vigente, aluno_id, turma_id, created_at, updated_at) VALUES (484, 5, 2025, true, 500, 15, '2025-10-15 02:53:42', '2025-10-15 02:53:42');
INSERT INTO public.syrios_enturmacao (id, school_id, ano_letivo, vigente, aluno_id, turma_id, created_at, updated_at) VALUES (485, 5, 2025, true, 501, 15, '2025-10-15 02:53:42', '2025-10-15 02:53:42');
INSERT INTO public.syrios_enturmacao (id, school_id, ano_letivo, vigente, aluno_id, turma_id, created_at, updated_at) VALUES (486, 5, 2025, true, 502, 15, '2025-10-15 02:53:42', '2025-10-15 02:53:42');
INSERT INTO public.syrios_enturmacao (id, school_id, ano_letivo, vigente, aluno_id, turma_id, created_at, updated_at) VALUES (487, 5, 2025, true, 503, 15, '2025-10-15 02:53:42', '2025-10-15 02:53:42');
INSERT INTO public.syrios_enturmacao (id, school_id, ano_letivo, vigente, aluno_id, turma_id, created_at, updated_at) VALUES (488, 5, 2025, true, 504, 15, '2025-10-15 02:53:42', '2025-10-15 02:53:42');
INSERT INTO public.syrios_enturmacao (id, school_id, ano_letivo, vigente, aluno_id, turma_id, created_at, updated_at) VALUES (489, 5, 2025, true, 505, 15, '2025-10-15 02:53:42', '2025-10-15 02:53:42');
INSERT INTO public.syrios_enturmacao (id, school_id, ano_letivo, vigente, aluno_id, turma_id, created_at, updated_at) VALUES (490, 5, 2025, true, 506, 15, '2025-10-15 02:53:42', '2025-10-15 02:53:42');
INSERT INTO public.syrios_enturmacao (id, school_id, ano_letivo, vigente, aluno_id, turma_id, created_at, updated_at) VALUES (491, 5, 2025, true, 507, 15, '2025-10-15 02:53:42', '2025-10-15 02:53:42');
INSERT INTO public.syrios_enturmacao (id, school_id, ano_letivo, vigente, aluno_id, turma_id, created_at, updated_at) VALUES (492, 5, 2025, true, 508, 15, '2025-10-15 02:53:42', '2025-10-15 02:53:42');
INSERT INTO public.syrios_enturmacao (id, school_id, ano_letivo, vigente, aluno_id, turma_id, created_at, updated_at) VALUES (493, 5, 2025, true, 509, 3, '2025-10-15 02:53:42', '2025-10-15 02:53:42');
INSERT INTO public.syrios_enturmacao (id, school_id, ano_letivo, vigente, aluno_id, turma_id, created_at, updated_at) VALUES (494, 5, 2025, true, 511, 10, '2025-10-15 02:53:42', '2025-10-15 02:53:42');
INSERT INTO public.syrios_enturmacao (id, school_id, ano_letivo, vigente, aluno_id, turma_id, created_at, updated_at) VALUES (495, 5, 2025, true, 512, 11, '2025-10-15 02:53:42', '2025-10-15 02:53:42');
INSERT INTO public.syrios_enturmacao (id, school_id, ano_letivo, vigente, aluno_id, turma_id, created_at, updated_at) VALUES (496, 5, 2025, true, 513, 11, '2025-10-15 02:53:42', '2025-10-15 02:53:42');
INSERT INTO public.syrios_enturmacao (id, school_id, ano_letivo, vigente, aluno_id, turma_id, created_at, updated_at) VALUES (497, 5, 2025, true, 514, 11, '2025-10-15 02:53:42', '2025-10-15 02:53:42');
INSERT INTO public.syrios_enturmacao (id, school_id, ano_letivo, vigente, aluno_id, turma_id, created_at, updated_at) VALUES (498, 5, 2025, true, 515, 11, '2025-10-15 02:53:42', '2025-10-15 02:53:42');
INSERT INTO public.syrios_enturmacao (id, school_id, ano_letivo, vigente, aluno_id, turma_id, created_at, updated_at) VALUES (499, 5, 2025, true, 516, 11, '2025-10-15 02:53:42', '2025-10-15 02:53:42');
INSERT INTO public.syrios_enturmacao (id, school_id, ano_letivo, vigente, aluno_id, turma_id, created_at, updated_at) VALUES (500, 5, 2025, true, 517, 11, '2025-10-15 02:53:42', '2025-10-15 02:53:42');
INSERT INTO public.syrios_enturmacao (id, school_id, ano_letivo, vigente, aluno_id, turma_id, created_at, updated_at) VALUES (501, 5, 2025, true, 518, 12, '2025-10-15 02:53:42', '2025-10-15 02:53:42');
INSERT INTO public.syrios_enturmacao (id, school_id, ano_letivo, vigente, aluno_id, turma_id, created_at, updated_at) VALUES (502, 5, 2025, true, 520, 15, '2025-10-15 02:53:42', '2025-10-15 02:53:42');
INSERT INTO public.syrios_enturmacao (id, school_id, ano_letivo, vigente, aluno_id, turma_id, created_at, updated_at) VALUES (503, 5, 2025, true, 521, 12, '2025-10-15 02:53:42', '2025-10-15 02:53:42');
INSERT INTO public.syrios_enturmacao (id, school_id, ano_letivo, vigente, aluno_id, turma_id, created_at, updated_at) VALUES (504, 5, 2025, true, 522, 12, '2025-10-15 02:53:42', '2025-10-15 02:53:42');
INSERT INTO public.syrios_enturmacao (id, school_id, ano_letivo, vigente, aluno_id, turma_id, created_at, updated_at) VALUES (505, 5, 2025, true, 523, 15, '2025-10-15 02:53:42', '2025-10-15 02:53:42');
INSERT INTO public.syrios_enturmacao (id, school_id, ano_letivo, vigente, aluno_id, turma_id, created_at, updated_at) VALUES (506, 5, 2025, true, 525, 13, '2025-10-15 02:53:42', '2025-10-15 02:53:42');
INSERT INTO public.syrios_enturmacao (id, school_id, ano_letivo, vigente, aluno_id, turma_id, created_at, updated_at) VALUES (507, 5, 2025, true, 526, 15, '2025-10-15 02:53:42', '2025-10-15 02:53:42');
INSERT INTO public.syrios_enturmacao (id, school_id, ano_letivo, vigente, aluno_id, turma_id, created_at, updated_at) VALUES (508, 5, 2025, true, 527, 15, '2025-10-15 02:53:42', '2025-10-15 02:53:42');
INSERT INTO public.syrios_enturmacao (id, school_id, ano_letivo, vigente, aluno_id, turma_id, created_at, updated_at) VALUES (509, 5, 2025, true, 528, 12, '2025-10-15 02:53:42', '2025-10-15 02:53:42');
INSERT INTO public.syrios_enturmacao (id, school_id, ano_letivo, vigente, aluno_id, turma_id, created_at, updated_at) VALUES (510, 5, 2025, true, 530, 10, '2025-10-15 02:53:42', '2025-10-15 02:53:42');
INSERT INTO public.syrios_enturmacao (id, school_id, ano_letivo, vigente, aluno_id, turma_id, created_at, updated_at) VALUES (511, 5, 2025, true, 531, 15, '2025-10-15 02:53:42', '2025-10-15 02:53:42');
INSERT INTO public.syrios_enturmacao (id, school_id, ano_letivo, vigente, aluno_id, turma_id, created_at, updated_at) VALUES (512, 5, 2025, true, 532, 7, '2025-10-15 02:53:42', '2025-10-15 02:53:42');
INSERT INTO public.syrios_enturmacao (id, school_id, ano_letivo, vigente, aluno_id, turma_id, created_at, updated_at) VALUES (513, 5, 2025, true, 533, 13, '2025-10-15 02:53:42', '2025-10-15 02:53:42');
INSERT INTO public.syrios_enturmacao (id, school_id, ano_letivo, vigente, aluno_id, turma_id, created_at, updated_at) VALUES (514, 5, 2025, true, 534, 14, '2025-10-15 02:53:42', '2025-10-15 02:53:42');
INSERT INTO public.syrios_enturmacao (id, school_id, ano_letivo, vigente, aluno_id, turma_id, created_at, updated_at) VALUES (515, 5, 2025, true, 535, 7, '2025-10-15 02:53:42', '2025-10-15 02:53:42');
INSERT INTO public.syrios_enturmacao (id, school_id, ano_letivo, vigente, aluno_id, turma_id, created_at, updated_at) VALUES (516, 5, 2025, true, 537, 13, '2025-10-15 02:53:42', '2025-10-15 02:53:42');
INSERT INTO public.syrios_enturmacao (id, school_id, ano_letivo, vigente, aluno_id, turma_id, created_at, updated_at) VALUES (517, 5, 2025, true, 538, 3, '2025-10-15 02:53:42', '2025-10-15 02:53:42');
INSERT INTO public.syrios_enturmacao (id, school_id, ano_letivo, vigente, aluno_id, turma_id, created_at, updated_at) VALUES (518, 5, 2025, true, 539, 3, '2025-10-15 02:53:42', '2025-10-15 02:53:42');
INSERT INTO public.syrios_enturmacao (id, school_id, ano_letivo, vigente, aluno_id, turma_id, created_at, updated_at) VALUES (519, 5, 2025, true, 540, 6, '2025-10-15 02:53:42', '2025-10-15 02:53:42');
INSERT INTO public.syrios_enturmacao (id, school_id, ano_letivo, vigente, aluno_id, turma_id, created_at, updated_at) VALUES (520, 5, 2025, true, 541, 7, '2025-10-15 02:53:42', '2025-10-15 02:53:42');
INSERT INTO public.syrios_enturmacao (id, school_id, ano_letivo, vigente, aluno_id, turma_id, created_at, updated_at) VALUES (521, 5, 2025, true, 542, 8, '2025-10-15 02:53:42', '2025-10-15 02:53:42');
INSERT INTO public.syrios_enturmacao (id, school_id, ano_letivo, vigente, aluno_id, turma_id, created_at, updated_at) VALUES (522, 5, 2025, true, 543, 10, '2025-10-15 02:53:42', '2025-10-15 02:53:42');
INSERT INTO public.syrios_enturmacao (id, school_id, ano_letivo, vigente, aluno_id, turma_id, created_at, updated_at) VALUES (523, 5, 2025, true, 545, 15, '2025-10-15 02:53:42', '2025-10-15 02:53:42');
INSERT INTO public.syrios_enturmacao (id, school_id, ano_letivo, vigente, aluno_id, turma_id, created_at, updated_at) VALUES (524, 5, 2025, true, 546, 15, '2025-10-15 02:53:42', '2025-10-15 02:53:42');
INSERT INTO public.syrios_enturmacao (id, school_id, ano_letivo, vigente, aluno_id, turma_id, created_at, updated_at) VALUES (525, 5, 2025, true, 547, 15, '2025-10-15 02:53:42', '2025-10-15 02:53:42');
INSERT INTO public.syrios_enturmacao (id, school_id, ano_letivo, vigente, aluno_id, turma_id, created_at, updated_at) VALUES (526, 5, 2025, true, 549, 15, '2025-10-15 02:53:42', '2025-10-15 02:53:42');
INSERT INTO public.syrios_enturmacao (id, school_id, ano_letivo, vigente, aluno_id, turma_id, created_at, updated_at) VALUES (527, 5, 2025, true, 550, 15, '2025-10-15 02:53:42', '2025-10-15 02:53:42');
INSERT INTO public.syrios_enturmacao (id, school_id, ano_letivo, vigente, aluno_id, turma_id, created_at, updated_at) VALUES (528, 5, 2025, true, 551, 1, '2025-10-15 02:53:42', '2025-10-15 02:53:42');
INSERT INTO public.syrios_enturmacao (id, school_id, ano_letivo, vigente, aluno_id, turma_id, created_at, updated_at) VALUES (529, 5, 2025, true, 552, 3, '2025-10-15 02:53:42', '2025-10-15 02:53:42');
INSERT INTO public.syrios_enturmacao (id, school_id, ano_letivo, vigente, aluno_id, turma_id, created_at, updated_at) VALUES (530, 5, 2025, true, 553, 3, '2025-10-15 02:53:42', '2025-10-15 02:53:42');
INSERT INTO public.syrios_enturmacao (id, school_id, ano_letivo, vigente, aluno_id, turma_id, created_at, updated_at) VALUES (531, 5, 2025, true, 554, 4, '2025-10-15 02:53:42', '2025-10-15 02:53:42');
INSERT INTO public.syrios_enturmacao (id, school_id, ano_letivo, vigente, aluno_id, turma_id, created_at, updated_at) VALUES (532, 5, 2025, true, 555, 7, '2025-10-15 02:53:42', '2025-10-15 02:53:42');
INSERT INTO public.syrios_enturmacao (id, school_id, ano_letivo, vigente, aluno_id, turma_id, created_at, updated_at) VALUES (533, 5, 2025, true, 556, 10, '2025-10-15 02:53:42', '2025-10-15 02:53:42');
INSERT INTO public.syrios_enturmacao (id, school_id, ano_letivo, vigente, aluno_id, turma_id, created_at, updated_at) VALUES (534, 5, 2025, true, 557, 15, '2025-10-15 02:53:42', '2025-10-15 02:53:42');
INSERT INTO public.syrios_enturmacao (id, school_id, ano_letivo, vigente, aluno_id, turma_id, created_at, updated_at) VALUES (535, 5, 2025, true, 558, 1, '2025-10-15 15:11:09', '2025-10-15 15:11:09');
INSERT INTO public.syrios_enturmacao (id, school_id, ano_letivo, vigente, aluno_id, turma_id, created_at, updated_at) VALUES (536, 5, 2025, true, 561, 1, '2025-10-15 15:44:09', '2025-10-15 15:44:09');
INSERT INTO public.syrios_enturmacao (id, school_id, ano_letivo, vigente, aluno_id, turma_id, created_at, updated_at) VALUES (538, 5, 2025, true, 563, 1, '2025-10-15 16:02:16', '2025-10-15 17:25:51');
INSERT INTO public.syrios_enturmacao (id, school_id, ano_letivo, vigente, aluno_id, turma_id, created_at, updated_at) VALUES (539, 5, 2025, true, 564, 1, '2025-10-15 16:31:32', '2025-10-15 16:31:32');
INSERT INTO public.syrios_enturmacao (id, school_id, ano_letivo, vigente, aluno_id, turma_id, created_at, updated_at) VALUES (544, 6, 2025, true, 562, 16, '2025-10-20 22:18:38', '2025-10-20 22:18:38');
INSERT INTO public.syrios_enturmacao (id, school_id, ano_letivo, vigente, aluno_id, turma_id, created_at, updated_at) VALUES (546, 6, 2025, true, 561, 16, '2025-10-20 22:18:49', '2025-10-20 22:18:49');


--
-- TOC entry 3577 (class 0 OID 24586)
-- Dependencies: 222
-- Data for Name: syrios_escola; Type: TABLE DATA; Schema: public; Owner: syrios_user
--

INSERT INTO public.syrios_escola (id, inep, cnpj, nome_e, frase_efeito, logo_path, cidade, estado, endereco, telefone, secretaria_id, is_master, created_at, updated_at) VALUES (1, '00000001', NULL, 'Secretaria do Administrador Master', 'Trasnparncia e Objetividade', 'logos/syrios.png', 'Capital', 'CE', NULL, NULL, NULL, true, '2025-10-13 06:03:10', '2025-10-13 06:03:10');
INSERT INTO public.syrios_escola (id, inep, cnpj, nome_e, frase_efeito, logo_path, cidade, estado, endereco, telefone, secretaria_id, is_master, created_at, updated_at) VALUES (4, NULL, NULL, 'SEDUC - SECRETARIA DA EDUCAO', NULL, NULL, NULL, NULL, NULL, NULL, NULL, false, '2025-10-15 03:07:19', '2025-10-15 03:07:19');
INSERT INTO public.syrios_escola (id, inep, cnpj, nome_e, frase_efeito, logo_path, cidade, estado, endereco, telefone, secretaria_id, is_master, created_at, updated_at) VALUES (5, NULL, NULL, 'EEMTI Dep. Ubiratan Diniz de Aguiar', 'Construindo Conhecimentos, Fortalecendo Valores', 'logos/BXMuPLO5y5ztqQu7fYirBNwfwDOGC5nS1JvPohNr.png', NULL, NULL, NULL, NULL, 4, false, '2025-10-15 03:08:30', '2025-10-26 17:25:09');
INSERT INTO public.syrios_escola (id, inep, cnpj, nome_e, frase_efeito, logo_path, cidade, estado, endereco, telefone, secretaria_id, is_master, created_at, updated_at) VALUES (6, NULL, NULL, 'EEFTI Fernando Cavalcante Mota', 'Frase de Efeito Fernando Mota', 'logos/fmota.png', NULL, NULL, NULL, NULL, 4, false, '2025-10-15 15:35:40', '2025-10-15 15:36:39');


--
-- TOC entry 3602 (class 0 OID 24762)
-- Dependencies: 247
-- Data for Name: syrios_modelo_motivo; Type: TABLE DATA; Schema: public; Owner: syrios_user
--

INSERT INTO public.syrios_modelo_motivo (id, school_id, descricao, categoria, created_at, updated_at) VALUES (1, 5, 'Uso de celular em sala', 'Comportamento', '2025-10-20 10:40:32', '2025-10-20 10:40:32');
INSERT INTO public.syrios_modelo_motivo (id, school_id, descricao, categoria, created_at, updated_at) VALUES (2, 5, 'Desrespeito ao professor', 'Disciplina', '2025-10-20 10:40:32', '2025-10-20 10:40:32');
INSERT INTO public.syrios_modelo_motivo (id, school_id, descricao, categoria, created_at, updated_at) VALUES (3, 5, 'Atraso frequente', 'Pontualidade', '2025-10-20 10:40:32', '2025-10-20 10:40:32');
INSERT INTO public.syrios_modelo_motivo (id, school_id, descricao, categoria, created_at, updated_at) VALUES (4, 5, 'Conversas paralelas durante a exposio do contedo', 'Comportamento', '2025-10-20 10:40:32', '2025-10-22 10:36:56');
INSERT INTO public.syrios_modelo_motivo (id, school_id, descricao, categoria, created_at, updated_at) VALUES (5, 5, 'Agresso verbal ou fsica', 'Grave', '2025-10-20 10:40:32', '2025-10-20 10:40:32');
INSERT INTO public.syrios_modelo_motivo (id, school_id, descricao, categoria, created_at, updated_at) VALUES (6, 5, 'Fuga do ambiente escolar', 'Grave', '2025-10-20 10:40:32', '2025-10-20 10:40:32');
INSERT INTO public.syrios_modelo_motivo (id, school_id, descricao, categoria, created_at, updated_at) VALUES (7, 5, 'Brincadeiras durante a exposio do contedo', 'Comportamento', '2025-10-22 10:37:42', '2025-10-22 10:37:42');


--
-- TOC entry 3610 (class 0 OID 24818)
-- Dependencies: 255
-- Data for Name: syrios_notificacao; Type: TABLE DATA; Schema: public; Owner: syrios_user
--



--
-- TOC entry 3604 (class 0 OID 24772)
-- Dependencies: 249
-- Data for Name: syrios_ocorrencia; Type: TABLE DATA; Schema: public; Owner: syrios_user
--

INSERT INTO public.syrios_ocorrencia (id, school_id, ano_letivo, vigente, aluno_id, professor_id, oferta_id, descricao, local, atitude, outra_atitude, comportamento, sugestao, status, nivel_gravidade, sync, recebido_em, encaminhamentos, created_at, updated_at) VALUES (1, 5, 2025, true, 397, 1, 28, NULL, 'Sala de aula', 'Advertncia', NULL, '1 vez', NULL, 1, 1, 1, NULL, NULL, '2025-10-20 10:42:48', '2025-10-20 10:42:48');
INSERT INTO public.syrios_ocorrencia (id, school_id, ano_letivo, vigente, aluno_id, professor_id, oferta_id, descricao, local, atitude, outra_atitude, comportamento, sugestao, status, nivel_gravidade, sync, recebido_em, encaminhamentos, created_at, updated_at) VALUES (2, 5, 2025, true, 485, 1, 28, NULL, 'Sala de aula', 'Advertncia', NULL, '1 vez', NULL, 1, 1, 1, NULL, NULL, '2025-10-20 10:42:48', '2025-10-20 10:42:48');
INSERT INTO public.syrios_ocorrencia (id, school_id, ano_letivo, vigente, aluno_id, professor_id, oferta_id, descricao, local, atitude, outra_atitude, comportamento, sugestao, status, nivel_gravidade, sync, recebido_em, encaminhamentos, created_at, updated_at) VALUES (3, 5, 2025, true, 397, 1, 28, NULL, 'Sala de aula', 'Advertncia', NULL, '1 vez', NULL, 1, 1, 1, NULL, NULL, '2025-10-20 14:29:04', '2025-10-20 14:29:04');
INSERT INTO public.syrios_ocorrencia (id, school_id, ano_letivo, vigente, aluno_id, professor_id, oferta_id, descricao, local, atitude, outra_atitude, comportamento, sugestao, status, nivel_gravidade, sync, recebido_em, encaminhamentos, created_at, updated_at) VALUES (4, 5, 2025, true, 485, 1, 28, NULL, 'Sala de aula', 'Advertncia', NULL, '1 vez', NULL, 1, 1, 1, NULL, NULL, '2025-10-20 14:29:04', '2025-10-20 14:29:04');
INSERT INTO public.syrios_ocorrencia (id, school_id, ano_letivo, vigente, aluno_id, professor_id, oferta_id, descricao, local, atitude, outra_atitude, comportamento, sugestao, status, nivel_gravidade, sync, recebido_em, encaminhamentos, created_at, updated_at) VALUES (5, 5, 2025, true, 486, 1, 28, NULL, 'Sala de aula', 'Advertncia', NULL, '1 vez', NULL, 1, 1, 1, NULL, NULL, '2025-10-20 14:29:04', '2025-10-20 14:29:04');
INSERT INTO public.syrios_ocorrencia (id, school_id, ano_letivo, vigente, aluno_id, professor_id, oferta_id, descricao, local, atitude, outra_atitude, comportamento, sugestao, status, nivel_gravidade, sync, recebido_em, encaminhamentos, created_at, updated_at) VALUES (15, 5, 2025, true, 8, 1, 15, 'sou diretor dessa turma?', 'Sala de aula', 'Advertncia', NULL, '1 vez', NULL, 1, 1, 1, NULL, NULL, '2025-10-21 13:54:44', '2025-10-21 13:54:44');
INSERT INTO public.syrios_ocorrencia (id, school_id, ano_letivo, vigente, aluno_id, professor_id, oferta_id, descricao, local, atitude, outra_atitude, comportamento, sugestao, status, nivel_gravidade, sync, recebido_em, encaminhamentos, created_at, updated_at) VALUES (16, 5, 2025, true, 9, 1, 15, 'sou diretor dessa turma?', 'Sala de aula', 'Advertncia', NULL, '1 vez', NULL, 0, 1, 1, '2025-10-22 23:04:00', NULL, '2025-10-21 13:54:44', '2025-10-22 23:04:00');
INSERT INTO public.syrios_ocorrencia (id, school_id, ano_letivo, vigente, aluno_id, professor_id, oferta_id, descricao, local, atitude, outra_atitude, comportamento, sugestao, status, nivel_gravidade, sync, recebido_em, encaminhamentos, created_at, updated_at) VALUES (17, 5, 2025, true, 10, 1, 15, 'sou diretor dessa turma?', 'Sala de aula', 'Advertncia', NULL, '1 vez', NULL, 1, 1, 1, NULL, NULL, '2025-10-21 13:54:44', '2025-10-21 13:54:44');
INSERT INTO public.syrios_ocorrencia (id, school_id, ano_letivo, vigente, aluno_id, professor_id, oferta_id, descricao, local, atitude, outra_atitude, comportamento, sugestao, status, nivel_gravidade, sync, recebido_em, encaminhamentos, created_at, updated_at) VALUES (18, 5, 2025, true, 563, 1, 15, 'sou diretor dessa turma? sim sou eu', 'Sala de aula', 'Advertncia', 'mandei pra casa', '1 vez', 'expulsar', 0, 1, 1, '2025-10-21 14:29:30', 'Sou o diretor nessa turma e arquivei minha propria ocorrencia', '2025-10-21 13:54:44', '2025-10-21 14:29:30');
INSERT INTO public.syrios_ocorrencia (id, school_id, ano_letivo, vigente, aluno_id, professor_id, oferta_id, descricao, local, atitude, outra_atitude, comportamento, sugestao, status, nivel_gravidade, sync, recebido_em, encaminhamentos, created_at, updated_at) VALUES (19, 5, 2025, true, 563, 26, 182, 'Ocorrencia da joana editada', 'Sala de aula', 'Advertncia', NULL, '1 vez', NULL, 0, 1, 1, '2025-10-22 22:25:21', 'o aluno foi suspeso', '2025-10-21 14:54:40', '2025-10-22 22:25:21');
INSERT INTO public.syrios_ocorrencia (id, school_id, ano_letivo, vigente, aluno_id, professor_id, oferta_id, descricao, local, atitude, outra_atitude, comportamento, sugestao, status, nivel_gravidade, sync, recebido_em, encaminhamentos, created_at, updated_at) VALUES (20, 5, 2025, true, 449, 1, 27, 'no sou diretor dessa turma', 'Sala de aula', 'Advertncia', NULL, '1 vez', NULL, 1, 1, 1, NULL, NULL, '2025-10-21 15:04:56', '2025-10-21 15:04:56');
INSERT INTO public.syrios_ocorrencia (id, school_id, ano_letivo, vigente, aluno_id, professor_id, oferta_id, descricao, local, atitude, outra_atitude, comportamento, sugestao, status, nivel_gravidade, sync, recebido_em, encaminhamentos, created_at, updated_at) VALUES (21, 5, 2025, true, 449, 26, 193, 'ocorrencia da joana', 'Sala de aula', 'Advertncia', NULL, '1 vez', NULL, 1, 1, 1, NULL, NULL, '2025-10-21 15:05:52', '2025-10-21 15:05:52');
INSERT INTO public.syrios_ocorrencia (id, school_id, ano_letivo, vigente, aluno_id, professor_id, oferta_id, descricao, local, atitude, outra_atitude, comportamento, sugestao, status, nivel_gravidade, sync, recebido_em, encaminhamentos, created_at, updated_at) VALUES (22, 5, 2025, true, 485, 1, 28, NULL, 'Sala de aula', 'Advertncia', NULL, '1 vez', NULL, 1, 1, 1, NULL, NULL, '2025-10-21 21:36:09', '2025-10-21 21:36:09');
INSERT INTO public.syrios_ocorrencia (id, school_id, ano_letivo, vigente, aluno_id, professor_id, oferta_id, descricao, local, atitude, outra_atitude, comportamento, sugestao, status, nivel_gravidade, sync, recebido_em, encaminhamentos, created_at, updated_at) VALUES (23, 5, 2025, true, 396, 26, 195, NULL, 'Sala de aula', 'Advertncia', NULL, '1 vez', NULL, 1, 1, 1, NULL, NULL, '2025-10-22 15:41:09', '2025-10-22 15:41:09');
INSERT INTO public.syrios_ocorrencia (id, school_id, ano_letivo, vigente, aluno_id, professor_id, oferta_id, descricao, local, atitude, outra_atitude, comportamento, sugestao, status, nivel_gravidade, sync, recebido_em, encaminhamentos, created_at, updated_at) VALUES (24, 5, 2025, true, 398, 26, 195, NULL, 'Sala de aula', 'Advertncia', NULL, '1 vez', NULL, 1, 1, 1, NULL, NULL, '2025-10-22 15:41:09', '2025-10-22 15:41:09');
INSERT INTO public.syrios_ocorrencia (id, school_id, ano_letivo, vigente, aluno_id, professor_id, oferta_id, descricao, local, atitude, outra_atitude, comportamento, sugestao, status, nivel_gravidade, sync, recebido_em, encaminhamentos, created_at, updated_at) VALUES (25, 5, 2025, true, 43, 26, 194, 'todos se comportaram mal', 'Sala de aula', 'Advertncia', NULL, '1 vez', NULL, 1, 1, 1, NULL, NULL, '2025-10-22 22:58:51', '2025-10-22 22:58:51');
INSERT INTO public.syrios_ocorrencia (id, school_id, ano_letivo, vigente, aluno_id, professor_id, oferta_id, descricao, local, atitude, outra_atitude, comportamento, sugestao, status, nivel_gravidade, sync, recebido_em, encaminhamentos, created_at, updated_at) VALUES (30, 5, 2025, true, 49, 26, 194, 'todos se comportaram mal', 'Sala de aula', 'Advertncia', NULL, '1 vez', NULL, 1, 1, 1, NULL, NULL, '2025-10-22 22:58:51', '2025-10-22 22:58:51');
INSERT INTO public.syrios_ocorrencia (id, school_id, ano_letivo, vigente, aluno_id, professor_id, oferta_id, descricao, local, atitude, outra_atitude, comportamento, sugestao, status, nivel_gravidade, sync, recebido_em, encaminhamentos, created_at, updated_at) VALUES (31, 5, 2025, true, 50, 26, 194, 'todos se comportaram mal', 'Sala de aula', 'Advertncia', NULL, '1 vez', NULL, 1, 1, 1, NULL, NULL, '2025-10-22 22:58:51', '2025-10-22 22:58:51');
INSERT INTO public.syrios_ocorrencia (id, school_id, ano_letivo, vigente, aluno_id, professor_id, oferta_id, descricao, local, atitude, outra_atitude, comportamento, sugestao, status, nivel_gravidade, sync, recebido_em, encaminhamentos, created_at, updated_at) VALUES (33, 5, 2025, true, 53, 26, 194, 'todos se comportaram mal', 'Sala de aula', 'Advertncia', NULL, '1 vez', NULL, 1, 1, 1, NULL, NULL, '2025-10-22 22:58:51', '2025-10-22 22:58:51');
INSERT INTO public.syrios_ocorrencia (id, school_id, ano_letivo, vigente, aluno_id, professor_id, oferta_id, descricao, local, atitude, outra_atitude, comportamento, sugestao, status, nivel_gravidade, sync, recebido_em, encaminhamentos, created_at, updated_at) VALUES (34, 5, 2025, true, 54, 26, 194, 'todos se comportaram mal', 'Sala de aula', 'Advertncia', NULL, '1 vez', NULL, 1, 1, 1, NULL, NULL, '2025-10-22 22:58:51', '2025-10-22 22:58:51');
INSERT INTO public.syrios_ocorrencia (id, school_id, ano_letivo, vigente, aluno_id, professor_id, oferta_id, descricao, local, atitude, outra_atitude, comportamento, sugestao, status, nivel_gravidade, sync, recebido_em, encaminhamentos, created_at, updated_at) VALUES (36, 5, 2025, true, 56, 26, 194, 'todos se comportaram mal', 'Sala de aula', 'Advertncia', NULL, '1 vez', NULL, 1, 1, 1, NULL, NULL, '2025-10-22 22:58:51', '2025-10-22 22:58:51');
INSERT INTO public.syrios_ocorrencia (id, school_id, ano_letivo, vigente, aluno_id, professor_id, oferta_id, descricao, local, atitude, outra_atitude, comportamento, sugestao, status, nivel_gravidade, sync, recebido_em, encaminhamentos, created_at, updated_at) VALUES (37, 5, 2025, true, 57, 26, 194, 'todos se comportaram mal', 'Sala de aula', 'Advertncia', NULL, '1 vez', NULL, 1, 1, 1, NULL, NULL, '2025-10-22 22:58:51', '2025-10-22 22:58:51');
INSERT INTO public.syrios_ocorrencia (id, school_id, ano_letivo, vigente, aluno_id, professor_id, oferta_id, descricao, local, atitude, outra_atitude, comportamento, sugestao, status, nivel_gravidade, sync, recebido_em, encaminhamentos, created_at, updated_at) VALUES (39, 5, 2025, true, 59, 26, 194, 'todos se comportaram mal', 'Sala de aula', 'Advertncia', NULL, '1 vez', NULL, 1, 1, 1, NULL, NULL, '2025-10-22 22:58:51', '2025-10-22 22:58:51');
INSERT INTO public.syrios_ocorrencia (id, school_id, ano_letivo, vigente, aluno_id, professor_id, oferta_id, descricao, local, atitude, outra_atitude, comportamento, sugestao, status, nivel_gravidade, sync, recebido_em, encaminhamentos, created_at, updated_at) VALUES (40, 5, 2025, true, 60, 26, 194, 'todos se comportaram mal', 'Sala de aula', 'Advertncia', NULL, '1 vez', NULL, 1, 1, 1, NULL, NULL, '2025-10-22 22:58:51', '2025-10-22 22:58:51');
INSERT INTO public.syrios_ocorrencia (id, school_id, ano_letivo, vigente, aluno_id, professor_id, oferta_id, descricao, local, atitude, outra_atitude, comportamento, sugestao, status, nivel_gravidade, sync, recebido_em, encaminhamentos, created_at, updated_at) VALUES (41, 5, 2025, true, 61, 26, 194, 'todos se comportaram mal', 'Sala de aula', 'Advertncia', NULL, '1 vez', NULL, 1, 1, 1, NULL, NULL, '2025-10-22 22:58:51', '2025-10-22 22:58:51');
INSERT INTO public.syrios_ocorrencia (id, school_id, ano_letivo, vigente, aluno_id, professor_id, oferta_id, descricao, local, atitude, outra_atitude, comportamento, sugestao, status, nivel_gravidade, sync, recebido_em, encaminhamentos, created_at, updated_at) VALUES (42, 5, 2025, true, 62, 26, 194, 'todos se comportaram mal', 'Sala de aula', 'Advertncia', NULL, '1 vez', NULL, 1, 1, 1, NULL, NULL, '2025-10-22 22:58:51', '2025-10-22 22:58:51');
INSERT INTO public.syrios_ocorrencia (id, school_id, ano_letivo, vigente, aluno_id, professor_id, oferta_id, descricao, local, atitude, outra_atitude, comportamento, sugestao, status, nivel_gravidade, sync, recebido_em, encaminhamentos, created_at, updated_at) VALUES (43, 5, 2025, true, 63, 26, 194, 'todos se comportaram mal', 'Sala de aula', 'Advertncia', NULL, '1 vez', NULL, 1, 1, 1, NULL, NULL, '2025-10-22 22:58:51', '2025-10-22 22:58:51');
INSERT INTO public.syrios_ocorrencia (id, school_id, ano_letivo, vigente, aluno_id, professor_id, oferta_id, descricao, local, atitude, outra_atitude, comportamento, sugestao, status, nivel_gravidade, sync, recebido_em, encaminhamentos, created_at, updated_at) VALUES (44, 5, 2025, true, 64, 26, 194, 'todos se comportaram mal', 'Sala de aula', 'Advertncia', NULL, '1 vez', NULL, 1, 1, 1, NULL, NULL, '2025-10-22 22:58:51', '2025-10-22 22:58:51');
INSERT INTO public.syrios_ocorrencia (id, school_id, ano_letivo, vigente, aluno_id, professor_id, oferta_id, descricao, local, atitude, outra_atitude, comportamento, sugestao, status, nivel_gravidade, sync, recebido_em, encaminhamentos, created_at, updated_at) VALUES (45, 5, 2025, true, 65, 26, 194, 'todos se comportaram mal', 'Sala de aula', 'Advertncia', NULL, '1 vez', NULL, 1, 1, 1, NULL, NULL, '2025-10-22 22:58:51', '2025-10-22 22:58:51');
INSERT INTO public.syrios_ocorrencia (id, school_id, ano_letivo, vigente, aluno_id, professor_id, oferta_id, descricao, local, atitude, outra_atitude, comportamento, sugestao, status, nivel_gravidade, sync, recebido_em, encaminhamentos, created_at, updated_at) VALUES (46, 5, 2025, true, 66, 26, 194, 'todos se comportaram mal', 'Sala de aula', 'Advertncia', NULL, '1 vez', NULL, 1, 1, 1, NULL, NULL, '2025-10-22 22:58:51', '2025-10-22 22:58:51');
INSERT INTO public.syrios_ocorrencia (id, school_id, ano_letivo, vigente, aluno_id, professor_id, oferta_id, descricao, local, atitude, outra_atitude, comportamento, sugestao, status, nivel_gravidade, sync, recebido_em, encaminhamentos, created_at, updated_at) VALUES (47, 5, 2025, true, 67, 26, 194, 'todos se comportaram mal', 'Sala de aula', 'Advertncia', NULL, '1 vez', NULL, 1, 1, 1, NULL, NULL, '2025-10-22 22:58:51', '2025-10-22 22:58:51');
INSERT INTO public.syrios_ocorrencia (id, school_id, ano_letivo, vigente, aluno_id, professor_id, oferta_id, descricao, local, atitude, outra_atitude, comportamento, sugestao, status, nivel_gravidade, sync, recebido_em, encaminhamentos, created_at, updated_at) VALUES (48, 5, 2025, true, 68, 26, 194, 'todos se comportaram mal', 'Sala de aula', 'Advertncia', NULL, '1 vez', NULL, 1, 1, 1, NULL, NULL, '2025-10-22 22:58:51', '2025-10-22 22:58:51');
INSERT INTO public.syrios_ocorrencia (id, school_id, ano_letivo, vigente, aluno_id, professor_id, oferta_id, descricao, local, atitude, outra_atitude, comportamento, sugestao, status, nivel_gravidade, sync, recebido_em, encaminhamentos, created_at, updated_at) VALUES (49, 5, 2025, true, 69, 26, 194, 'todos se comportaram mal', 'Sala de aula', 'Advertncia', NULL, '1 vez', NULL, 1, 1, 1, NULL, NULL, '2025-10-22 22:58:51', '2025-10-22 22:58:51');
INSERT INTO public.syrios_ocorrencia (id, school_id, ano_letivo, vigente, aluno_id, professor_id, oferta_id, descricao, local, atitude, outra_atitude, comportamento, sugestao, status, nivel_gravidade, sync, recebido_em, encaminhamentos, created_at, updated_at) VALUES (50, 5, 2025, true, 70, 26, 194, 'todos se comportaram mal', 'Sala de aula', 'Advertncia', NULL, '1 vez', NULL, 1, 1, 1, NULL, NULL, '2025-10-22 22:58:51', '2025-10-22 22:58:51');
INSERT INTO public.syrios_ocorrencia (id, school_id, ano_letivo, vigente, aluno_id, professor_id, oferta_id, descricao, local, atitude, outra_atitude, comportamento, sugestao, status, nivel_gravidade, sync, recebido_em, encaminhamentos, created_at, updated_at) VALUES (51, 5, 2025, true, 71, 26, 194, 'todos se comportaram mal', 'Sala de aula', 'Advertncia', NULL, '1 vez', NULL, 1, 1, 1, NULL, NULL, '2025-10-22 22:58:51', '2025-10-22 22:58:51');
INSERT INTO public.syrios_ocorrencia (id, school_id, ano_letivo, vigente, aluno_id, professor_id, oferta_id, descricao, local, atitude, outra_atitude, comportamento, sugestao, status, nivel_gravidade, sync, recebido_em, encaminhamentos, created_at, updated_at) VALUES (52, 5, 2025, true, 72, 26, 194, 'todos se comportaram mal', 'Sala de aula', 'Advertncia', NULL, '1 vez', NULL, 1, 1, 1, NULL, NULL, '2025-10-22 22:58:51', '2025-10-22 22:58:51');
INSERT INTO public.syrios_ocorrencia (id, school_id, ano_letivo, vigente, aluno_id, professor_id, oferta_id, descricao, local, atitude, outra_atitude, comportamento, sugestao, status, nivel_gravidade, sync, recebido_em, encaminhamentos, created_at, updated_at) VALUES (53, 5, 2025, true, 73, 26, 194, 'todos se comportaram mal', 'Sala de aula', 'Advertncia', NULL, '1 vez', NULL, 1, 1, 1, NULL, NULL, '2025-10-22 22:58:51', '2025-10-22 22:58:51');
INSERT INTO public.syrios_ocorrencia (id, school_id, ano_letivo, vigente, aluno_id, professor_id, oferta_id, descricao, local, atitude, outra_atitude, comportamento, sugestao, status, nivel_gravidade, sync, recebido_em, encaminhamentos, created_at, updated_at) VALUES (54, 5, 2025, true, 75, 26, 194, 'todos se comportaram mal', 'Sala de aula', 'Advertncia', NULL, '1 vez', NULL, 1, 1, 1, NULL, NULL, '2025-10-22 22:58:51', '2025-10-22 22:58:51');
INSERT INTO public.syrios_ocorrencia (id, school_id, ano_letivo, vigente, aluno_id, professor_id, oferta_id, descricao, local, atitude, outra_atitude, comportamento, sugestao, status, nivel_gravidade, sync, recebido_em, encaminhamentos, created_at, updated_at) VALUES (55, 5, 2025, true, 76, 26, 194, 'todos se comportaram mal', 'Sala de aula', 'Advertncia', NULL, '1 vez', NULL, 1, 1, 1, NULL, NULL, '2025-10-22 22:58:51', '2025-10-22 22:58:51');
INSERT INTO public.syrios_ocorrencia (id, school_id, ano_letivo, vigente, aluno_id, professor_id, oferta_id, descricao, local, atitude, outra_atitude, comportamento, sugestao, status, nivel_gravidade, sync, recebido_em, encaminhamentos, created_at, updated_at) VALUES (56, 5, 2025, true, 77, 26, 194, 'todos se comportaram mal', 'Sala de aula', 'Advertncia', NULL, '1 vez', NULL, 1, 1, 1, NULL, NULL, '2025-10-22 22:58:51', '2025-10-22 22:58:51');
INSERT INTO public.syrios_ocorrencia (id, school_id, ano_letivo, vigente, aluno_id, professor_id, oferta_id, descricao, local, atitude, outra_atitude, comportamento, sugestao, status, nivel_gravidade, sync, recebido_em, encaminhamentos, created_at, updated_at) VALUES (57, 5, 2025, true, 78, 26, 194, 'todos se comportaram mal', 'Sala de aula', 'Advertncia', NULL, '1 vez', NULL, 1, 1, 1, NULL, NULL, '2025-10-22 22:58:51', '2025-10-22 22:58:51');
INSERT INTO public.syrios_ocorrencia (id, school_id, ano_letivo, vigente, aluno_id, professor_id, oferta_id, descricao, local, atitude, outra_atitude, comportamento, sugestao, status, nivel_gravidade, sync, recebido_em, encaminhamentos, created_at, updated_at) VALUES (58, 5, 2025, true, 79, 26, 194, 'todos se comportaram mal', 'Sala de aula', 'Advertncia', NULL, '1 vez', NULL, 1, 1, 1, NULL, NULL, '2025-10-22 22:58:51', '2025-10-22 22:58:51');
INSERT INTO public.syrios_ocorrencia (id, school_id, ano_letivo, vigente, aluno_id, professor_id, oferta_id, descricao, local, atitude, outra_atitude, comportamento, sugestao, status, nivel_gravidade, sync, recebido_em, encaminhamentos, created_at, updated_at) VALUES (59, 5, 2025, true, 80, 26, 194, 'todos se comportaram mal', 'Sala de aula', 'Advertncia', NULL, '1 vez', NULL, 1, 1, 1, NULL, NULL, '2025-10-22 22:58:51', '2025-10-22 22:58:51');
INSERT INTO public.syrios_ocorrencia (id, school_id, ano_letivo, vigente, aluno_id, professor_id, oferta_id, descricao, local, atitude, outra_atitude, comportamento, sugestao, status, nivel_gravidade, sync, recebido_em, encaminhamentos, created_at, updated_at) VALUES (60, 5, 2025, true, 81, 26, 194, 'todos se comportaram mal', 'Sala de aula', 'Advertncia', NULL, '1 vez', NULL, 1, 1, 1, NULL, NULL, '2025-10-22 22:58:51', '2025-10-22 22:58:51');
INSERT INTO public.syrios_ocorrencia (id, school_id, ano_letivo, vigente, aluno_id, professor_id, oferta_id, descricao, local, atitude, outra_atitude, comportamento, sugestao, status, nivel_gravidade, sync, recebido_em, encaminhamentos, created_at, updated_at) VALUES (61, 5, 2025, true, 82, 26, 194, 'todos se comportaram mal', 'Sala de aula', 'Advertncia', NULL, '1 vez', NULL, 1, 1, 1, NULL, NULL, '2025-10-22 22:58:51', '2025-10-22 22:58:51');
INSERT INTO public.syrios_ocorrencia (id, school_id, ano_letivo, vigente, aluno_id, professor_id, oferta_id, descricao, local, atitude, outra_atitude, comportamento, sugestao, status, nivel_gravidade, sync, recebido_em, encaminhamentos, created_at, updated_at) VALUES (62, 5, 2025, true, 83, 26, 194, 'todos se comportaram mal', 'Sala de aula', 'Advertncia', NULL, '1 vez', NULL, 1, 1, 1, NULL, NULL, '2025-10-22 22:58:51', '2025-10-22 22:58:51');
INSERT INTO public.syrios_ocorrencia (id, school_id, ano_letivo, vigente, aluno_id, professor_id, oferta_id, descricao, local, atitude, outra_atitude, comportamento, sugestao, status, nivel_gravidade, sync, recebido_em, encaminhamentos, created_at, updated_at) VALUES (63, 5, 2025, true, 84, 26, 194, 'todos se comportaram mal', 'Sala de aula', 'Advertncia', NULL, '1 vez', NULL, 1, 1, 1, NULL, NULL, '2025-10-22 22:58:51', '2025-10-22 22:58:51');
INSERT INTO public.syrios_ocorrencia (id, school_id, ano_letivo, vigente, aluno_id, professor_id, oferta_id, descricao, local, atitude, outra_atitude, comportamento, sugestao, status, nivel_gravidade, sync, recebido_em, encaminhamentos, created_at, updated_at) VALUES (64, 5, 2025, true, 85, 26, 194, 'todos se comportaram mal', 'Sala de aula', 'Advertncia', NULL, '1 vez', NULL, 1, 1, 1, NULL, NULL, '2025-10-22 22:58:51', '2025-10-22 22:58:51');
INSERT INTO public.syrios_ocorrencia (id, school_id, ano_letivo, vigente, aluno_id, professor_id, oferta_id, descricao, local, atitude, outra_atitude, comportamento, sugestao, status, nivel_gravidade, sync, recebido_em, encaminhamentos, created_at, updated_at) VALUES (65, 5, 2025, true, 86, 26, 194, 'todos se comportaram mal', 'Sala de aula', 'Advertncia', NULL, '1 vez', NULL, 1, 1, 1, NULL, NULL, '2025-10-22 22:58:51', '2025-10-22 22:58:51');
INSERT INTO public.syrios_ocorrencia (id, school_id, ano_letivo, vigente, aluno_id, professor_id, oferta_id, descricao, local, atitude, outra_atitude, comportamento, sugestao, status, nivel_gravidade, sync, recebido_em, encaminhamentos, created_at, updated_at) VALUES (66, 5, 2025, true, 87, 26, 194, 'todos se comportaram mal', 'Sala de aula', 'Advertncia', NULL, '1 vez', NULL, 1, 1, 1, NULL, NULL, '2025-10-22 22:58:51', '2025-10-22 22:58:51');
INSERT INTO public.syrios_ocorrencia (id, school_id, ano_letivo, vigente, aluno_id, professor_id, oferta_id, descricao, local, atitude, outra_atitude, comportamento, sugestao, status, nivel_gravidade, sync, recebido_em, encaminhamentos, created_at, updated_at) VALUES (67, 5, 2025, true, 88, 26, 194, 'todos se comportaram mal', 'Sala de aula', 'Advertncia', NULL, '1 vez', NULL, 1, 1, 1, NULL, NULL, '2025-10-22 22:58:51', '2025-10-22 22:58:51');
INSERT INTO public.syrios_ocorrencia (id, school_id, ano_letivo, vigente, aluno_id, professor_id, oferta_id, descricao, local, atitude, outra_atitude, comportamento, sugestao, status, nivel_gravidade, sync, recebido_em, encaminhamentos, created_at, updated_at) VALUES (68, 5, 2025, true, 558, 26, 194, 'todos se comportaram mal', 'Sala de aula', 'Advertncia', NULL, '1 vez', NULL, 1, 1, 1, NULL, NULL, '2025-10-22 22:58:51', '2025-10-22 22:58:51');
INSERT INTO public.syrios_ocorrencia (id, school_id, ano_letivo, vigente, aluno_id, professor_id, oferta_id, descricao, local, atitude, outra_atitude, comportamento, sugestao, status, nivel_gravidade, sync, recebido_em, encaminhamentos, created_at, updated_at) VALUES (69, 5, 2025, true, 561, 26, 194, 'todos se comportaram mal', 'Sala de aula', 'Advertncia', NULL, '1 vez', NULL, 1, 1, 1, NULL, NULL, '2025-10-22 22:58:51', '2025-10-22 22:58:51');
INSERT INTO public.syrios_ocorrencia (id, school_id, ano_letivo, vigente, aluno_id, professor_id, oferta_id, descricao, local, atitude, outra_atitude, comportamento, sugestao, status, nivel_gravidade, sync, recebido_em, encaminhamentos, created_at, updated_at) VALUES (70, 5, 2025, true, 563, 26, 194, 'todos se comportaram mal', 'Sala de aula', 'Advertncia', NULL, '1 vez', NULL, 1, 1, 1, NULL, NULL, '2025-10-22 22:58:51', '2025-10-22 22:58:51');
INSERT INTO public.syrios_ocorrencia (id, school_id, ano_letivo, vigente, aluno_id, professor_id, oferta_id, descricao, local, atitude, outra_atitude, comportamento, sugestao, status, nivel_gravidade, sync, recebido_em, encaminhamentos, created_at, updated_at) VALUES (71, 5, 2025, true, 564, 26, 194, 'todos se comportaram mal', 'Sala de aula', 'Advertncia', NULL, '1 vez', NULL, 1, 1, 1, NULL, NULL, '2025-10-22 22:58:51', '2025-10-22 22:58:51');
INSERT INTO public.syrios_ocorrencia (id, school_id, ano_letivo, vigente, aluno_id, professor_id, oferta_id, descricao, local, atitude, outra_atitude, comportamento, sugestao, status, nivel_gravidade, sync, recebido_em, encaminhamentos, created_at, updated_at) VALUES (72, 5, 2025, true, 8, 26, 182, 'vamos meter ocorrencia nesses alunos', 'Sala de aula', 'Advertncia', NULL, '1 vez', NULL, 0, 1, 1, '2025-10-22 23:04:18', NULL, '2025-10-22 23:02:23', '2025-10-22 23:04:18');
INSERT INTO public.syrios_ocorrencia (id, school_id, ano_letivo, vigente, aluno_id, professor_id, oferta_id, descricao, local, atitude, outra_atitude, comportamento, sugestao, status, nivel_gravidade, sync, recebido_em, encaminhamentos, created_at, updated_at) VALUES (73, 5, 2025, true, 9, 26, 182, 'vamos meter ocorrencia nesses alunos', 'Sala de aula', 'Advertncia', NULL, '1 vez', NULL, 0, 1, 1, '2025-10-22 23:03:47', NULL, '2025-10-22 23:02:23', '2025-10-22 23:03:47');
INSERT INTO public.syrios_ocorrencia (id, school_id, ano_letivo, vigente, aluno_id, professor_id, oferta_id, descricao, local, atitude, outra_atitude, comportamento, sugestao, status, nivel_gravidade, sync, recebido_em, encaminhamentos, created_at, updated_at) VALUES (76, 5, 2025, true, 12, 26, 182, 'vamos meter ocorrencia nesses alunos', 'Sala de aula', 'Advertncia', NULL, '1 vez', NULL, 1, 1, 1, NULL, NULL, '2025-10-22 23:02:23', '2025-10-22 23:02:23');
INSERT INTO public.syrios_ocorrencia (id, school_id, ano_letivo, vigente, aluno_id, professor_id, oferta_id, descricao, local, atitude, outra_atitude, comportamento, sugestao, status, nivel_gravidade, sync, recebido_em, encaminhamentos, created_at, updated_at) VALUES (77, 5, 2025, true, 563, 26, 182, 'vamos meter ocorrencia nesses alunos', 'Sala de aula', 'Advertncia', NULL, '1 vez', NULL, 0, 1, 1, '2025-10-22 23:03:36', NULL, '2025-10-22 23:02:23', '2025-10-22 23:03:36');
INSERT INTO public.syrios_ocorrencia (id, school_id, ano_letivo, vigente, aluno_id, professor_id, oferta_id, descricao, local, atitude, outra_atitude, comportamento, sugestao, status, nivel_gravidade, sync, recebido_em, encaminhamentos, created_at, updated_at) VALUES (78, 5, 2025, true, 564, 26, 182, 'vamos meter ocorrencia nesses alunos', 'Sala de aula', 'Advertncia', NULL, '1 vez', NULL, 1, 1, 1, NULL, NULL, '2025-10-22 23:02:23', '2025-10-22 23:02:23');
INSERT INTO public.syrios_ocorrencia (id, school_id, ano_letivo, vigente, aluno_id, professor_id, oferta_id, descricao, local, atitude, outra_atitude, comportamento, sugestao, status, nivel_gravidade, sync, recebido_em, encaminhamentos, created_at, updated_at) VALUES (79, 5, 2025, true, 396, 26, 195, 'mais duas', 'Sala de aula', 'Advertncia', NULL, '1 vez', NULL, 1, 1, 1, NULL, NULL, '2025-10-22 23:09:50', '2025-10-22 23:09:50');
INSERT INTO public.syrios_ocorrencia (id, school_id, ano_letivo, vigente, aluno_id, professor_id, oferta_id, descricao, local, atitude, outra_atitude, comportamento, sugestao, status, nivel_gravidade, sync, recebido_em, encaminhamentos, created_at, updated_at) VALUES (80, 5, 2025, true, 398, 26, 195, 'mais duas', 'Sala de aula', 'Advertncia', NULL, '1 vez', NULL, 1, 1, 1, NULL, NULL, '2025-10-22 23:09:50', '2025-10-22 23:09:50');


--
-- TOC entry 3606 (class 0 OID 24796)
-- Dependencies: 251
-- Data for Name: syrios_ocorrencia_motivo; Type: TABLE DATA; Schema: public; Owner: syrios_user
--

INSERT INTO public.syrios_ocorrencia_motivo (id, ocorrencia_id, modelo_motivo_id, created_at, updated_at) VALUES (1, 1, 1, '2025-10-20 10:42:48', '2025-10-20 10:42:48');
INSERT INTO public.syrios_ocorrencia_motivo (id, ocorrencia_id, modelo_motivo_id, created_at, updated_at) VALUES (2, 1, 4, '2025-10-20 10:42:48', '2025-10-20 10:42:48');
INSERT INTO public.syrios_ocorrencia_motivo (id, ocorrencia_id, modelo_motivo_id, created_at, updated_at) VALUES (3, 1, 2, '2025-10-20 10:42:48', '2025-10-20 10:42:48');
INSERT INTO public.syrios_ocorrencia_motivo (id, ocorrencia_id, modelo_motivo_id, created_at, updated_at) VALUES (4, 1, 5, '2025-10-20 10:42:48', '2025-10-20 10:42:48');
INSERT INTO public.syrios_ocorrencia_motivo (id, ocorrencia_id, modelo_motivo_id, created_at, updated_at) VALUES (5, 1, 6, '2025-10-20 10:42:48', '2025-10-20 10:42:48');
INSERT INTO public.syrios_ocorrencia_motivo (id, ocorrencia_id, modelo_motivo_id, created_at, updated_at) VALUES (6, 1, 3, '2025-10-20 10:42:48', '2025-10-20 10:42:48');
INSERT INTO public.syrios_ocorrencia_motivo (id, ocorrencia_id, modelo_motivo_id, created_at, updated_at) VALUES (7, 2, 1, '2025-10-20 10:42:48', '2025-10-20 10:42:48');
INSERT INTO public.syrios_ocorrencia_motivo (id, ocorrencia_id, modelo_motivo_id, created_at, updated_at) VALUES (8, 2, 4, '2025-10-20 10:42:48', '2025-10-20 10:42:48');
INSERT INTO public.syrios_ocorrencia_motivo (id, ocorrencia_id, modelo_motivo_id, created_at, updated_at) VALUES (9, 2, 2, '2025-10-20 10:42:48', '2025-10-20 10:42:48');
INSERT INTO public.syrios_ocorrencia_motivo (id, ocorrencia_id, modelo_motivo_id, created_at, updated_at) VALUES (10, 2, 5, '2025-10-20 10:42:48', '2025-10-20 10:42:48');
INSERT INTO public.syrios_ocorrencia_motivo (id, ocorrencia_id, modelo_motivo_id, created_at, updated_at) VALUES (11, 2, 6, '2025-10-20 10:42:48', '2025-10-20 10:42:48');
INSERT INTO public.syrios_ocorrencia_motivo (id, ocorrencia_id, modelo_motivo_id, created_at, updated_at) VALUES (12, 2, 3, '2025-10-20 10:42:48', '2025-10-20 10:42:48');
INSERT INTO public.syrios_ocorrencia_motivo (id, ocorrencia_id, modelo_motivo_id, created_at, updated_at) VALUES (13, 3, 1, '2025-10-20 14:29:04', '2025-10-20 14:29:04');
INSERT INTO public.syrios_ocorrencia_motivo (id, ocorrencia_id, modelo_motivo_id, created_at, updated_at) VALUES (14, 4, 1, '2025-10-20 14:29:04', '2025-10-20 14:29:04');
INSERT INTO public.syrios_ocorrencia_motivo (id, ocorrencia_id, modelo_motivo_id, created_at, updated_at) VALUES (15, 5, 1, '2025-10-20 14:29:04', '2025-10-20 14:29:04');
INSERT INTO public.syrios_ocorrencia_motivo (id, ocorrencia_id, modelo_motivo_id, created_at, updated_at) VALUES (18, 15, 1, '2025-10-21 13:54:44', '2025-10-21 13:54:44');
INSERT INTO public.syrios_ocorrencia_motivo (id, ocorrencia_id, modelo_motivo_id, created_at, updated_at) VALUES (19, 15, 4, '2025-10-21 13:54:44', '2025-10-21 13:54:44');
INSERT INTO public.syrios_ocorrencia_motivo (id, ocorrencia_id, modelo_motivo_id, created_at, updated_at) VALUES (20, 15, 3, '2025-10-21 13:54:44', '2025-10-21 13:54:44');
INSERT INTO public.syrios_ocorrencia_motivo (id, ocorrencia_id, modelo_motivo_id, created_at, updated_at) VALUES (21, 16, 1, '2025-10-21 13:54:44', '2025-10-21 13:54:44');
INSERT INTO public.syrios_ocorrencia_motivo (id, ocorrencia_id, modelo_motivo_id, created_at, updated_at) VALUES (22, 16, 4, '2025-10-21 13:54:44', '2025-10-21 13:54:44');
INSERT INTO public.syrios_ocorrencia_motivo (id, ocorrencia_id, modelo_motivo_id, created_at, updated_at) VALUES (23, 16, 3, '2025-10-21 13:54:44', '2025-10-21 13:54:44');
INSERT INTO public.syrios_ocorrencia_motivo (id, ocorrencia_id, modelo_motivo_id, created_at, updated_at) VALUES (24, 17, 1, '2025-10-21 13:54:44', '2025-10-21 13:54:44');
INSERT INTO public.syrios_ocorrencia_motivo (id, ocorrencia_id, modelo_motivo_id, created_at, updated_at) VALUES (25, 17, 4, '2025-10-21 13:54:44', '2025-10-21 13:54:44');
INSERT INTO public.syrios_ocorrencia_motivo (id, ocorrencia_id, modelo_motivo_id, created_at, updated_at) VALUES (26, 17, 3, '2025-10-21 13:54:44', '2025-10-21 13:54:44');
INSERT INTO public.syrios_ocorrencia_motivo (id, ocorrencia_id, modelo_motivo_id, created_at, updated_at) VALUES (27, 18, 1, '2025-10-21 13:54:44', '2025-10-21 13:54:44');
INSERT INTO public.syrios_ocorrencia_motivo (id, ocorrencia_id, modelo_motivo_id, created_at, updated_at) VALUES (28, 18, 4, '2025-10-21 13:54:44', '2025-10-21 13:54:44');
INSERT INTO public.syrios_ocorrencia_motivo (id, ocorrencia_id, modelo_motivo_id, created_at, updated_at) VALUES (29, 18, 3, '2025-10-21 13:54:44', '2025-10-21 13:54:44');
INSERT INTO public.syrios_ocorrencia_motivo (id, ocorrencia_id, modelo_motivo_id, created_at, updated_at) VALUES (30, 18, 2, '2025-10-21 14:28:52', '2025-10-21 14:28:52');
INSERT INTO public.syrios_ocorrencia_motivo (id, ocorrencia_id, modelo_motivo_id, created_at, updated_at) VALUES (31, 18, 5, '2025-10-21 14:28:52', '2025-10-21 14:28:52');
INSERT INTO public.syrios_ocorrencia_motivo (id, ocorrencia_id, modelo_motivo_id, created_at, updated_at) VALUES (32, 18, 6, '2025-10-21 14:28:52', '2025-10-21 14:28:52');
INSERT INTO public.syrios_ocorrencia_motivo (id, ocorrencia_id, modelo_motivo_id, created_at, updated_at) VALUES (33, 19, 1, '2025-10-21 14:55:02', '2025-10-21 14:55:02');
INSERT INTO public.syrios_ocorrencia_motivo (id, ocorrencia_id, modelo_motivo_id, created_at, updated_at) VALUES (34, 22, 2, '2025-10-21 21:36:09', '2025-10-21 21:36:09');
INSERT INTO public.syrios_ocorrencia_motivo (id, ocorrencia_id, modelo_motivo_id, created_at, updated_at) VALUES (35, 22, 5, '2025-10-21 21:36:09', '2025-10-21 21:36:09');
INSERT INTO public.syrios_ocorrencia_motivo (id, ocorrencia_id, modelo_motivo_id, created_at, updated_at) VALUES (36, 22, 6, '2025-10-21 21:36:09', '2025-10-21 21:36:09');
INSERT INTO public.syrios_ocorrencia_motivo (id, ocorrencia_id, modelo_motivo_id, created_at, updated_at) VALUES (37, 23, 1, '2025-10-22 15:41:09', '2025-10-22 15:41:09');
INSERT INTO public.syrios_ocorrencia_motivo (id, ocorrencia_id, modelo_motivo_id, created_at, updated_at) VALUES (38, 23, 4, '2025-10-22 15:41:09', '2025-10-22 15:41:09');
INSERT INTO public.syrios_ocorrencia_motivo (id, ocorrencia_id, modelo_motivo_id, created_at, updated_at) VALUES (39, 23, 7, '2025-10-22 15:41:09', '2025-10-22 15:41:09');
INSERT INTO public.syrios_ocorrencia_motivo (id, ocorrencia_id, modelo_motivo_id, created_at, updated_at) VALUES (40, 23, 2, '2025-10-22 15:41:09', '2025-10-22 15:41:09');
INSERT INTO public.syrios_ocorrencia_motivo (id, ocorrencia_id, modelo_motivo_id, created_at, updated_at) VALUES (41, 23, 5, '2025-10-22 15:41:09', '2025-10-22 15:41:09');
INSERT INTO public.syrios_ocorrencia_motivo (id, ocorrencia_id, modelo_motivo_id, created_at, updated_at) VALUES (42, 23, 6, '2025-10-22 15:41:09', '2025-10-22 15:41:09');
INSERT INTO public.syrios_ocorrencia_motivo (id, ocorrencia_id, modelo_motivo_id, created_at, updated_at) VALUES (43, 23, 3, '2025-10-22 15:41:09', '2025-10-22 15:41:09');
INSERT INTO public.syrios_ocorrencia_motivo (id, ocorrencia_id, modelo_motivo_id, created_at, updated_at) VALUES (44, 24, 1, '2025-10-22 15:41:09', '2025-10-22 15:41:09');
INSERT INTO public.syrios_ocorrencia_motivo (id, ocorrencia_id, modelo_motivo_id, created_at, updated_at) VALUES (45, 24, 4, '2025-10-22 15:41:09', '2025-10-22 15:41:09');
INSERT INTO public.syrios_ocorrencia_motivo (id, ocorrencia_id, modelo_motivo_id, created_at, updated_at) VALUES (46, 24, 7, '2025-10-22 15:41:09', '2025-10-22 15:41:09');
INSERT INTO public.syrios_ocorrencia_motivo (id, ocorrencia_id, modelo_motivo_id, created_at, updated_at) VALUES (47, 24, 2, '2025-10-22 15:41:09', '2025-10-22 15:41:09');
INSERT INTO public.syrios_ocorrencia_motivo (id, ocorrencia_id, modelo_motivo_id, created_at, updated_at) VALUES (48, 24, 5, '2025-10-22 15:41:09', '2025-10-22 15:41:09');
INSERT INTO public.syrios_ocorrencia_motivo (id, ocorrencia_id, modelo_motivo_id, created_at, updated_at) VALUES (49, 24, 6, '2025-10-22 15:41:09', '2025-10-22 15:41:09');
INSERT INTO public.syrios_ocorrencia_motivo (id, ocorrencia_id, modelo_motivo_id, created_at, updated_at) VALUES (50, 24, 3, '2025-10-22 15:41:09', '2025-10-22 15:41:09');
INSERT INTO public.syrios_ocorrencia_motivo (id, ocorrencia_id, modelo_motivo_id, created_at, updated_at) VALUES (51, 25, 1, '2025-10-22 22:58:51', '2025-10-22 22:58:51');
INSERT INTO public.syrios_ocorrencia_motivo (id, ocorrencia_id, modelo_motivo_id, created_at, updated_at) VALUES (56, 30, 1, '2025-10-22 22:58:51', '2025-10-22 22:58:51');
INSERT INTO public.syrios_ocorrencia_motivo (id, ocorrencia_id, modelo_motivo_id, created_at, updated_at) VALUES (57, 31, 1, '2025-10-22 22:58:51', '2025-10-22 22:58:51');
INSERT INTO public.syrios_ocorrencia_motivo (id, ocorrencia_id, modelo_motivo_id, created_at, updated_at) VALUES (59, 33, 1, '2025-10-22 22:58:51', '2025-10-22 22:58:51');
INSERT INTO public.syrios_ocorrencia_motivo (id, ocorrencia_id, modelo_motivo_id, created_at, updated_at) VALUES (60, 34, 1, '2025-10-22 22:58:51', '2025-10-22 22:58:51');
INSERT INTO public.syrios_ocorrencia_motivo (id, ocorrencia_id, modelo_motivo_id, created_at, updated_at) VALUES (62, 36, 1, '2025-10-22 22:58:51', '2025-10-22 22:58:51');
INSERT INTO public.syrios_ocorrencia_motivo (id, ocorrencia_id, modelo_motivo_id, created_at, updated_at) VALUES (63, 37, 1, '2025-10-22 22:58:51', '2025-10-22 22:58:51');
INSERT INTO public.syrios_ocorrencia_motivo (id, ocorrencia_id, modelo_motivo_id, created_at, updated_at) VALUES (65, 39, 1, '2025-10-22 22:58:51', '2025-10-22 22:58:51');
INSERT INTO public.syrios_ocorrencia_motivo (id, ocorrencia_id, modelo_motivo_id, created_at, updated_at) VALUES (66, 40, 1, '2025-10-22 22:58:51', '2025-10-22 22:58:51');
INSERT INTO public.syrios_ocorrencia_motivo (id, ocorrencia_id, modelo_motivo_id, created_at, updated_at) VALUES (67, 41, 1, '2025-10-22 22:58:51', '2025-10-22 22:58:51');
INSERT INTO public.syrios_ocorrencia_motivo (id, ocorrencia_id, modelo_motivo_id, created_at, updated_at) VALUES (68, 42, 1, '2025-10-22 22:58:51', '2025-10-22 22:58:51');
INSERT INTO public.syrios_ocorrencia_motivo (id, ocorrencia_id, modelo_motivo_id, created_at, updated_at) VALUES (69, 43, 1, '2025-10-22 22:58:51', '2025-10-22 22:58:51');
INSERT INTO public.syrios_ocorrencia_motivo (id, ocorrencia_id, modelo_motivo_id, created_at, updated_at) VALUES (70, 44, 1, '2025-10-22 22:58:51', '2025-10-22 22:58:51');
INSERT INTO public.syrios_ocorrencia_motivo (id, ocorrencia_id, modelo_motivo_id, created_at, updated_at) VALUES (71, 45, 1, '2025-10-22 22:58:51', '2025-10-22 22:58:51');
INSERT INTO public.syrios_ocorrencia_motivo (id, ocorrencia_id, modelo_motivo_id, created_at, updated_at) VALUES (72, 46, 1, '2025-10-22 22:58:51', '2025-10-22 22:58:51');
INSERT INTO public.syrios_ocorrencia_motivo (id, ocorrencia_id, modelo_motivo_id, created_at, updated_at) VALUES (73, 47, 1, '2025-10-22 22:58:51', '2025-10-22 22:58:51');
INSERT INTO public.syrios_ocorrencia_motivo (id, ocorrencia_id, modelo_motivo_id, created_at, updated_at) VALUES (74, 48, 1, '2025-10-22 22:58:51', '2025-10-22 22:58:51');
INSERT INTO public.syrios_ocorrencia_motivo (id, ocorrencia_id, modelo_motivo_id, created_at, updated_at) VALUES (75, 49, 1, '2025-10-22 22:58:51', '2025-10-22 22:58:51');
INSERT INTO public.syrios_ocorrencia_motivo (id, ocorrencia_id, modelo_motivo_id, created_at, updated_at) VALUES (76, 50, 1, '2025-10-22 22:58:51', '2025-10-22 22:58:51');
INSERT INTO public.syrios_ocorrencia_motivo (id, ocorrencia_id, modelo_motivo_id, created_at, updated_at) VALUES (77, 51, 1, '2025-10-22 22:58:51', '2025-10-22 22:58:51');
INSERT INTO public.syrios_ocorrencia_motivo (id, ocorrencia_id, modelo_motivo_id, created_at, updated_at) VALUES (78, 52, 1, '2025-10-22 22:58:51', '2025-10-22 22:58:51');
INSERT INTO public.syrios_ocorrencia_motivo (id, ocorrencia_id, modelo_motivo_id, created_at, updated_at) VALUES (79, 53, 1, '2025-10-22 22:58:51', '2025-10-22 22:58:51');
INSERT INTO public.syrios_ocorrencia_motivo (id, ocorrencia_id, modelo_motivo_id, created_at, updated_at) VALUES (80, 54, 1, '2025-10-22 22:58:51', '2025-10-22 22:58:51');
INSERT INTO public.syrios_ocorrencia_motivo (id, ocorrencia_id, modelo_motivo_id, created_at, updated_at) VALUES (81, 55, 1, '2025-10-22 22:58:51', '2025-10-22 22:58:51');
INSERT INTO public.syrios_ocorrencia_motivo (id, ocorrencia_id, modelo_motivo_id, created_at, updated_at) VALUES (82, 56, 1, '2025-10-22 22:58:51', '2025-10-22 22:58:51');
INSERT INTO public.syrios_ocorrencia_motivo (id, ocorrencia_id, modelo_motivo_id, created_at, updated_at) VALUES (83, 57, 1, '2025-10-22 22:58:51', '2025-10-22 22:58:51');
INSERT INTO public.syrios_ocorrencia_motivo (id, ocorrencia_id, modelo_motivo_id, created_at, updated_at) VALUES (84, 58, 1, '2025-10-22 22:58:51', '2025-10-22 22:58:51');
INSERT INTO public.syrios_ocorrencia_motivo (id, ocorrencia_id, modelo_motivo_id, created_at, updated_at) VALUES (85, 59, 1, '2025-10-22 22:58:51', '2025-10-22 22:58:51');
INSERT INTO public.syrios_ocorrencia_motivo (id, ocorrencia_id, modelo_motivo_id, created_at, updated_at) VALUES (86, 60, 1, '2025-10-22 22:58:51', '2025-10-22 22:58:51');
INSERT INTO public.syrios_ocorrencia_motivo (id, ocorrencia_id, modelo_motivo_id, created_at, updated_at) VALUES (87, 61, 1, '2025-10-22 22:58:51', '2025-10-22 22:58:51');
INSERT INTO public.syrios_ocorrencia_motivo (id, ocorrencia_id, modelo_motivo_id, created_at, updated_at) VALUES (88, 62, 1, '2025-10-22 22:58:51', '2025-10-22 22:58:51');
INSERT INTO public.syrios_ocorrencia_motivo (id, ocorrencia_id, modelo_motivo_id, created_at, updated_at) VALUES (89, 63, 1, '2025-10-22 22:58:51', '2025-10-22 22:58:51');
INSERT INTO public.syrios_ocorrencia_motivo (id, ocorrencia_id, modelo_motivo_id, created_at, updated_at) VALUES (90, 64, 1, '2025-10-22 22:58:51', '2025-10-22 22:58:51');
INSERT INTO public.syrios_ocorrencia_motivo (id, ocorrencia_id, modelo_motivo_id, created_at, updated_at) VALUES (91, 65, 1, '2025-10-22 22:58:51', '2025-10-22 22:58:51');
INSERT INTO public.syrios_ocorrencia_motivo (id, ocorrencia_id, modelo_motivo_id, created_at, updated_at) VALUES (92, 66, 1, '2025-10-22 22:58:51', '2025-10-22 22:58:51');
INSERT INTO public.syrios_ocorrencia_motivo (id, ocorrencia_id, modelo_motivo_id, created_at, updated_at) VALUES (93, 67, 1, '2025-10-22 22:58:51', '2025-10-22 22:58:51');
INSERT INTO public.syrios_ocorrencia_motivo (id, ocorrencia_id, modelo_motivo_id, created_at, updated_at) VALUES (94, 68, 1, '2025-10-22 22:58:51', '2025-10-22 22:58:51');
INSERT INTO public.syrios_ocorrencia_motivo (id, ocorrencia_id, modelo_motivo_id, created_at, updated_at) VALUES (95, 69, 1, '2025-10-22 22:58:51', '2025-10-22 22:58:51');
INSERT INTO public.syrios_ocorrencia_motivo (id, ocorrencia_id, modelo_motivo_id, created_at, updated_at) VALUES (96, 70, 1, '2025-10-22 22:58:51', '2025-10-22 22:58:51');
INSERT INTO public.syrios_ocorrencia_motivo (id, ocorrencia_id, modelo_motivo_id, created_at, updated_at) VALUES (97, 71, 1, '2025-10-22 22:58:51', '2025-10-22 22:58:51');
INSERT INTO public.syrios_ocorrencia_motivo (id, ocorrencia_id, modelo_motivo_id, created_at, updated_at) VALUES (98, 72, 1, '2025-10-22 23:02:23', '2025-10-22 23:02:23');
INSERT INTO public.syrios_ocorrencia_motivo (id, ocorrencia_id, modelo_motivo_id, created_at, updated_at) VALUES (99, 72, 4, '2025-10-22 23:02:23', '2025-10-22 23:02:23');
INSERT INTO public.syrios_ocorrencia_motivo (id, ocorrencia_id, modelo_motivo_id, created_at, updated_at) VALUES (100, 73, 1, '2025-10-22 23:02:23', '2025-10-22 23:02:23');
INSERT INTO public.syrios_ocorrencia_motivo (id, ocorrencia_id, modelo_motivo_id, created_at, updated_at) VALUES (101, 73, 4, '2025-10-22 23:02:23', '2025-10-22 23:02:23');
INSERT INTO public.syrios_ocorrencia_motivo (id, ocorrencia_id, modelo_motivo_id, created_at, updated_at) VALUES (106, 76, 1, '2025-10-22 23:02:23', '2025-10-22 23:02:23');
INSERT INTO public.syrios_ocorrencia_motivo (id, ocorrencia_id, modelo_motivo_id, created_at, updated_at) VALUES (107, 76, 4, '2025-10-22 23:02:23', '2025-10-22 23:02:23');
INSERT INTO public.syrios_ocorrencia_motivo (id, ocorrencia_id, modelo_motivo_id, created_at, updated_at) VALUES (108, 77, 1, '2025-10-22 23:02:23', '2025-10-22 23:02:23');
INSERT INTO public.syrios_ocorrencia_motivo (id, ocorrencia_id, modelo_motivo_id, created_at, updated_at) VALUES (109, 77, 4, '2025-10-22 23:02:23', '2025-10-22 23:02:23');
INSERT INTO public.syrios_ocorrencia_motivo (id, ocorrencia_id, modelo_motivo_id, created_at, updated_at) VALUES (110, 78, 1, '2025-10-22 23:02:23', '2025-10-22 23:02:23');
INSERT INTO public.syrios_ocorrencia_motivo (id, ocorrencia_id, modelo_motivo_id, created_at, updated_at) VALUES (111, 78, 4, '2025-10-22 23:02:23', '2025-10-22 23:02:23');
INSERT INTO public.syrios_ocorrencia_motivo (id, ocorrencia_id, modelo_motivo_id, created_at, updated_at) VALUES (112, 79, 1, '2025-10-22 23:09:50', '2025-10-22 23:09:50');
INSERT INTO public.syrios_ocorrencia_motivo (id, ocorrencia_id, modelo_motivo_id, created_at, updated_at) VALUES (113, 79, 4, '2025-10-22 23:09:50', '2025-10-22 23:09:50');
INSERT INTO public.syrios_ocorrencia_motivo (id, ocorrencia_id, modelo_motivo_id, created_at, updated_at) VALUES (114, 80, 1, '2025-10-22 23:09:50', '2025-10-22 23:09:50');
INSERT INTO public.syrios_ocorrencia_motivo (id, ocorrencia_id, modelo_motivo_id, created_at, updated_at) VALUES (115, 80, 4, '2025-10-22 23:09:50', '2025-10-22 23:09:50');


--
-- TOC entry 3598 (class 0 OID 24721)
-- Dependencies: 243
-- Data for Name: syrios_oferta; Type: TABLE DATA; Schema: public; Owner: syrios_user
--

INSERT INTO public.syrios_oferta (id, school_id, ano_letivo, vigente, turma_id, disciplina_id, professor_id, status, created_at, updated_at) VALUES (1, 5, 2025, true, 1, 42, 1, 1, '2025-10-15 02:38:43', '2025-10-15 02:38:43');
INSERT INTO public.syrios_oferta (id, school_id, ano_letivo, vigente, turma_id, disciplina_id, professor_id, status, created_at, updated_at) VALUES (2, 5, 2025, true, 2, 42, 1, 1, '2025-10-15 02:38:43', '2025-10-15 02:38:43');
INSERT INTO public.syrios_oferta (id, school_id, ano_letivo, vigente, turma_id, disciplina_id, professor_id, status, created_at, updated_at) VALUES (3, 5, 2025, true, 3, 42, 1, 1, '2025-10-15 02:38:43', '2025-10-15 02:38:43');
INSERT INTO public.syrios_oferta (id, school_id, ano_letivo, vigente, turma_id, disciplina_id, professor_id, status, created_at, updated_at) VALUES (4, 5, 2025, true, 4, 42, 1, 1, '2025-10-15 02:38:43', '2025-10-15 02:38:43');
INSERT INTO public.syrios_oferta (id, school_id, ano_letivo, vigente, turma_id, disciplina_id, professor_id, status, created_at, updated_at) VALUES (5, 5, 2025, true, 6, 42, 1, 1, '2025-10-15 02:38:43', '2025-10-15 02:38:43');
INSERT INTO public.syrios_oferta (id, school_id, ano_letivo, vigente, turma_id, disciplina_id, professor_id, status, created_at, updated_at) VALUES (6, 5, 2025, true, 7, 42, 1, 1, '2025-10-15 02:38:43', '2025-10-15 02:38:43');
INSERT INTO public.syrios_oferta (id, school_id, ano_letivo, vigente, turma_id, disciplina_id, professor_id, status, created_at, updated_at) VALUES (7, 5, 2025, true, 8, 42, 1, 1, '2025-10-15 02:38:43', '2025-10-15 02:38:43');
INSERT INTO public.syrios_oferta (id, school_id, ano_letivo, vigente, turma_id, disciplina_id, professor_id, status, created_at, updated_at) VALUES (8, 5, 2025, true, 9, 42, 1, 1, '2025-10-15 02:38:43', '2025-10-15 02:38:43');
INSERT INTO public.syrios_oferta (id, school_id, ano_letivo, vigente, turma_id, disciplina_id, professor_id, status, created_at, updated_at) VALUES (9, 5, 2025, true, 10, 42, 1, 1, '2025-10-15 02:38:43', '2025-10-15 02:38:43');
INSERT INTO public.syrios_oferta (id, school_id, ano_letivo, vigente, turma_id, disciplina_id, professor_id, status, created_at, updated_at) VALUES (10, 5, 2025, true, 11, 42, 1, 1, '2025-10-15 02:38:43', '2025-10-15 02:38:43');
INSERT INTO public.syrios_oferta (id, school_id, ano_letivo, vigente, turma_id, disciplina_id, professor_id, status, created_at, updated_at) VALUES (11, 5, 2025, true, 12, 42, 1, 1, '2025-10-15 02:38:43', '2025-10-15 02:38:43');
INSERT INTO public.syrios_oferta (id, school_id, ano_letivo, vigente, turma_id, disciplina_id, professor_id, status, created_at, updated_at) VALUES (12, 5, 2025, true, 13, 42, 1, 1, '2025-10-15 02:38:43', '2025-10-15 02:38:43');
INSERT INTO public.syrios_oferta (id, school_id, ano_letivo, vigente, turma_id, disciplina_id, professor_id, status, created_at, updated_at) VALUES (13, 5, 2025, true, 14, 42, 1, 1, '2025-10-15 02:38:43', '2025-10-15 02:38:43');
INSERT INTO public.syrios_oferta (id, school_id, ano_letivo, vigente, turma_id, disciplina_id, professor_id, status, created_at, updated_at) VALUES (14, 5, 2025, true, 15, 42, 1, 1, '2025-10-15 02:38:43', '2025-10-15 02:38:43');
INSERT INTO public.syrios_oferta (id, school_id, ano_letivo, vigente, turma_id, disciplina_id, professor_id, status, created_at, updated_at) VALUES (15, 5, 2025, true, 1, 25, 1, 1, '2025-10-15 02:38:43', '2025-10-15 02:38:43');
INSERT INTO public.syrios_oferta (id, school_id, ano_letivo, vigente, turma_id, disciplina_id, professor_id, status, created_at, updated_at) VALUES (16, 5, 2025, true, 2, 25, 1, 1, '2025-10-15 02:38:43', '2025-10-15 02:38:43');
INSERT INTO public.syrios_oferta (id, school_id, ano_letivo, vigente, turma_id, disciplina_id, professor_id, status, created_at, updated_at) VALUES (17, 5, 2025, true, 3, 25, 1, 1, '2025-10-15 02:38:43', '2025-10-15 02:38:43');
INSERT INTO public.syrios_oferta (id, school_id, ano_letivo, vigente, turma_id, disciplina_id, professor_id, status, created_at, updated_at) VALUES (18, 5, 2025, true, 4, 25, 1, 1, '2025-10-15 02:38:43', '2025-10-15 02:38:43');
INSERT INTO public.syrios_oferta (id, school_id, ano_letivo, vigente, turma_id, disciplina_id, professor_id, status, created_at, updated_at) VALUES (19, 5, 2025, true, 6, 25, 1, 1, '2025-10-15 02:38:43', '2025-10-15 02:38:43');
INSERT INTO public.syrios_oferta (id, school_id, ano_letivo, vigente, turma_id, disciplina_id, professor_id, status, created_at, updated_at) VALUES (20, 5, 2025, true, 7, 25, 1, 1, '2025-10-15 02:38:43', '2025-10-15 02:38:43');
INSERT INTO public.syrios_oferta (id, school_id, ano_letivo, vigente, turma_id, disciplina_id, professor_id, status, created_at, updated_at) VALUES (21, 5, 2025, true, 8, 25, 1, 1, '2025-10-15 02:38:43', '2025-10-15 02:38:43');
INSERT INTO public.syrios_oferta (id, school_id, ano_letivo, vigente, turma_id, disciplina_id, professor_id, status, created_at, updated_at) VALUES (22, 5, 2025, true, 9, 25, 1, 1, '2025-10-15 02:38:43', '2025-10-15 02:38:43');
INSERT INTO public.syrios_oferta (id, school_id, ano_letivo, vigente, turma_id, disciplina_id, professor_id, status, created_at, updated_at) VALUES (23, 5, 2025, true, 10, 25, 1, 1, '2025-10-15 02:38:43', '2025-10-15 02:38:43');
INSERT INTO public.syrios_oferta (id, school_id, ano_letivo, vigente, turma_id, disciplina_id, professor_id, status, created_at, updated_at) VALUES (24, 5, 2025, true, 11, 25, 1, 1, '2025-10-15 02:38:43', '2025-10-15 02:38:43');
INSERT INTO public.syrios_oferta (id, school_id, ano_letivo, vigente, turma_id, disciplina_id, professor_id, status, created_at, updated_at) VALUES (25, 5, 2025, true, 12, 25, 1, 1, '2025-10-15 02:38:43', '2025-10-15 02:38:43');
INSERT INTO public.syrios_oferta (id, school_id, ano_letivo, vigente, turma_id, disciplina_id, professor_id, status, created_at, updated_at) VALUES (26, 5, 2025, true, 13, 25, 1, 1, '2025-10-15 02:38:43', '2025-10-15 02:38:43');
INSERT INTO public.syrios_oferta (id, school_id, ano_letivo, vigente, turma_id, disciplina_id, professor_id, status, created_at, updated_at) VALUES (27, 5, 2025, true, 14, 25, 1, 1, '2025-10-15 02:38:43', '2025-10-15 02:38:43');
INSERT INTO public.syrios_oferta (id, school_id, ano_letivo, vigente, turma_id, disciplina_id, professor_id, status, created_at, updated_at) VALUES (28, 5, 2025, true, 15, 25, 1, 1, '2025-10-15 02:38:43', '2025-10-15 02:38:43');
INSERT INTO public.syrios_oferta (id, school_id, ano_letivo, vigente, turma_id, disciplina_id, professor_id, status, created_at, updated_at) VALUES (29, 5, 2025, true, 13, 31, 4, 1, '2025-10-15 02:38:43', '2025-10-15 02:38:43');
INSERT INTO public.syrios_oferta (id, school_id, ano_letivo, vigente, turma_id, disciplina_id, professor_id, status, created_at, updated_at) VALUES (30, 5, 2025, true, 14, 31, 4, 1, '2025-10-15 02:38:43', '2025-10-15 02:38:43');
INSERT INTO public.syrios_oferta (id, school_id, ano_letivo, vigente, turma_id, disciplina_id, professor_id, status, created_at, updated_at) VALUES (31, 5, 2025, true, 9, 5, 4, 1, '2025-10-15 02:38:43', '2025-10-15 02:38:43');
INSERT INTO public.syrios_oferta (id, school_id, ano_letivo, vigente, turma_id, disciplina_id, professor_id, status, created_at, updated_at) VALUES (32, 5, 2025, true, 8, 1, 4, 1, '2025-10-15 02:38:43', '2025-10-15 02:38:43');
INSERT INTO public.syrios_oferta (id, school_id, ano_letivo, vigente, turma_id, disciplina_id, professor_id, status, created_at, updated_at) VALUES (33, 5, 2025, true, 9, 1, 4, 1, '2025-10-15 02:38:43', '2025-10-15 02:38:43');
INSERT INTO public.syrios_oferta (id, school_id, ano_letivo, vigente, turma_id, disciplina_id, professor_id, status, created_at, updated_at) VALUES (34, 5, 2025, true, 1, 13, 5, 1, '2025-10-15 02:38:43', '2025-10-15 02:38:43');
INSERT INTO public.syrios_oferta (id, school_id, ano_letivo, vigente, turma_id, disciplina_id, professor_id, status, created_at, updated_at) VALUES (35, 5, 2025, true, 2, 13, 5, 1, '2025-10-15 02:38:43', '2025-10-15 02:38:43');
INSERT INTO public.syrios_oferta (id, school_id, ano_letivo, vigente, turma_id, disciplina_id, professor_id, status, created_at, updated_at) VALUES (36, 5, 2025, true, 10, 7, 6, 1, '2025-10-15 02:38:43', '2025-10-15 02:38:43');
INSERT INTO public.syrios_oferta (id, school_id, ano_letivo, vigente, turma_id, disciplina_id, professor_id, status, created_at, updated_at) VALUES (37, 5, 2025, true, 11, 41, 7, 1, '2025-10-15 02:38:43', '2025-10-15 02:38:43');
INSERT INTO public.syrios_oferta (id, school_id, ano_letivo, vigente, turma_id, disciplina_id, professor_id, status, created_at, updated_at) VALUES (38, 5, 2025, true, 12, 41, 7, 1, '2025-10-15 02:38:43', '2025-10-15 02:38:43');
INSERT INTO public.syrios_oferta (id, school_id, ano_letivo, vigente, turma_id, disciplina_id, professor_id, status, created_at, updated_at) VALUES (39, 5, 2025, true, 13, 41, 7, 1, '2025-10-15 02:38:43', '2025-10-15 02:38:43');
INSERT INTO public.syrios_oferta (id, school_id, ano_letivo, vigente, turma_id, disciplina_id, professor_id, status, created_at, updated_at) VALUES (40, 5, 2025, true, 7, 40, 7, 1, '2025-10-15 02:38:43', '2025-10-15 02:38:43');
INSERT INTO public.syrios_oferta (id, school_id, ano_letivo, vigente, turma_id, disciplina_id, professor_id, status, created_at, updated_at) VALUES (41, 5, 2025, true, 8, 40, 7, 1, '2025-10-15 02:38:43', '2025-10-15 02:38:43');
INSERT INTO public.syrios_oferta (id, school_id, ano_letivo, vigente, turma_id, disciplina_id, professor_id, status, created_at, updated_at) VALUES (42, 5, 2025, true, 9, 40, 7, 1, '2025-10-15 02:38:43', '2025-10-15 02:38:43');
INSERT INTO public.syrios_oferta (id, school_id, ano_letivo, vigente, turma_id, disciplina_id, professor_id, status, created_at, updated_at) VALUES (43, 5, 2025, true, 11, 23, 9, 1, '2025-10-15 02:38:43', '2025-10-15 02:38:43');
INSERT INTO public.syrios_oferta (id, school_id, ano_letivo, vigente, turma_id, disciplina_id, professor_id, status, created_at, updated_at) VALUES (44, 5, 2025, true, 12, 23, 9, 1, '2025-10-15 02:38:43', '2025-10-15 02:38:43');
INSERT INTO public.syrios_oferta (id, school_id, ano_letivo, vigente, turma_id, disciplina_id, professor_id, status, created_at, updated_at) VALUES (45, 5, 2025, true, 7, 20, 9, 1, '2025-10-15 02:38:43', '2025-10-15 02:38:43');
INSERT INTO public.syrios_oferta (id, school_id, ano_letivo, vigente, turma_id, disciplina_id, professor_id, status, created_at, updated_at) VALUES (46, 5, 2025, true, 8, 20, 9, 1, '2025-10-15 02:38:43', '2025-10-15 02:38:43');
INSERT INTO public.syrios_oferta (id, school_id, ano_letivo, vigente, turma_id, disciplina_id, professor_id, status, created_at, updated_at) VALUES (47, 5, 2025, true, 9, 20, 9, 1, '2025-10-15 02:38:43', '2025-10-15 02:38:43');
INSERT INTO public.syrios_oferta (id, school_id, ano_letivo, vigente, turma_id, disciplina_id, professor_id, status, created_at, updated_at) VALUES (48, 5, 2025, true, 10, 20, 9, 1, '2025-10-15 02:38:43', '2025-10-15 02:38:43');
INSERT INTO public.syrios_oferta (id, school_id, ano_letivo, vigente, turma_id, disciplina_id, professor_id, status, created_at, updated_at) VALUES (49, 5, 2025, true, 1, 10, 10, 1, '2025-10-15 02:38:43', '2025-10-15 02:38:43');
INSERT INTO public.syrios_oferta (id, school_id, ano_letivo, vigente, turma_id, disciplina_id, professor_id, status, created_at, updated_at) VALUES (50, 5, 2025, true, 2, 10, 10, 1, '2025-10-15 02:38:43', '2025-10-15 02:38:43');
INSERT INTO public.syrios_oferta (id, school_id, ano_letivo, vigente, turma_id, disciplina_id, professor_id, status, created_at, updated_at) VALUES (51, 5, 2025, true, 3, 10, 10, 1, '2025-10-15 02:38:43', '2025-10-15 02:38:43');
INSERT INTO public.syrios_oferta (id, school_id, ano_letivo, vigente, turma_id, disciplina_id, professor_id, status, created_at, updated_at) VALUES (52, 5, 2025, true, 4, 10, 10, 1, '2025-10-15 02:38:43', '2025-10-15 02:38:43');
INSERT INTO public.syrios_oferta (id, school_id, ano_letivo, vigente, turma_id, disciplina_id, professor_id, status, created_at, updated_at) VALUES (53, 5, 2025, true, 6, 10, 10, 1, '2025-10-15 02:38:43', '2025-10-15 02:38:43');
INSERT INTO public.syrios_oferta (id, school_id, ano_letivo, vigente, turma_id, disciplina_id, professor_id, status, created_at, updated_at) VALUES (54, 5, 2025, true, 7, 10, 10, 1, '2025-10-15 02:38:43', '2025-10-15 02:38:43');
INSERT INTO public.syrios_oferta (id, school_id, ano_letivo, vigente, turma_id, disciplina_id, professor_id, status, created_at, updated_at) VALUES (55, 5, 2025, true, 8, 10, 10, 1, '2025-10-15 02:38:43', '2025-10-15 02:38:43');
INSERT INTO public.syrios_oferta (id, school_id, ano_letivo, vigente, turma_id, disciplina_id, professor_id, status, created_at, updated_at) VALUES (56, 5, 2025, true, 9, 10, 10, 1, '2025-10-15 02:38:43', '2025-10-15 02:38:43');
INSERT INTO public.syrios_oferta (id, school_id, ano_letivo, vigente, turma_id, disciplina_id, professor_id, status, created_at, updated_at) VALUES (57, 5, 2025, true, 11, 10, 10, 1, '2025-10-15 02:38:43', '2025-10-15 02:38:43');
INSERT INTO public.syrios_oferta (id, school_id, ano_letivo, vigente, turma_id, disciplina_id, professor_id, status, created_at, updated_at) VALUES (58, 5, 2025, true, 12, 10, 10, 1, '2025-10-15 02:38:43', '2025-10-15 02:38:43');
INSERT INTO public.syrios_oferta (id, school_id, ano_letivo, vigente, turma_id, disciplina_id, professor_id, status, created_at, updated_at) VALUES (59, 5, 2025, true, 13, 10, 10, 1, '2025-10-15 02:38:43', '2025-10-15 02:38:43');
INSERT INTO public.syrios_oferta (id, school_id, ano_letivo, vigente, turma_id, disciplina_id, professor_id, status, created_at, updated_at) VALUES (60, 5, 2025, true, 14, 10, 10, 1, '2025-10-15 02:38:43', '2025-10-15 02:38:43');
INSERT INTO public.syrios_oferta (id, school_id, ano_letivo, vigente, turma_id, disciplina_id, professor_id, status, created_at, updated_at) VALUES (61, 5, 2025, true, 7, 5, 10, 1, '2025-10-15 02:38:43', '2025-10-15 02:38:43');
INSERT INTO public.syrios_oferta (id, school_id, ano_letivo, vigente, turma_id, disciplina_id, professor_id, status, created_at, updated_at) VALUES (62, 5, 2025, true, 12, 18, 11, 1, '2025-10-15 02:38:43', '2025-10-15 02:38:43');
INSERT INTO public.syrios_oferta (id, school_id, ano_letivo, vigente, turma_id, disciplina_id, professor_id, status, created_at, updated_at) VALUES (63, 5, 2025, true, 13, 18, 11, 1, '2025-10-15 02:38:43', '2025-10-15 02:38:43');
INSERT INTO public.syrios_oferta (id, school_id, ano_letivo, vigente, turma_id, disciplina_id, professor_id, status, created_at, updated_at) VALUES (64, 5, 2025, true, 14, 18, 11, 1, '2025-10-15 02:38:43', '2025-10-15 02:38:43');
INSERT INTO public.syrios_oferta (id, school_id, ano_letivo, vigente, turma_id, disciplina_id, professor_id, status, created_at, updated_at) VALUES (65, 5, 2025, true, 11, 36, 12, 1, '2025-10-15 02:38:43', '2025-10-15 02:38:43');
INSERT INTO public.syrios_oferta (id, school_id, ano_letivo, vigente, turma_id, disciplina_id, professor_id, status, created_at, updated_at) VALUES (66, 5, 2025, true, 12, 36, 12, 1, '2025-10-15 02:38:43', '2025-10-15 02:38:43');
INSERT INTO public.syrios_oferta (id, school_id, ano_letivo, vigente, turma_id, disciplina_id, professor_id, status, created_at, updated_at) VALUES (67, 5, 2025, true, 13, 36, 12, 1, '2025-10-15 02:38:43', '2025-10-15 02:38:43');
INSERT INTO public.syrios_oferta (id, school_id, ano_letivo, vigente, turma_id, disciplina_id, professor_id, status, created_at, updated_at) VALUES (68, 5, 2025, true, 14, 36, 12, 1, '2025-10-15 02:38:43', '2025-10-15 02:38:43');
INSERT INTO public.syrios_oferta (id, school_id, ano_letivo, vigente, turma_id, disciplina_id, professor_id, status, created_at, updated_at) VALUES (69, 5, 2025, true, 6, 7, 12, 1, '2025-10-15 02:38:43', '2025-10-15 02:38:43');
INSERT INTO public.syrios_oferta (id, school_id, ano_letivo, vigente, turma_id, disciplina_id, professor_id, status, created_at, updated_at) VALUES (70, 5, 2025, true, 6, 5, 12, 1, '2025-10-15 02:38:43', '2025-10-15 02:38:43');
INSERT INTO public.syrios_oferta (id, school_id, ano_letivo, vigente, turma_id, disciplina_id, professor_id, status, created_at, updated_at) VALUES (71, 5, 2025, true, 10, 5, 12, 1, '2025-10-15 02:38:43', '2025-10-15 02:38:43');
INSERT INTO public.syrios_oferta (id, school_id, ano_letivo, vigente, turma_id, disciplina_id, professor_id, status, created_at, updated_at) VALUES (72, 5, 2025, true, 13, 5, 13, 1, '2025-10-15 02:38:43', '2025-10-15 02:38:43');
INSERT INTO public.syrios_oferta (id, school_id, ano_letivo, vigente, turma_id, disciplina_id, professor_id, status, created_at, updated_at) VALUES (73, 5, 2025, true, 1, 16, 14, 1, '2025-10-15 02:38:43', '2025-10-15 02:38:43');
INSERT INTO public.syrios_oferta (id, school_id, ano_letivo, vigente, turma_id, disciplina_id, professor_id, status, created_at, updated_at) VALUES (74, 5, 2025, true, 2, 16, 14, 1, '2025-10-15 02:38:43', '2025-10-15 02:38:43');
INSERT INTO public.syrios_oferta (id, school_id, ano_letivo, vigente, turma_id, disciplina_id, professor_id, status, created_at, updated_at) VALUES (75, 5, 2025, true, 3, 16, 14, 1, '2025-10-15 02:38:43', '2025-10-15 02:38:43');
INSERT INTO public.syrios_oferta (id, school_id, ano_letivo, vigente, turma_id, disciplina_id, professor_id, status, created_at, updated_at) VALUES (76, 5, 2025, true, 2, 24, 15, 1, '2025-10-15 02:38:43', '2025-10-15 02:38:43');
INSERT INTO public.syrios_oferta (id, school_id, ano_letivo, vigente, turma_id, disciplina_id, professor_id, status, created_at, updated_at) VALUES (77, 5, 2025, true, 3, 24, 15, 1, '2025-10-15 02:38:43', '2025-10-15 02:38:43');
INSERT INTO public.syrios_oferta (id, school_id, ano_letivo, vigente, turma_id, disciplina_id, professor_id, status, created_at, updated_at) VALUES (78, 5, 2025, true, 4, 24, 15, 1, '2025-10-15 02:38:43', '2025-10-15 02:38:43');
INSERT INTO public.syrios_oferta (id, school_id, ano_letivo, vigente, turma_id, disciplina_id, professor_id, status, created_at, updated_at) VALUES (79, 5, 2025, true, 6, 19, 15, 1, '2025-10-15 02:38:43', '2025-10-15 02:38:43');
INSERT INTO public.syrios_oferta (id, school_id, ano_letivo, vigente, turma_id, disciplina_id, professor_id, status, created_at, updated_at) VALUES (80, 5, 2025, true, 7, 19, 15, 1, '2025-10-15 02:38:43', '2025-10-15 02:38:43');
INSERT INTO public.syrios_oferta (id, school_id, ano_letivo, vigente, turma_id, disciplina_id, professor_id, status, created_at, updated_at) VALUES (81, 5, 2025, true, 8, 19, 15, 1, '2025-10-15 02:38:43', '2025-10-15 02:38:43');
INSERT INTO public.syrios_oferta (id, school_id, ano_letivo, vigente, turma_id, disciplina_id, professor_id, status, created_at, updated_at) VALUES (82, 5, 2025, true, 9, 19, 15, 1, '2025-10-15 02:38:43', '2025-10-15 02:38:43');
INSERT INTO public.syrios_oferta (id, school_id, ano_letivo, vigente, turma_id, disciplina_id, professor_id, status, created_at, updated_at) VALUES (83, 5, 2025, true, 1, 11, 15, 1, '2025-10-15 02:38:43', '2025-10-15 02:38:43');
INSERT INTO public.syrios_oferta (id, school_id, ano_letivo, vigente, turma_id, disciplina_id, professor_id, status, created_at, updated_at) VALUES (84, 5, 2025, true, 2, 11, 15, 1, '2025-10-15 02:38:43', '2025-10-15 02:38:43');
INSERT INTO public.syrios_oferta (id, school_id, ano_letivo, vigente, turma_id, disciplina_id, professor_id, status, created_at, updated_at) VALUES (85, 5, 2025, true, 3, 11, 15, 1, '2025-10-15 02:38:43', '2025-10-15 02:38:43');
INSERT INTO public.syrios_oferta (id, school_id, ano_letivo, vigente, turma_id, disciplina_id, professor_id, status, created_at, updated_at) VALUES (86, 5, 2025, true, 4, 11, 15, 1, '2025-10-15 02:38:43', '2025-10-15 02:38:43');
INSERT INTO public.syrios_oferta (id, school_id, ano_letivo, vigente, turma_id, disciplina_id, professor_id, status, created_at, updated_at) VALUES (87, 5, 2025, true, 6, 11, 15, 1, '2025-10-15 02:38:43', '2025-10-15 02:38:43');
INSERT INTO public.syrios_oferta (id, school_id, ano_letivo, vigente, turma_id, disciplina_id, professor_id, status, created_at, updated_at) VALUES (88, 5, 2025, true, 7, 11, 15, 1, '2025-10-15 02:38:43', '2025-10-15 02:38:43');
INSERT INTO public.syrios_oferta (id, school_id, ano_letivo, vigente, turma_id, disciplina_id, professor_id, status, created_at, updated_at) VALUES (89, 5, 2025, true, 8, 11, 15, 1, '2025-10-15 02:38:43', '2025-10-15 02:38:43');
INSERT INTO public.syrios_oferta (id, school_id, ano_letivo, vigente, turma_id, disciplina_id, professor_id, status, created_at, updated_at) VALUES (90, 5, 2025, true, 9, 11, 15, 1, '2025-10-15 02:38:43', '2025-10-15 02:38:43');
INSERT INTO public.syrios_oferta (id, school_id, ano_letivo, vigente, turma_id, disciplina_id, professor_id, status, created_at, updated_at) VALUES (91, 5, 2025, true, 11, 11, 15, 1, '2025-10-15 02:38:43', '2025-10-15 02:38:43');
INSERT INTO public.syrios_oferta (id, school_id, ano_letivo, vigente, turma_id, disciplina_id, professor_id, status, created_at, updated_at) VALUES (92, 5, 2025, true, 12, 11, 15, 1, '2025-10-15 02:38:43', '2025-10-15 02:38:43');
INSERT INTO public.syrios_oferta (id, school_id, ano_letivo, vigente, turma_id, disciplina_id, professor_id, status, created_at, updated_at) VALUES (93, 5, 2025, true, 13, 11, 15, 1, '2025-10-15 02:38:43', '2025-10-15 02:38:43');
INSERT INTO public.syrios_oferta (id, school_id, ano_letivo, vigente, turma_id, disciplina_id, professor_id, status, created_at, updated_at) VALUES (94, 5, 2025, true, 14, 11, 15, 1, '2025-10-15 02:38:43', '2025-10-15 02:38:43');
INSERT INTO public.syrios_oferta (id, school_id, ano_letivo, vigente, turma_id, disciplina_id, professor_id, status, created_at, updated_at) VALUES (95, 5, 2025, true, 2, 23, 17, 1, '2025-10-15 02:38:43', '2025-10-15 02:38:43');
INSERT INTO public.syrios_oferta (id, school_id, ano_letivo, vigente, turma_id, disciplina_id, professor_id, status, created_at, updated_at) VALUES (96, 5, 2025, true, 3, 20, 17, 1, '2025-10-15 02:38:43', '2025-10-15 02:38:43');
INSERT INTO public.syrios_oferta (id, school_id, ano_letivo, vigente, turma_id, disciplina_id, professor_id, status, created_at, updated_at) VALUES (97, 5, 2025, true, 4, 20, 17, 1, '2025-10-15 02:38:43', '2025-10-15 02:38:43');
INSERT INTO public.syrios_oferta (id, school_id, ano_letivo, vigente, turma_id, disciplina_id, professor_id, status, created_at, updated_at) VALUES (98, 5, 2025, true, 8, 5, 17, 1, '2025-10-15 02:38:43', '2025-10-15 02:38:43');
INSERT INTO public.syrios_oferta (id, school_id, ano_letivo, vigente, turma_id, disciplina_id, professor_id, status, created_at, updated_at) VALUES (99, 5, 2025, true, 6, 2, 17, 1, '2025-10-15 02:38:43', '2025-10-15 02:38:43');
INSERT INTO public.syrios_oferta (id, school_id, ano_letivo, vigente, turma_id, disciplina_id, professor_id, status, created_at, updated_at) VALUES (100, 5, 2025, true, 7, 2, 17, 1, '2025-10-15 02:38:43', '2025-10-15 02:38:43');
INSERT INTO public.syrios_oferta (id, school_id, ano_letivo, vigente, turma_id, disciplina_id, professor_id, status, created_at, updated_at) VALUES (101, 5, 2025, true, 8, 2, 17, 1, '2025-10-15 02:38:43', '2025-10-15 02:38:43');
INSERT INTO public.syrios_oferta (id, school_id, ano_letivo, vigente, turma_id, disciplina_id, professor_id, status, created_at, updated_at) VALUES (102, 5, 2025, true, 9, 2, 17, 1, '2025-10-15 02:38:43', '2025-10-15 02:38:43');
INSERT INTO public.syrios_oferta (id, school_id, ano_letivo, vigente, turma_id, disciplina_id, professor_id, status, created_at, updated_at) VALUES (103, 5, 2025, true, 1, 24, 18, 1, '2025-10-15 02:38:43', '2025-10-15 02:38:43');
INSERT INTO public.syrios_oferta (id, school_id, ano_letivo, vigente, turma_id, disciplina_id, professor_id, status, created_at, updated_at) VALUES (104, 5, 2025, true, 11, 19, 18, 1, '2025-10-15 02:38:43', '2025-10-15 02:38:43');
INSERT INTO public.syrios_oferta (id, school_id, ano_letivo, vigente, turma_id, disciplina_id, professor_id, status, created_at, updated_at) VALUES (105, 5, 2025, true, 12, 19, 18, 1, '2025-10-15 02:38:43', '2025-10-15 02:38:43');
INSERT INTO public.syrios_oferta (id, school_id, ano_letivo, vigente, turma_id, disciplina_id, professor_id, status, created_at, updated_at) VALUES (106, 5, 2025, true, 13, 19, 18, 1, '2025-10-15 02:38:43', '2025-10-15 02:38:43');
INSERT INTO public.syrios_oferta (id, school_id, ano_letivo, vigente, turma_id, disciplina_id, professor_id, status, created_at, updated_at) VALUES (107, 5, 2025, true, 14, 19, 18, 1, '2025-10-15 02:38:43', '2025-10-15 02:38:43');
INSERT INTO public.syrios_oferta (id, school_id, ano_letivo, vigente, turma_id, disciplina_id, professor_id, status, created_at, updated_at) VALUES (108, 5, 2025, true, 6, 18, 18, 1, '2025-10-15 02:38:43', '2025-10-15 02:38:43');
INSERT INTO public.syrios_oferta (id, school_id, ano_letivo, vigente, turma_id, disciplina_id, professor_id, status, created_at, updated_at) VALUES (109, 5, 2025, true, 7, 18, 18, 1, '2025-10-15 02:38:43', '2025-10-15 02:38:43');
INSERT INTO public.syrios_oferta (id, school_id, ano_letivo, vigente, turma_id, disciplina_id, professor_id, status, created_at, updated_at) VALUES (110, 5, 2025, true, 1, 5, 18, 1, '2025-10-15 02:38:43', '2025-10-15 02:38:43');
INSERT INTO public.syrios_oferta (id, school_id, ano_letivo, vigente, turma_id, disciplina_id, professor_id, status, created_at, updated_at) VALUES (111, 5, 2025, true, 1, 43, 19, 1, '2025-10-15 02:38:43', '2025-10-15 02:38:43');
INSERT INTO public.syrios_oferta (id, school_id, ano_letivo, vigente, turma_id, disciplina_id, professor_id, status, created_at, updated_at) VALUES (112, 5, 2025, true, 2, 43, 19, 1, '2025-10-15 02:38:43', '2025-10-15 02:38:43');
INSERT INTO public.syrios_oferta (id, school_id, ano_letivo, vigente, turma_id, disciplina_id, professor_id, status, created_at, updated_at) VALUES (113, 5, 2025, true, 3, 43, 19, 1, '2025-10-15 02:38:43', '2025-10-15 02:38:43');
INSERT INTO public.syrios_oferta (id, school_id, ano_letivo, vigente, turma_id, disciplina_id, professor_id, status, created_at, updated_at) VALUES (114, 5, 2025, true, 4, 43, 19, 1, '2025-10-15 02:38:43', '2025-10-15 02:38:43');
INSERT INTO public.syrios_oferta (id, school_id, ano_letivo, vigente, turma_id, disciplina_id, professor_id, status, created_at, updated_at) VALUES (115, 5, 2025, true, 6, 43, 19, 1, '2025-10-15 02:38:43', '2025-10-15 02:38:43');
INSERT INTO public.syrios_oferta (id, school_id, ano_letivo, vigente, turma_id, disciplina_id, professor_id, status, created_at, updated_at) VALUES (116, 5, 2025, true, 7, 43, 19, 1, '2025-10-15 02:38:43', '2025-10-15 02:38:43');
INSERT INTO public.syrios_oferta (id, school_id, ano_letivo, vigente, turma_id, disciplina_id, professor_id, status, created_at, updated_at) VALUES (117, 5, 2025, true, 8, 43, 19, 1, '2025-10-15 02:38:43', '2025-10-15 02:38:43');
INSERT INTO public.syrios_oferta (id, school_id, ano_letivo, vigente, turma_id, disciplina_id, professor_id, status, created_at, updated_at) VALUES (118, 5, 2025, true, 9, 43, 19, 1, '2025-10-15 02:38:43', '2025-10-15 02:38:43');
INSERT INTO public.syrios_oferta (id, school_id, ano_letivo, vigente, turma_id, disciplina_id, professor_id, status, created_at, updated_at) VALUES (119, 5, 2025, true, 10, 43, 19, 1, '2025-10-15 02:38:43', '2025-10-15 02:38:43');
INSERT INTO public.syrios_oferta (id, school_id, ano_letivo, vigente, turma_id, disciplina_id, professor_id, status, created_at, updated_at) VALUES (120, 5, 2025, true, 11, 43, 19, 1, '2025-10-15 02:38:43', '2025-10-15 02:38:43');
INSERT INTO public.syrios_oferta (id, school_id, ano_letivo, vigente, turma_id, disciplina_id, professor_id, status, created_at, updated_at) VALUES (121, 5, 2025, true, 12, 43, 19, 1, '2025-10-15 02:38:43', '2025-10-15 02:38:43');
INSERT INTO public.syrios_oferta (id, school_id, ano_letivo, vigente, turma_id, disciplina_id, professor_id, status, created_at, updated_at) VALUES (122, 5, 2025, true, 13, 43, 19, 1, '2025-10-15 02:38:43', '2025-10-15 02:38:43');
INSERT INTO public.syrios_oferta (id, school_id, ano_letivo, vigente, turma_id, disciplina_id, professor_id, status, created_at, updated_at) VALUES (123, 5, 2025, true, 14, 43, 19, 1, '2025-10-15 02:38:43', '2025-10-15 02:38:43');
INSERT INTO public.syrios_oferta (id, school_id, ano_letivo, vigente, turma_id, disciplina_id, professor_id, status, created_at, updated_at) VALUES (124, 5, 2025, true, 15, 43, 19, 1, '2025-10-15 02:38:43', '2025-10-15 02:38:43');
INSERT INTO public.syrios_oferta (id, school_id, ano_letivo, vigente, turma_id, disciplina_id, professor_id, status, created_at, updated_at) VALUES (125, 5, 2025, true, 1, 26, 19, 1, '2025-10-15 02:38:43', '2025-10-15 02:38:43');
INSERT INTO public.syrios_oferta (id, school_id, ano_letivo, vigente, turma_id, disciplina_id, professor_id, status, created_at, updated_at) VALUES (126, 5, 2025, true, 2, 26, 19, 1, '2025-10-15 02:38:43', '2025-10-15 02:38:43');
INSERT INTO public.syrios_oferta (id, school_id, ano_letivo, vigente, turma_id, disciplina_id, professor_id, status, created_at, updated_at) VALUES (127, 5, 2025, true, 3, 26, 19, 1, '2025-10-15 02:38:43', '2025-10-15 02:38:43');
INSERT INTO public.syrios_oferta (id, school_id, ano_letivo, vigente, turma_id, disciplina_id, professor_id, status, created_at, updated_at) VALUES (128, 5, 2025, true, 4, 26, 19, 1, '2025-10-15 02:38:43', '2025-10-15 02:38:43');
INSERT INTO public.syrios_oferta (id, school_id, ano_letivo, vigente, turma_id, disciplina_id, professor_id, status, created_at, updated_at) VALUES (129, 5, 2025, true, 6, 26, 19, 1, '2025-10-15 02:38:43', '2025-10-15 02:38:43');
INSERT INTO public.syrios_oferta (id, school_id, ano_letivo, vigente, turma_id, disciplina_id, professor_id, status, created_at, updated_at) VALUES (130, 5, 2025, true, 7, 26, 19, 1, '2025-10-15 02:38:43', '2025-10-15 02:38:43');
INSERT INTO public.syrios_oferta (id, school_id, ano_letivo, vigente, turma_id, disciplina_id, professor_id, status, created_at, updated_at) VALUES (131, 5, 2025, true, 8, 26, 19, 1, '2025-10-15 02:38:43', '2025-10-15 02:38:43');
INSERT INTO public.syrios_oferta (id, school_id, ano_letivo, vigente, turma_id, disciplina_id, professor_id, status, created_at, updated_at) VALUES (132, 5, 2025, true, 9, 26, 19, 1, '2025-10-15 02:38:43', '2025-10-15 02:38:43');
INSERT INTO public.syrios_oferta (id, school_id, ano_letivo, vigente, turma_id, disciplina_id, professor_id, status, created_at, updated_at) VALUES (133, 5, 2025, true, 10, 26, 19, 1, '2025-10-15 02:38:43', '2025-10-15 02:38:43');
INSERT INTO public.syrios_oferta (id, school_id, ano_letivo, vigente, turma_id, disciplina_id, professor_id, status, created_at, updated_at) VALUES (134, 5, 2025, true, 11, 26, 19, 1, '2025-10-15 02:38:43', '2025-10-15 02:38:43');
INSERT INTO public.syrios_oferta (id, school_id, ano_letivo, vigente, turma_id, disciplina_id, professor_id, status, created_at, updated_at) VALUES (135, 5, 2025, true, 12, 26, 19, 1, '2025-10-15 02:38:43', '2025-10-15 02:38:43');
INSERT INTO public.syrios_oferta (id, school_id, ano_letivo, vigente, turma_id, disciplina_id, professor_id, status, created_at, updated_at) VALUES (136, 5, 2025, true, 13, 26, 19, 1, '2025-10-15 02:38:43', '2025-10-15 02:38:43');
INSERT INTO public.syrios_oferta (id, school_id, ano_letivo, vigente, turma_id, disciplina_id, professor_id, status, created_at, updated_at) VALUES (137, 5, 2025, true, 14, 26, 19, 1, '2025-10-15 02:38:43', '2025-10-15 02:38:43');
INSERT INTO public.syrios_oferta (id, school_id, ano_letivo, vigente, turma_id, disciplina_id, professor_id, status, created_at, updated_at) VALUES (138, 5, 2025, true, 15, 26, 19, 1, '2025-10-15 02:38:43', '2025-10-15 02:38:43');
INSERT INTO public.syrios_oferta (id, school_id, ano_letivo, vigente, turma_id, disciplina_id, professor_id, status, created_at, updated_at) VALUES (139, 5, 2025, true, 10, 17, 20, 1, '2025-10-15 02:38:43', '2025-10-15 02:38:43');
INSERT INTO public.syrios_oferta (id, school_id, ano_letivo, vigente, turma_id, disciplina_id, professor_id, status, created_at, updated_at) VALUES (140, 5, 2025, true, 1, 36, 22, 1, '2025-10-15 02:38:43', '2025-10-15 02:38:43');
INSERT INTO public.syrios_oferta (id, school_id, ano_letivo, vigente, turma_id, disciplina_id, professor_id, status, created_at, updated_at) VALUES (141, 5, 2025, true, 2, 36, 22, 1, '2025-10-15 02:38:43', '2025-10-15 02:38:43');
INSERT INTO public.syrios_oferta (id, school_id, ano_letivo, vigente, turma_id, disciplina_id, professor_id, status, created_at, updated_at) VALUES (142, 5, 2025, true, 3, 36, 22, 1, '2025-10-15 02:38:43', '2025-10-15 02:38:43');
INSERT INTO public.syrios_oferta (id, school_id, ano_letivo, vigente, turma_id, disciplina_id, professor_id, status, created_at, updated_at) VALUES (143, 5, 2025, true, 4, 36, 22, 1, '2025-10-15 02:38:43', '2025-10-15 02:38:43');
INSERT INTO public.syrios_oferta (id, school_id, ano_letivo, vigente, turma_id, disciplina_id, professor_id, status, created_at, updated_at) VALUES (144, 5, 2025, true, 6, 36, 22, 1, '2025-10-15 02:38:43', '2025-10-15 02:38:43');
INSERT INTO public.syrios_oferta (id, school_id, ano_letivo, vigente, turma_id, disciplina_id, professor_id, status, created_at, updated_at) VALUES (145, 5, 2025, true, 7, 36, 22, 1, '2025-10-15 02:38:43', '2025-10-15 02:38:43');
INSERT INTO public.syrios_oferta (id, school_id, ano_letivo, vigente, turma_id, disciplina_id, professor_id, status, created_at, updated_at) VALUES (146, 5, 2025, true, 8, 36, 22, 1, '2025-10-15 02:38:43', '2025-10-15 02:38:43');
INSERT INTO public.syrios_oferta (id, school_id, ano_letivo, vigente, turma_id, disciplina_id, professor_id, status, created_at, updated_at) VALUES (147, 5, 2025, true, 9, 36, 22, 1, '2025-10-15 02:38:43', '2025-10-15 02:38:43');
INSERT INTO public.syrios_oferta (id, school_id, ano_letivo, vigente, turma_id, disciplina_id, professor_id, status, created_at, updated_at) VALUES (148, 5, 2025, true, 1, 7, 22, 1, '2025-10-15 02:38:43', '2025-10-15 02:38:43');
INSERT INTO public.syrios_oferta (id, school_id, ano_letivo, vigente, turma_id, disciplina_id, professor_id, status, created_at, updated_at) VALUES (149, 5, 2025, true, 2, 7, 22, 1, '2025-10-15 02:38:43', '2025-10-15 02:38:43');
INSERT INTO public.syrios_oferta (id, school_id, ano_letivo, vigente, turma_id, disciplina_id, professor_id, status, created_at, updated_at) VALUES (150, 5, 2025, true, 3, 7, 22, 1, '2025-10-15 02:38:43', '2025-10-15 02:38:43');
INSERT INTO public.syrios_oferta (id, school_id, ano_letivo, vigente, turma_id, disciplina_id, professor_id, status, created_at, updated_at) VALUES (151, 5, 2025, true, 4, 7, 22, 1, '2025-10-15 02:38:43', '2025-10-15 02:38:43');
INSERT INTO public.syrios_oferta (id, school_id, ano_letivo, vigente, turma_id, disciplina_id, professor_id, status, created_at, updated_at) VALUES (152, 5, 2025, true, 7, 7, 22, 1, '2025-10-15 02:38:43', '2025-10-15 02:38:43');
INSERT INTO public.syrios_oferta (id, school_id, ano_letivo, vigente, turma_id, disciplina_id, professor_id, status, created_at, updated_at) VALUES (153, 5, 2025, true, 8, 7, 22, 1, '2025-10-15 02:38:43', '2025-10-15 02:38:43');
INSERT INTO public.syrios_oferta (id, school_id, ano_letivo, vigente, turma_id, disciplina_id, professor_id, status, created_at, updated_at) VALUES (154, 5, 2025, true, 9, 7, 22, 1, '2025-10-15 02:38:43', '2025-10-15 02:38:43');
INSERT INTO public.syrios_oferta (id, school_id, ano_letivo, vigente, turma_id, disciplina_id, professor_id, status, created_at, updated_at) VALUES (155, 5, 2025, true, 11, 7, 22, 1, '2025-10-15 02:38:43', '2025-10-15 02:38:43');
INSERT INTO public.syrios_oferta (id, school_id, ano_letivo, vigente, turma_id, disciplina_id, professor_id, status, created_at, updated_at) VALUES (156, 5, 2025, true, 12, 7, 22, 1, '2025-10-15 02:38:43', '2025-10-15 02:38:43');
INSERT INTO public.syrios_oferta (id, school_id, ano_letivo, vigente, turma_id, disciplina_id, professor_id, status, created_at, updated_at) VALUES (157, 5, 2025, true, 13, 7, 22, 1, '2025-10-15 02:38:43', '2025-10-15 02:38:43');
INSERT INTO public.syrios_oferta (id, school_id, ano_letivo, vigente, turma_id, disciplina_id, professor_id, status, created_at, updated_at) VALUES (158, 5, 2025, true, 14, 7, 22, 1, '2025-10-15 02:38:43', '2025-10-15 02:38:43');
INSERT INTO public.syrios_oferta (id, school_id, ano_letivo, vigente, turma_id, disciplina_id, professor_id, status, created_at, updated_at) VALUES (159, 5, 2025, true, 1, 8, 23, 1, '2025-10-15 02:38:43', '2025-10-15 02:38:43');
INSERT INTO public.syrios_oferta (id, school_id, ano_letivo, vigente, turma_id, disciplina_id, professor_id, status, created_at, updated_at) VALUES (160, 5, 2025, true, 2, 8, 23, 1, '2025-10-15 02:38:43', '2025-10-15 02:38:43');
INSERT INTO public.syrios_oferta (id, school_id, ano_letivo, vigente, turma_id, disciplina_id, professor_id, status, created_at, updated_at) VALUES (161, 5, 2025, true, 3, 8, 23, 1, '2025-10-15 02:38:43', '2025-10-15 02:38:43');
INSERT INTO public.syrios_oferta (id, school_id, ano_letivo, vigente, turma_id, disciplina_id, professor_id, status, created_at, updated_at) VALUES (162, 5, 2025, true, 4, 8, 23, 1, '2025-10-15 02:38:43', '2025-10-15 02:38:43');
INSERT INTO public.syrios_oferta (id, school_id, ano_letivo, vigente, turma_id, disciplina_id, professor_id, status, created_at, updated_at) VALUES (163, 5, 2025, true, 6, 8, 23, 1, '2025-10-15 02:38:43', '2025-10-15 02:38:43');
INSERT INTO public.syrios_oferta (id, school_id, ano_letivo, vigente, turma_id, disciplina_id, professor_id, status, created_at, updated_at) VALUES (164, 5, 2025, true, 7, 8, 23, 1, '2025-10-15 02:38:43', '2025-10-15 02:38:43');
INSERT INTO public.syrios_oferta (id, school_id, ano_letivo, vigente, turma_id, disciplina_id, professor_id, status, created_at, updated_at) VALUES (165, 5, 2025, true, 8, 8, 23, 1, '2025-10-15 02:38:43', '2025-10-15 02:38:43');
INSERT INTO public.syrios_oferta (id, school_id, ano_letivo, vigente, turma_id, disciplina_id, professor_id, status, created_at, updated_at) VALUES (166, 5, 2025, true, 9, 8, 23, 1, '2025-10-15 02:38:43', '2025-10-15 02:38:43');
INSERT INTO public.syrios_oferta (id, school_id, ano_letivo, vigente, turma_id, disciplina_id, professor_id, status, created_at, updated_at) VALUES (167, 5, 2025, true, 11, 8, 23, 1, '2025-10-15 02:38:43', '2025-10-15 02:38:43');
INSERT INTO public.syrios_oferta (id, school_id, ano_letivo, vigente, turma_id, disciplina_id, professor_id, status, created_at, updated_at) VALUES (168, 5, 2025, true, 12, 8, 23, 1, '2025-10-15 02:38:43', '2025-10-15 02:38:43');
INSERT INTO public.syrios_oferta (id, school_id, ano_letivo, vigente, turma_id, disciplina_id, professor_id, status, created_at, updated_at) VALUES (169, 5, 2025, true, 13, 8, 23, 1, '2025-10-15 02:38:43', '2025-10-15 02:38:43');
INSERT INTO public.syrios_oferta (id, school_id, ano_letivo, vigente, turma_id, disciplina_id, professor_id, status, created_at, updated_at) VALUES (170, 5, 2025, true, 14, 8, 23, 1, '2025-10-15 02:38:43', '2025-10-15 02:38:43');
INSERT INTO public.syrios_oferta (id, school_id, ano_letivo, vigente, turma_id, disciplina_id, professor_id, status, created_at, updated_at) VALUES (171, 5, 2025, true, 11, 45, 25, 1, '2025-10-15 02:38:43', '2025-10-15 02:38:43');
INSERT INTO public.syrios_oferta (id, school_id, ano_letivo, vigente, turma_id, disciplina_id, professor_id, status, created_at, updated_at) VALUES (172, 5, 2025, true, 12, 45, 25, 1, '2025-10-15 02:38:43', '2025-10-15 02:38:43');
INSERT INTO public.syrios_oferta (id, school_id, ano_letivo, vigente, turma_id, disciplina_id, professor_id, status, created_at, updated_at) VALUES (173, 5, 2025, true, 13, 45, 25, 1, '2025-10-15 02:38:43', '2025-10-15 02:38:43');
INSERT INTO public.syrios_oferta (id, school_id, ano_letivo, vigente, turma_id, disciplina_id, professor_id, status, created_at, updated_at) VALUES (174, 5, 2025, true, 14, 41, 25, 1, '2025-10-15 02:38:43', '2025-10-15 02:38:43');
INSERT INTO public.syrios_oferta (id, school_id, ano_letivo, vigente, turma_id, disciplina_id, professor_id, status, created_at, updated_at) VALUES (175, 5, 2025, true, 1, 19, 25, 1, '2025-10-15 02:38:43', '2025-10-15 02:38:43');
INSERT INTO public.syrios_oferta (id, school_id, ano_letivo, vigente, turma_id, disciplina_id, professor_id, status, created_at, updated_at) VALUES (176, 5, 2025, true, 2, 19, 25, 1, '2025-10-15 02:38:43', '2025-10-15 02:38:43');
INSERT INTO public.syrios_oferta (id, school_id, ano_letivo, vigente, turma_id, disciplina_id, professor_id, status, created_at, updated_at) VALUES (177, 5, 2025, true, 3, 19, 25, 1, '2025-10-15 02:38:43', '2025-10-15 02:38:43');
INSERT INTO public.syrios_oferta (id, school_id, ano_letivo, vigente, turma_id, disciplina_id, professor_id, status, created_at, updated_at) VALUES (178, 5, 2025, true, 4, 19, 25, 1, '2025-10-15 02:38:43', '2025-10-15 02:38:43');
INSERT INTO public.syrios_oferta (id, school_id, ano_letivo, vigente, turma_id, disciplina_id, professor_id, status, created_at, updated_at) VALUES (179, 5, 2025, true, 8, 16, 25, 1, '2025-10-15 02:38:43', '2025-10-15 02:38:43');
INSERT INTO public.syrios_oferta (id, school_id, ano_letivo, vigente, turma_id, disciplina_id, professor_id, status, created_at, updated_at) VALUES (180, 5, 2025, true, 6, 1, 25, 1, '2025-10-15 02:38:43', '2025-10-15 02:38:43');
INSERT INTO public.syrios_oferta (id, school_id, ano_letivo, vigente, turma_id, disciplina_id, professor_id, status, created_at, updated_at) VALUES (181, 5, 2025, true, 7, 1, 25, 1, '2025-10-15 02:38:43', '2025-10-15 02:38:43');
INSERT INTO public.syrios_oferta (id, school_id, ano_letivo, vigente, turma_id, disciplina_id, professor_id, status, created_at, updated_at) VALUES (182, 5, 2025, true, 1, 9, 26, 1, '2025-10-15 02:38:43', '2025-10-15 02:38:43');
INSERT INTO public.syrios_oferta (id, school_id, ano_letivo, vigente, turma_id, disciplina_id, professor_id, status, created_at, updated_at) VALUES (183, 5, 2025, true, 2, 9, 26, 1, '2025-10-15 02:38:43', '2025-10-15 02:38:43');
INSERT INTO public.syrios_oferta (id, school_id, ano_letivo, vigente, turma_id, disciplina_id, professor_id, status, created_at, updated_at) VALUES (184, 5, 2025, true, 3, 9, 26, 1, '2025-10-15 02:38:43', '2025-10-15 02:38:43');
INSERT INTO public.syrios_oferta (id, school_id, ano_letivo, vigente, turma_id, disciplina_id, professor_id, status, created_at, updated_at) VALUES (185, 5, 2025, true, 4, 9, 26, 1, '2025-10-15 02:38:43', '2025-10-15 02:38:43');
INSERT INTO public.syrios_oferta (id, school_id, ano_letivo, vigente, turma_id, disciplina_id, professor_id, status, created_at, updated_at) VALUES (186, 5, 2025, true, 6, 9, 26, 1, '2025-10-15 02:38:43', '2025-10-15 02:38:43');
INSERT INTO public.syrios_oferta (id, school_id, ano_letivo, vigente, turma_id, disciplina_id, professor_id, status, created_at, updated_at) VALUES (187, 5, 2025, true, 7, 9, 26, 1, '2025-10-15 02:38:43', '2025-10-15 02:38:43');
INSERT INTO public.syrios_oferta (id, school_id, ano_letivo, vigente, turma_id, disciplina_id, professor_id, status, created_at, updated_at) VALUES (188, 5, 2025, true, 8, 9, 26, 1, '2025-10-15 02:38:43', '2025-10-15 02:38:43');
INSERT INTO public.syrios_oferta (id, school_id, ano_letivo, vigente, turma_id, disciplina_id, professor_id, status, created_at, updated_at) VALUES (189, 5, 2025, true, 9, 9, 26, 1, '2025-10-15 02:38:43', '2025-10-15 02:38:43');
INSERT INTO public.syrios_oferta (id, school_id, ano_letivo, vigente, turma_id, disciplina_id, professor_id, status, created_at, updated_at) VALUES (190, 5, 2025, true, 11, 9, 26, 1, '2025-10-15 02:38:43', '2025-10-15 02:38:43');
INSERT INTO public.syrios_oferta (id, school_id, ano_letivo, vigente, turma_id, disciplina_id, professor_id, status, created_at, updated_at) VALUES (191, 5, 2025, true, 12, 9, 26, 1, '2025-10-15 02:38:43', '2025-10-15 02:38:43');
INSERT INTO public.syrios_oferta (id, school_id, ano_letivo, vigente, turma_id, disciplina_id, professor_id, status, created_at, updated_at) VALUES (192, 5, 2025, true, 13, 9, 26, 1, '2025-10-15 02:38:43', '2025-10-15 02:38:43');
INSERT INTO public.syrios_oferta (id, school_id, ano_letivo, vigente, turma_id, disciplina_id, professor_id, status, created_at, updated_at) VALUES (193, 5, 2025, true, 14, 9, 26, 1, '2025-10-15 02:38:43', '2025-10-15 02:38:43');
INSERT INTO public.syrios_oferta (id, school_id, ano_letivo, vigente, turma_id, disciplina_id, professor_id, status, created_at, updated_at) VALUES (194, 5, 2025, true, 2, 5, 26, 1, '2025-10-15 02:38:43', '2025-10-15 02:38:43');
INSERT INTO public.syrios_oferta (id, school_id, ano_letivo, vigente, turma_id, disciplina_id, professor_id, status, created_at, updated_at) VALUES (195, 5, 2025, true, 12, 5, 26, 1, '2025-10-15 02:38:43', '2025-10-15 02:38:43');
INSERT INTO public.syrios_oferta (id, school_id, ano_letivo, vigente, turma_id, disciplina_id, professor_id, status, created_at, updated_at) VALUES (196, 5, 2025, true, 11, 29, 27, 1, '2025-10-15 02:38:43', '2025-10-15 02:38:43');
INSERT INTO public.syrios_oferta (id, school_id, ano_letivo, vigente, turma_id, disciplina_id, professor_id, status, created_at, updated_at) VALUES (197, 5, 2025, true, 12, 29, 27, 1, '2025-10-15 02:38:43', '2025-10-15 02:38:43');
INSERT INTO public.syrios_oferta (id, school_id, ano_letivo, vigente, turma_id, disciplina_id, professor_id, status, created_at, updated_at) VALUES (198, 5, 2025, true, 13, 29, 27, 1, '2025-10-15 02:38:43', '2025-10-15 02:38:43');
INSERT INTO public.syrios_oferta (id, school_id, ano_letivo, vigente, turma_id, disciplina_id, professor_id, status, created_at, updated_at) VALUES (199, 5, 2025, true, 14, 29, 27, 1, '2025-10-15 02:38:43', '2025-10-15 02:38:43');
INSERT INTO public.syrios_oferta (id, school_id, ano_letivo, vigente, turma_id, disciplina_id, professor_id, status, created_at, updated_at) VALUES (200, 5, 2025, true, 4, 4, 27, 1, '2025-10-15 02:38:43', '2025-10-15 02:38:43');
INSERT INTO public.syrios_oferta (id, school_id, ano_letivo, vigente, turma_id, disciplina_id, professor_id, status, created_at, updated_at) VALUES (201, 5, 2025, true, 6, 4, 27, 1, '2025-10-15 02:38:43', '2025-10-15 02:38:43');
INSERT INTO public.syrios_oferta (id, school_id, ano_letivo, vigente, turma_id, disciplina_id, professor_id, status, created_at, updated_at) VALUES (202, 5, 2025, true, 7, 4, 27, 1, '2025-10-15 02:38:43', '2025-10-15 02:38:43');
INSERT INTO public.syrios_oferta (id, school_id, ano_letivo, vigente, turma_id, disciplina_id, professor_id, status, created_at, updated_at) VALUES (203, 5, 2025, true, 8, 4, 27, 1, '2025-10-15 02:38:43', '2025-10-15 02:38:43');
INSERT INTO public.syrios_oferta (id, school_id, ano_letivo, vigente, turma_id, disciplina_id, professor_id, status, created_at, updated_at) VALUES (204, 5, 2025, true, 9, 4, 27, 1, '2025-10-15 02:38:43', '2025-10-15 02:38:43');
INSERT INTO public.syrios_oferta (id, school_id, ano_letivo, vigente, turma_id, disciplina_id, professor_id, status, created_at, updated_at) VALUES (205, 5, 2025, true, 13, 4, 27, 1, '2025-10-15 02:38:43', '2025-10-15 02:38:43');
INSERT INTO public.syrios_oferta (id, school_id, ano_letivo, vigente, turma_id, disciplina_id, professor_id, status, created_at, updated_at) VALUES (206, 5, 2025, true, 11, 4, 28, 1, '2025-10-15 02:38:43', '2025-10-15 02:38:43');
INSERT INTO public.syrios_oferta (id, school_id, ano_letivo, vigente, turma_id, disciplina_id, professor_id, status, created_at, updated_at) VALUES (207, 5, 2025, true, 12, 4, 28, 1, '2025-10-15 02:38:43', '2025-10-15 02:38:43');
INSERT INTO public.syrios_oferta (id, school_id, ano_letivo, vigente, turma_id, disciplina_id, professor_id, status, created_at, updated_at) VALUES (208, 5, 2025, true, 14, 4, 28, 1, '2025-10-15 02:38:43', '2025-10-15 02:38:43');
INSERT INTO public.syrios_oferta (id, school_id, ano_letivo, vigente, turma_id, disciplina_id, professor_id, status, created_at, updated_at) VALUES (209, 5, 2025, true, 3, 5, 29, 1, '2025-10-15 02:38:43', '2025-10-15 02:38:43');
INSERT INTO public.syrios_oferta (id, school_id, ano_letivo, vigente, turma_id, disciplina_id, professor_id, status, created_at, updated_at) VALUES (210, 5, 2025, true, 1, 4, 29, 1, '2025-10-15 02:38:43', '2025-10-15 02:38:43');
INSERT INTO public.syrios_oferta (id, school_id, ano_letivo, vigente, turma_id, disciplina_id, professor_id, status, created_at, updated_at) VALUES (211, 5, 2025, true, 2, 4, 29, 1, '2025-10-15 02:38:43', '2025-10-15 02:38:43');
INSERT INTO public.syrios_oferta (id, school_id, ano_letivo, vigente, turma_id, disciplina_id, professor_id, status, created_at, updated_at) VALUES (212, 5, 2025, true, 3, 4, 29, 1, '2025-10-15 02:38:43', '2025-10-15 02:38:43');
INSERT INTO public.syrios_oferta (id, school_id, ano_letivo, vigente, turma_id, disciplina_id, professor_id, status, created_at, updated_at) VALUES (213, 5, 2025, true, 2, 24, 31, 1, '2025-10-15 02:38:43', '2025-10-15 02:38:43');
INSERT INTO public.syrios_oferta (id, school_id, ano_letivo, vigente, turma_id, disciplina_id, professor_id, status, created_at, updated_at) VALUES (214, 5, 2025, true, 3, 24, 31, 1, '2025-10-15 02:38:43', '2025-10-15 02:38:43');
INSERT INTO public.syrios_oferta (id, school_id, ano_letivo, vigente, turma_id, disciplina_id, professor_id, status, created_at, updated_at) VALUES (215, 5, 2025, true, 4, 24, 31, 1, '2025-10-15 02:38:43', '2025-10-15 02:38:43');
INSERT INTO public.syrios_oferta (id, school_id, ano_letivo, vigente, turma_id, disciplina_id, professor_id, status, created_at, updated_at) VALUES (216, 5, 2025, true, 6, 19, 31, 1, '2025-10-15 02:38:43', '2025-10-15 02:38:43');
INSERT INTO public.syrios_oferta (id, school_id, ano_letivo, vigente, turma_id, disciplina_id, professor_id, status, created_at, updated_at) VALUES (217, 5, 2025, true, 7, 19, 31, 1, '2025-10-15 02:38:43', '2025-10-15 02:38:43');
INSERT INTO public.syrios_oferta (id, school_id, ano_letivo, vigente, turma_id, disciplina_id, professor_id, status, created_at, updated_at) VALUES (218, 5, 2025, true, 8, 19, 31, 1, '2025-10-15 02:38:43', '2025-10-15 02:38:43');
INSERT INTO public.syrios_oferta (id, school_id, ano_letivo, vigente, turma_id, disciplina_id, professor_id, status, created_at, updated_at) VALUES (219, 5, 2025, true, 9, 19, 31, 1, '2025-10-15 02:38:43', '2025-10-15 02:38:43');
INSERT INTO public.syrios_oferta (id, school_id, ano_letivo, vigente, turma_id, disciplina_id, professor_id, status, created_at, updated_at) VALUES (220, 5, 2025, true, 1, 11, 31, 1, '2025-10-15 02:38:43', '2025-10-15 02:38:43');
INSERT INTO public.syrios_oferta (id, school_id, ano_letivo, vigente, turma_id, disciplina_id, professor_id, status, created_at, updated_at) VALUES (221, 5, 2025, true, 2, 11, 31, 1, '2025-10-15 02:38:43', '2025-10-15 02:38:43');
INSERT INTO public.syrios_oferta (id, school_id, ano_letivo, vigente, turma_id, disciplina_id, professor_id, status, created_at, updated_at) VALUES (222, 5, 2025, true, 3, 11, 31, 1, '2025-10-15 02:38:43', '2025-10-15 02:38:43');
INSERT INTO public.syrios_oferta (id, school_id, ano_letivo, vigente, turma_id, disciplina_id, professor_id, status, created_at, updated_at) VALUES (223, 5, 2025, true, 4, 11, 31, 1, '2025-10-15 02:38:43', '2025-10-15 02:38:43');
INSERT INTO public.syrios_oferta (id, school_id, ano_letivo, vigente, turma_id, disciplina_id, professor_id, status, created_at, updated_at) VALUES (224, 5, 2025, true, 6, 11, 31, 1, '2025-10-15 02:38:43', '2025-10-15 02:38:43');
INSERT INTO public.syrios_oferta (id, school_id, ano_letivo, vigente, turma_id, disciplina_id, professor_id, status, created_at, updated_at) VALUES (225, 5, 2025, true, 7, 11, 31, 1, '2025-10-15 02:38:43', '2025-10-15 02:38:43');
INSERT INTO public.syrios_oferta (id, school_id, ano_letivo, vigente, turma_id, disciplina_id, professor_id, status, created_at, updated_at) VALUES (226, 5, 2025, true, 8, 11, 31, 1, '2025-10-15 02:38:43', '2025-10-15 02:38:43');
INSERT INTO public.syrios_oferta (id, school_id, ano_letivo, vigente, turma_id, disciplina_id, professor_id, status, created_at, updated_at) VALUES (227, 5, 2025, true, 9, 11, 31, 1, '2025-10-15 02:38:43', '2025-10-15 02:38:43');
INSERT INTO public.syrios_oferta (id, school_id, ano_letivo, vigente, turma_id, disciplina_id, professor_id, status, created_at, updated_at) VALUES (228, 5, 2025, true, 11, 11, 31, 1, '2025-10-15 02:38:43', '2025-10-15 02:38:43');
INSERT INTO public.syrios_oferta (id, school_id, ano_letivo, vigente, turma_id, disciplina_id, professor_id, status, created_at, updated_at) VALUES (229, 5, 2025, true, 12, 11, 31, 1, '2025-10-15 02:38:43', '2025-10-15 02:38:43');
INSERT INTO public.syrios_oferta (id, school_id, ano_letivo, vigente, turma_id, disciplina_id, professor_id, status, created_at, updated_at) VALUES (230, 5, 2025, true, 13, 11, 31, 1, '2025-10-15 02:38:43', '2025-10-15 02:38:43');
INSERT INTO public.syrios_oferta (id, school_id, ano_letivo, vigente, turma_id, disciplina_id, professor_id, status, created_at, updated_at) VALUES (231, 5, 2025, true, 14, 11, 31, 1, '2025-10-15 02:38:43', '2025-10-15 02:38:43');
INSERT INTO public.syrios_oferta (id, school_id, ano_letivo, vigente, turma_id, disciplina_id, professor_id, status, created_at, updated_at) VALUES (232, 5, 2025, true, 1, 14, 32, 1, '2025-10-15 02:38:43', '2025-10-15 02:38:43');
INSERT INTO public.syrios_oferta (id, school_id, ano_letivo, vigente, turma_id, disciplina_id, professor_id, status, created_at, updated_at) VALUES (233, 5, 2025, true, 2, 14, 32, 1, '2025-10-15 02:38:43', '2025-10-15 02:38:43');
INSERT INTO public.syrios_oferta (id, school_id, ano_letivo, vigente, turma_id, disciplina_id, professor_id, status, created_at, updated_at) VALUES (234, 5, 2025, true, 3, 23, 33, 1, '2025-10-15 02:38:43', '2025-10-15 02:38:43');
INSERT INTO public.syrios_oferta (id, school_id, ano_letivo, vigente, turma_id, disciplina_id, professor_id, status, created_at, updated_at) VALUES (235, 5, 2025, true, 1, 18, 33, 1, '2025-10-15 02:38:43', '2025-10-15 02:38:43');
INSERT INTO public.syrios_oferta (id, school_id, ano_letivo, vigente, turma_id, disciplina_id, professor_id, status, created_at, updated_at) VALUES (236, 5, 2025, true, 2, 18, 33, 1, '2025-10-15 02:38:43', '2025-10-15 02:38:43');
INSERT INTO public.syrios_oferta (id, school_id, ano_letivo, vigente, turma_id, disciplina_id, professor_id, status, created_at, updated_at) VALUES (237, 5, 2025, true, 3, 18, 33, 1, '2025-10-15 02:38:43', '2025-10-15 02:38:43');
INSERT INTO public.syrios_oferta (id, school_id, ano_letivo, vigente, turma_id, disciplina_id, professor_id, status, created_at, updated_at) VALUES (238, 5, 2025, true, 4, 18, 33, 1, '2025-10-15 02:38:43', '2025-10-15 02:38:43');
INSERT INTO public.syrios_oferta (id, school_id, ano_letivo, vigente, turma_id, disciplina_id, professor_id, status, created_at, updated_at) VALUES (239, 5, 2025, true, 8, 18, 33, 1, '2025-10-15 02:38:43', '2025-10-15 02:38:43');
INSERT INTO public.syrios_oferta (id, school_id, ano_letivo, vigente, turma_id, disciplina_id, professor_id, status, created_at, updated_at) VALUES (240, 5, 2025, true, 9, 18, 33, 1, '2025-10-15 02:38:43', '2025-10-15 02:38:43');
INSERT INTO public.syrios_oferta (id, school_id, ano_letivo, vigente, turma_id, disciplina_id, professor_id, status, created_at, updated_at) VALUES (241, 5, 2025, true, 4, 22, 34, 1, '2025-10-15 02:38:43', '2025-10-15 02:38:43');
INSERT INTO public.syrios_oferta (id, school_id, ano_letivo, vigente, turma_id, disciplina_id, professor_id, status, created_at, updated_at) VALUES (242, 5, 2025, true, 11, 22, 34, 1, '2025-10-15 02:38:43', '2025-10-15 02:38:43');
INSERT INTO public.syrios_oferta (id, school_id, ano_letivo, vigente, turma_id, disciplina_id, professor_id, status, created_at, updated_at) VALUES (243, 5, 2025, true, 14, 22, 34, 1, '2025-10-15 02:38:43', '2025-10-15 02:38:43');
INSERT INTO public.syrios_oferta (id, school_id, ano_letivo, vigente, turma_id, disciplina_id, professor_id, status, created_at, updated_at) VALUES (244, 5, 2025, true, 1, 19, 34, 1, '2025-10-15 02:38:43', '2025-10-15 02:38:43');
INSERT INTO public.syrios_oferta (id, school_id, ano_letivo, vigente, turma_id, disciplina_id, professor_id, status, created_at, updated_at) VALUES (245, 5, 2025, true, 2, 19, 34, 1, '2025-10-15 02:38:43', '2025-10-15 02:38:43');
INSERT INTO public.syrios_oferta (id, school_id, ano_letivo, vigente, turma_id, disciplina_id, professor_id, status, created_at, updated_at) VALUES (246, 5, 2025, true, 11, 19, 34, 1, '2025-10-15 02:38:43', '2025-10-15 02:38:43');
INSERT INTO public.syrios_oferta (id, school_id, ano_letivo, vigente, turma_id, disciplina_id, professor_id, status, created_at, updated_at) VALUES (247, 5, 2025, true, 12, 19, 34, 1, '2025-10-15 02:38:43', '2025-10-15 02:38:43');
INSERT INTO public.syrios_oferta (id, school_id, ano_letivo, vigente, turma_id, disciplina_id, professor_id, status, created_at, updated_at) VALUES (248, 5, 2025, true, 4, 5, 34, 1, '2025-10-15 02:38:43', '2025-10-15 02:38:43');
INSERT INTO public.syrios_oferta (id, school_id, ano_letivo, vigente, turma_id, disciplina_id, professor_id, status, created_at, updated_at) VALUES (249, 5, 2025, true, 1, 22, 35, 1, '2025-10-15 02:38:43', '2025-10-15 02:38:43');
INSERT INTO public.syrios_oferta (id, school_id, ano_letivo, vigente, turma_id, disciplina_id, professor_id, status, created_at, updated_at) VALUES (250, 5, 2025, true, 2, 22, 35, 1, '2025-10-15 02:38:43', '2025-10-15 02:38:43');
INSERT INTO public.syrios_oferta (id, school_id, ano_letivo, vigente, turma_id, disciplina_id, professor_id, status, created_at, updated_at) VALUES (251, 5, 2025, true, 3, 22, 35, 1, '2025-10-15 02:38:43', '2025-10-15 02:38:43');
INSERT INTO public.syrios_oferta (id, school_id, ano_letivo, vigente, turma_id, disciplina_id, professor_id, status, created_at, updated_at) VALUES (252, 5, 2025, true, 6, 22, 35, 1, '2025-10-15 02:38:43', '2025-10-15 02:38:43');
INSERT INTO public.syrios_oferta (id, school_id, ano_letivo, vigente, turma_id, disciplina_id, professor_id, status, created_at, updated_at) VALUES (253, 5, 2025, true, 7, 22, 35, 1, '2025-10-15 02:38:43', '2025-10-15 02:38:43');
INSERT INTO public.syrios_oferta (id, school_id, ano_letivo, vigente, turma_id, disciplina_id, professor_id, status, created_at, updated_at) VALUES (254, 5, 2025, true, 8, 22, 35, 1, '2025-10-15 02:38:43', '2025-10-15 02:38:43');
INSERT INTO public.syrios_oferta (id, school_id, ano_letivo, vigente, turma_id, disciplina_id, professor_id, status, created_at, updated_at) VALUES (255, 5, 2025, true, 9, 22, 35, 1, '2025-10-15 02:38:43', '2025-10-15 02:38:43');
INSERT INTO public.syrios_oferta (id, school_id, ano_letivo, vigente, turma_id, disciplina_id, professor_id, status, created_at, updated_at) VALUES (256, 5, 2025, true, 12, 22, 35, 1, '2025-10-15 02:38:43', '2025-10-15 02:38:43');
INSERT INTO public.syrios_oferta (id, school_id, ano_letivo, vigente, turma_id, disciplina_id, professor_id, status, created_at, updated_at) VALUES (257, 5, 2025, true, 13, 22, 35, 1, '2025-10-15 02:38:43', '2025-10-15 02:38:43');
INSERT INTO public.syrios_oferta (id, school_id, ano_letivo, vigente, turma_id, disciplina_id, professor_id, status, created_at, updated_at) VALUES (258, 5, 2025, true, 14, 24, 37, 1, '2025-10-15 02:38:43', '2025-10-15 02:38:43');
INSERT INTO public.syrios_oferta (id, school_id, ano_letivo, vigente, turma_id, disciplina_id, professor_id, status, created_at, updated_at) VALUES (259, 5, 2025, true, 15, 17, 38, 1, '2025-10-15 02:38:43', '2025-10-15 02:38:43');
INSERT INTO public.syrios_oferta (id, school_id, ano_letivo, vigente, turma_id, disciplina_id, professor_id, status, created_at, updated_at) VALUES (260, 5, 2025, true, 4, 16, 38, 1, '2025-10-15 02:38:43', '2025-10-15 02:38:43');
INSERT INTO public.syrios_oferta (id, school_id, ano_letivo, vigente, turma_id, disciplina_id, professor_id, status, created_at, updated_at) VALUES (261, 5, 2025, true, 10, 16, 38, 1, '2025-10-15 02:38:43', '2025-10-15 02:38:43');
INSERT INTO public.syrios_oferta (id, school_id, ano_letivo, vigente, turma_id, disciplina_id, professor_id, status, created_at, updated_at) VALUES (262, 5, 2025, true, 11, 16, 38, 1, '2025-10-15 02:38:43', '2025-10-15 02:38:43');
INSERT INTO public.syrios_oferta (id, school_id, ano_letivo, vigente, turma_id, disciplina_id, professor_id, status, created_at, updated_at) VALUES (263, 5, 2025, true, 12, 16, 38, 1, '2025-10-15 02:38:43', '2025-10-15 02:38:43');
INSERT INTO public.syrios_oferta (id, school_id, ano_letivo, vigente, turma_id, disciplina_id, professor_id, status, created_at, updated_at) VALUES (264, 5, 2025, true, 15, 16, 38, 1, '2025-10-15 02:38:43', '2025-10-15 02:38:43');
INSERT INTO public.syrios_oferta (id, school_id, ano_letivo, vigente, turma_id, disciplina_id, professor_id, status, created_at, updated_at) VALUES (265, 5, 2025, true, 6, 24, 41, 1, '2025-10-15 02:38:43', '2025-10-15 02:38:43');
INSERT INTO public.syrios_oferta (id, school_id, ano_letivo, vigente, turma_id, disciplina_id, professor_id, status, created_at, updated_at) VALUES (266, 5, 2025, true, 7, 24, 41, 1, '2025-10-15 02:38:43', '2025-10-15 02:38:43');
INSERT INTO public.syrios_oferta (id, school_id, ano_letivo, vigente, turma_id, disciplina_id, professor_id, status, created_at, updated_at) VALUES (267, 5, 2025, true, 8, 24, 41, 1, '2025-10-15 02:38:43', '2025-10-15 02:38:43');
INSERT INTO public.syrios_oferta (id, school_id, ano_letivo, vigente, turma_id, disciplina_id, professor_id, status, created_at, updated_at) VALUES (268, 5, 2025, true, 9, 24, 41, 1, '2025-10-15 02:38:43', '2025-10-15 02:38:43');
INSERT INTO public.syrios_oferta (id, school_id, ano_letivo, vigente, turma_id, disciplina_id, professor_id, status, created_at, updated_at) VALUES (269, 5, 2025, true, 11, 24, 41, 1, '2025-10-15 02:38:43', '2025-10-15 02:38:43');
INSERT INTO public.syrios_oferta (id, school_id, ano_letivo, vigente, turma_id, disciplina_id, professor_id, status, created_at, updated_at) VALUES (270, 5, 2025, true, 12, 24, 41, 1, '2025-10-15 02:38:43', '2025-10-15 02:38:43');
INSERT INTO public.syrios_oferta (id, school_id, ano_letivo, vigente, turma_id, disciplina_id, professor_id, status, created_at, updated_at) VALUES (271, 5, 2025, true, 13, 24, 41, 1, '2025-10-15 02:38:43', '2025-10-15 02:38:43');
INSERT INTO public.syrios_oferta (id, school_id, ano_letivo, vigente, turma_id, disciplina_id, professor_id, status, created_at, updated_at) VALUES (272, 5, 2025, true, 6, 13, 41, 1, '2025-10-15 02:38:43', '2025-10-15 02:38:43');
INSERT INTO public.syrios_oferta (id, school_id, ano_letivo, vigente, turma_id, disciplina_id, professor_id, status, created_at, updated_at) VALUES (273, 5, 2025, true, 7, 13, 41, 1, '2025-10-15 02:38:43', '2025-10-15 02:38:43');
INSERT INTO public.syrios_oferta (id, school_id, ano_letivo, vigente, turma_id, disciplina_id, professor_id, status, created_at, updated_at) VALUES (274, 5, 2025, true, 8, 13, 41, 1, '2025-10-15 02:38:43', '2025-10-15 02:38:43');
INSERT INTO public.syrios_oferta (id, school_id, ano_letivo, vigente, turma_id, disciplina_id, professor_id, status, created_at, updated_at) VALUES (275, 5, 2025, true, 9, 13, 41, 1, '2025-10-15 02:38:43', '2025-10-15 02:38:43');
INSERT INTO public.syrios_oferta (id, school_id, ano_letivo, vigente, turma_id, disciplina_id, professor_id, status, created_at, updated_at) VALUES (276, 5, 2025, true, 11, 13, 41, 1, '2025-10-15 02:38:43', '2025-10-15 02:38:43');
INSERT INTO public.syrios_oferta (id, school_id, ano_letivo, vigente, turma_id, disciplina_id, professor_id, status, created_at, updated_at) VALUES (277, 5, 2025, true, 12, 13, 41, 1, '2025-10-15 02:38:43', '2025-10-15 02:38:43');
INSERT INTO public.syrios_oferta (id, school_id, ano_letivo, vigente, turma_id, disciplina_id, professor_id, status, created_at, updated_at) VALUES (278, 5, 2025, true, 13, 13, 41, 1, '2025-10-15 02:38:43', '2025-10-15 02:38:43');
INSERT INTO public.syrios_oferta (id, school_id, ano_letivo, vigente, turma_id, disciplina_id, professor_id, status, created_at, updated_at) VALUES (279, 5, 2025, true, 14, 13, 41, 1, '2025-10-15 02:38:43', '2025-10-15 02:38:43');
INSERT INTO public.syrios_oferta (id, school_id, ano_letivo, vigente, turma_id, disciplina_id, professor_id, status, created_at, updated_at) VALUES (280, 5, 2025, true, 10, 12, 41, 1, '2025-10-15 02:38:43', '2025-10-15 02:38:43');
INSERT INTO public.syrios_oferta (id, school_id, ano_letivo, vigente, turma_id, disciplina_id, professor_id, status, created_at, updated_at) VALUES (281, 5, 2025, true, 15, 12, 41, 1, '2025-10-15 02:38:43', '2025-10-15 02:38:43');
INSERT INTO public.syrios_oferta (id, school_id, ano_letivo, vigente, turma_id, disciplina_id, professor_id, status, created_at, updated_at) VALUES (282, 5, 2025, true, 13, 30, 43, 1, '2025-10-15 02:38:43', '2025-10-15 02:38:43');
INSERT INTO public.syrios_oferta (id, school_id, ano_letivo, vigente, turma_id, disciplina_id, professor_id, status, created_at, updated_at) VALUES (283, 5, 2025, true, 14, 30, 43, 1, '2025-10-15 02:38:43', '2025-10-15 02:38:43');
INSERT INTO public.syrios_oferta (id, school_id, ano_letivo, vigente, turma_id, disciplina_id, professor_id, status, created_at, updated_at) VALUES (284, 5, 2025, true, 1, 23, 43, 1, '2025-10-15 02:38:43', '2025-10-15 02:38:43');
INSERT INTO public.syrios_oferta (id, school_id, ano_letivo, vigente, turma_id, disciplina_id, professor_id, status, created_at, updated_at) VALUES (285, 5, 2025, true, 9, 23, 43, 1, '2025-10-15 02:38:43', '2025-10-15 02:38:43');
INSERT INTO public.syrios_oferta (id, school_id, ano_letivo, vigente, turma_id, disciplina_id, professor_id, status, created_at, updated_at) VALUES (286, 5, 2025, true, 1, 20, 43, 1, '2025-10-15 02:38:43', '2025-10-15 02:38:43');
INSERT INTO public.syrios_oferta (id, school_id, ano_letivo, vigente, turma_id, disciplina_id, professor_id, status, created_at, updated_at) VALUES (287, 5, 2025, true, 6, 20, 43, 1, '2025-10-15 02:38:43', '2025-10-15 02:38:43');
INSERT INTO public.syrios_oferta (id, school_id, ano_letivo, vigente, turma_id, disciplina_id, professor_id, status, created_at, updated_at) VALUES (288, 5, 2025, true, 1, 44, 44, 1, '2025-10-15 02:38:43', '2025-10-15 02:38:43');
INSERT INTO public.syrios_oferta (id, school_id, ano_letivo, vigente, turma_id, disciplina_id, professor_id, status, created_at, updated_at) VALUES (289, 5, 2025, true, 2, 44, 44, 1, '2025-10-15 02:38:43', '2025-10-15 02:38:43');
INSERT INTO public.syrios_oferta (id, school_id, ano_letivo, vigente, turma_id, disciplina_id, professor_id, status, created_at, updated_at) VALUES (290, 5, 2025, true, 3, 44, 44, 1, '2025-10-15 02:38:43', '2025-10-15 02:38:43');
INSERT INTO public.syrios_oferta (id, school_id, ano_letivo, vigente, turma_id, disciplina_id, professor_id, status, created_at, updated_at) VALUES (291, 5, 2025, true, 4, 44, 44, 1, '2025-10-15 02:38:43', '2025-10-15 02:38:43');
INSERT INTO public.syrios_oferta (id, school_id, ano_letivo, vigente, turma_id, disciplina_id, professor_id, status, created_at, updated_at) VALUES (292, 5, 2025, true, 6, 44, 44, 1, '2025-10-15 02:38:43', '2025-10-15 02:38:43');
INSERT INTO public.syrios_oferta (id, school_id, ano_letivo, vigente, turma_id, disciplina_id, professor_id, status, created_at, updated_at) VALUES (293, 5, 2025, true, 7, 44, 44, 1, '2025-10-15 02:38:43', '2025-10-15 02:38:43');
INSERT INTO public.syrios_oferta (id, school_id, ano_letivo, vigente, turma_id, disciplina_id, professor_id, status, created_at, updated_at) VALUES (294, 5, 2025, true, 8, 44, 44, 1, '2025-10-15 02:38:43', '2025-10-15 02:38:43');
INSERT INTO public.syrios_oferta (id, school_id, ano_letivo, vigente, turma_id, disciplina_id, professor_id, status, created_at, updated_at) VALUES (295, 5, 2025, true, 9, 44, 44, 1, '2025-10-15 02:38:43', '2025-10-15 02:38:43');
INSERT INTO public.syrios_oferta (id, school_id, ano_letivo, vigente, turma_id, disciplina_id, professor_id, status, created_at, updated_at) VALUES (296, 5, 2025, true, 10, 44, 44, 1, '2025-10-15 02:38:43', '2025-10-15 02:38:43');
INSERT INTO public.syrios_oferta (id, school_id, ano_letivo, vigente, turma_id, disciplina_id, professor_id, status, created_at, updated_at) VALUES (297, 5, 2025, true, 11, 44, 44, 1, '2025-10-15 02:38:43', '2025-10-15 02:38:43');
INSERT INTO public.syrios_oferta (id, school_id, ano_letivo, vigente, turma_id, disciplina_id, professor_id, status, created_at, updated_at) VALUES (298, 5, 2025, true, 12, 44, 44, 1, '2025-10-15 02:38:43', '2025-10-15 02:38:43');
INSERT INTO public.syrios_oferta (id, school_id, ano_letivo, vigente, turma_id, disciplina_id, professor_id, status, created_at, updated_at) VALUES (299, 5, 2025, true, 13, 44, 44, 1, '2025-10-15 02:38:43', '2025-10-15 02:38:43');
INSERT INTO public.syrios_oferta (id, school_id, ano_letivo, vigente, turma_id, disciplina_id, professor_id, status, created_at, updated_at) VALUES (300, 5, 2025, true, 14, 44, 44, 1, '2025-10-15 02:38:43', '2025-10-15 02:38:43');
INSERT INTO public.syrios_oferta (id, school_id, ano_letivo, vigente, turma_id, disciplina_id, professor_id, status, created_at, updated_at) VALUES (301, 5, 2025, true, 15, 44, 44, 1, '2025-10-15 02:38:43', '2025-10-15 02:38:43');
INSERT INTO public.syrios_oferta (id, school_id, ano_letivo, vigente, turma_id, disciplina_id, professor_id, status, created_at, updated_at) VALUES (302, 5, 2025, true, 1, 27, 44, 1, '2025-10-15 02:38:43', '2025-10-15 02:38:43');
INSERT INTO public.syrios_oferta (id, school_id, ano_letivo, vigente, turma_id, disciplina_id, professor_id, status, created_at, updated_at) VALUES (303, 5, 2025, true, 2, 27, 44, 1, '2025-10-15 02:38:43', '2025-10-15 02:38:43');
INSERT INTO public.syrios_oferta (id, school_id, ano_letivo, vigente, turma_id, disciplina_id, professor_id, status, created_at, updated_at) VALUES (304, 5, 2025, true, 3, 27, 44, 1, '2025-10-15 02:38:43', '2025-10-15 02:38:43');
INSERT INTO public.syrios_oferta (id, school_id, ano_letivo, vigente, turma_id, disciplina_id, professor_id, status, created_at, updated_at) VALUES (305, 5, 2025, true, 4, 27, 44, 1, '2025-10-15 02:38:43', '2025-10-15 02:38:43');
INSERT INTO public.syrios_oferta (id, school_id, ano_letivo, vigente, turma_id, disciplina_id, professor_id, status, created_at, updated_at) VALUES (306, 5, 2025, true, 6, 27, 44, 1, '2025-10-15 02:38:43', '2025-10-15 02:38:43');
INSERT INTO public.syrios_oferta (id, school_id, ano_letivo, vigente, turma_id, disciplina_id, professor_id, status, created_at, updated_at) VALUES (307, 5, 2025, true, 7, 27, 44, 1, '2025-10-15 02:38:43', '2025-10-15 02:38:43');
INSERT INTO public.syrios_oferta (id, school_id, ano_letivo, vigente, turma_id, disciplina_id, professor_id, status, created_at, updated_at) VALUES (308, 5, 2025, true, 8, 27, 44, 1, '2025-10-15 02:38:43', '2025-10-15 02:38:43');
INSERT INTO public.syrios_oferta (id, school_id, ano_letivo, vigente, turma_id, disciplina_id, professor_id, status, created_at, updated_at) VALUES (309, 5, 2025, true, 9, 27, 44, 1, '2025-10-15 02:38:43', '2025-10-15 02:38:43');
INSERT INTO public.syrios_oferta (id, school_id, ano_letivo, vigente, turma_id, disciplina_id, professor_id, status, created_at, updated_at) VALUES (310, 5, 2025, true, 10, 27, 44, 1, '2025-10-15 02:38:43', '2025-10-15 02:38:43');
INSERT INTO public.syrios_oferta (id, school_id, ano_letivo, vigente, turma_id, disciplina_id, professor_id, status, created_at, updated_at) VALUES (311, 5, 2025, true, 11, 27, 44, 1, '2025-10-15 02:38:43', '2025-10-15 02:38:43');
INSERT INTO public.syrios_oferta (id, school_id, ano_letivo, vigente, turma_id, disciplina_id, professor_id, status, created_at, updated_at) VALUES (312, 5, 2025, true, 12, 27, 44, 1, '2025-10-15 02:38:43', '2025-10-15 02:38:43');
INSERT INTO public.syrios_oferta (id, school_id, ano_letivo, vigente, turma_id, disciplina_id, professor_id, status, created_at, updated_at) VALUES (313, 5, 2025, true, 13, 27, 44, 1, '2025-10-15 02:38:43', '2025-10-15 02:38:43');
INSERT INTO public.syrios_oferta (id, school_id, ano_letivo, vigente, turma_id, disciplina_id, professor_id, status, created_at, updated_at) VALUES (314, 5, 2025, true, 14, 27, 44, 1, '2025-10-15 02:38:43', '2025-10-15 02:38:43');
INSERT INTO public.syrios_oferta (id, school_id, ano_letivo, vigente, turma_id, disciplina_id, professor_id, status, created_at, updated_at) VALUES (315, 5, 2025, true, 15, 27, 44, 1, '2025-10-15 02:38:43', '2025-10-15 02:38:43');
INSERT INTO public.syrios_oferta (id, school_id, ano_letivo, vigente, turma_id, disciplina_id, professor_id, status, created_at, updated_at) VALUES (316, 5, 2025, true, 11, 30, 45, 1, '2025-10-15 02:38:43', '2025-10-15 02:38:43');
INSERT INTO public.syrios_oferta (id, school_id, ano_letivo, vigente, turma_id, disciplina_id, professor_id, status, created_at, updated_at) VALUES (317, 5, 2025, true, 12, 30, 45, 1, '2025-10-15 02:38:43', '2025-10-15 02:38:43');
INSERT INTO public.syrios_oferta (id, school_id, ano_letivo, vigente, turma_id, disciplina_id, professor_id, status, created_at, updated_at) VALUES (318, 5, 2025, true, 4, 23, 45, 1, '2025-10-15 02:38:43', '2025-10-15 02:38:43');
INSERT INTO public.syrios_oferta (id, school_id, ano_letivo, vigente, turma_id, disciplina_id, professor_id, status, created_at, updated_at) VALUES (319, 5, 2025, true, 6, 23, 45, 1, '2025-10-15 02:38:43', '2025-10-15 02:38:43');
INSERT INTO public.syrios_oferta (id, school_id, ano_letivo, vigente, turma_id, disciplina_id, professor_id, status, created_at, updated_at) VALUES (320, 5, 2025, true, 7, 23, 45, 1, '2025-10-15 02:38:43', '2025-10-15 02:38:43');
INSERT INTO public.syrios_oferta (id, school_id, ano_letivo, vigente, turma_id, disciplina_id, professor_id, status, created_at, updated_at) VALUES (321, 5, 2025, true, 13, 23, 45, 1, '2025-10-15 02:38:43', '2025-10-15 02:38:43');
INSERT INTO public.syrios_oferta (id, school_id, ano_letivo, vigente, turma_id, disciplina_id, professor_id, status, created_at, updated_at) VALUES (322, 5, 2025, true, 11, 18, 45, 1, '2025-10-15 02:38:43', '2025-10-15 02:38:43');
INSERT INTO public.syrios_oferta (id, school_id, ano_letivo, vigente, turma_id, disciplina_id, professor_id, status, created_at, updated_at) VALUES (323, 5, 2025, true, 11, 5, 45, 1, '2025-10-15 02:38:43', '2025-10-15 02:38:43');
INSERT INTO public.syrios_oferta (id, school_id, ano_letivo, vigente, turma_id, disciplina_id, professor_id, status, created_at, updated_at) VALUES (324, 5, 2025, true, 6, 40, 47, 1, '2025-10-15 02:38:43', '2025-10-15 02:38:43');
INSERT INTO public.syrios_oferta (id, school_id, ano_letivo, vigente, turma_id, disciplina_id, professor_id, status, created_at, updated_at) VALUES (325, 5, 2025, true, 10, 38, 47, 1, '2025-10-15 02:38:43', '2025-10-15 02:38:43');
INSERT INTO public.syrios_oferta (id, school_id, ano_letivo, vigente, turma_id, disciplina_id, professor_id, status, created_at, updated_at) VALUES (326, 5, 2025, true, 10, 37, 47, 1, '2025-10-15 02:38:43', '2025-10-15 02:38:43');
INSERT INTO public.syrios_oferta (id, school_id, ano_letivo, vigente, turma_id, disciplina_id, professor_id, status, created_at, updated_at) VALUES (327, 5, 2025, true, 3, 6, 47, 1, '2025-10-15 02:38:43', '2025-10-15 02:38:43');
INSERT INTO public.syrios_oferta (id, school_id, ano_letivo, vigente, turma_id, disciplina_id, professor_id, status, created_at, updated_at) VALUES (328, 5, 2025, true, 1, 3, 47, 1, '2025-10-15 02:38:43', '2025-10-15 02:38:43');
INSERT INTO public.syrios_oferta (id, school_id, ano_letivo, vigente, turma_id, disciplina_id, professor_id, status, created_at, updated_at) VALUES (329, 5, 2025, true, 2, 3, 47, 1, '2025-10-15 02:38:43', '2025-10-15 02:38:43');
INSERT INTO public.syrios_oferta (id, school_id, ano_letivo, vigente, turma_id, disciplina_id, professor_id, status, created_at, updated_at) VALUES (330, 5, 2025, true, 3, 3, 47, 1, '2025-10-15 02:38:43', '2025-10-15 02:38:43');
INSERT INTO public.syrios_oferta (id, school_id, ano_letivo, vigente, turma_id, disciplina_id, professor_id, status, created_at, updated_at) VALUES (331, 5, 2025, true, 4, 3, 47, 1, '2025-10-15 02:38:43', '2025-10-15 02:38:43');
INSERT INTO public.syrios_oferta (id, school_id, ano_letivo, vigente, turma_id, disciplina_id, professor_id, status, created_at, updated_at) VALUES (332, 5, 2025, true, 6, 3, 47, 1, '2025-10-15 02:38:43', '2025-10-15 02:38:43');
INSERT INTO public.syrios_oferta (id, school_id, ano_letivo, vigente, turma_id, disciplina_id, professor_id, status, created_at, updated_at) VALUES (333, 5, 2025, true, 9, 3, 47, 1, '2025-10-15 02:38:43', '2025-10-15 02:38:43');
INSERT INTO public.syrios_oferta (id, school_id, ano_letivo, vigente, turma_id, disciplina_id, professor_id, status, created_at, updated_at) VALUES (334, 5, 2025, true, 12, 3, 47, 1, '2025-10-15 02:38:43', '2025-10-15 02:38:43');
INSERT INTO public.syrios_oferta (id, school_id, ano_letivo, vigente, turma_id, disciplina_id, professor_id, status, created_at, updated_at) VALUES (335, 5, 2025, true, 11, 31, 48, 1, '2025-10-15 02:38:43', '2025-10-15 02:38:43');
INSERT INTO public.syrios_oferta (id, school_id, ano_letivo, vigente, turma_id, disciplina_id, professor_id, status, created_at, updated_at) VALUES (336, 5, 2025, true, 12, 31, 48, 1, '2025-10-15 02:38:43', '2025-10-15 02:38:43');
INSERT INTO public.syrios_oferta (id, school_id, ano_letivo, vigente, turma_id, disciplina_id, professor_id, status, created_at, updated_at) VALUES (337, 5, 2025, true, 6, 16, 48, 1, '2025-10-15 02:38:43', '2025-10-15 02:38:43');
INSERT INTO public.syrios_oferta (id, school_id, ano_letivo, vigente, turma_id, disciplina_id, professor_id, status, created_at, updated_at) VALUES (338, 5, 2025, true, 7, 16, 48, 1, '2025-10-15 02:38:43', '2025-10-15 02:38:43');
INSERT INTO public.syrios_oferta (id, school_id, ano_letivo, vigente, turma_id, disciplina_id, professor_id, status, created_at, updated_at) VALUES (339, 5, 2025, true, 9, 16, 48, 1, '2025-10-15 02:38:43', '2025-10-15 02:38:43');
INSERT INTO public.syrios_oferta (id, school_id, ano_letivo, vigente, turma_id, disciplina_id, professor_id, status, created_at, updated_at) VALUES (340, 5, 2025, true, 13, 16, 48, 1, '2025-10-15 02:38:43', '2025-10-15 02:38:43');
INSERT INTO public.syrios_oferta (id, school_id, ano_letivo, vigente, turma_id, disciplina_id, professor_id, status, created_at, updated_at) VALUES (341, 5, 2025, true, 14, 16, 48, 1, '2025-10-15 02:38:43', '2025-10-15 02:38:43');
INSERT INTO public.syrios_oferta (id, school_id, ano_letivo, vigente, turma_id, disciplina_id, professor_id, status, created_at, updated_at) VALUES (342, 5, 2025, true, 1, 6, 49, 1, '2025-10-15 02:38:43', '2025-10-15 02:38:43');
INSERT INTO public.syrios_oferta (id, school_id, ano_letivo, vigente, turma_id, disciplina_id, professor_id, status, created_at, updated_at) VALUES (343, 5, 2025, true, 2, 6, 49, 1, '2025-10-15 02:38:43', '2025-10-15 02:38:43');
INSERT INTO public.syrios_oferta (id, school_id, ano_letivo, vigente, turma_id, disciplina_id, professor_id, status, created_at, updated_at) VALUES (344, 5, 2025, true, 4, 6, 49, 1, '2025-10-15 02:38:43', '2025-10-15 02:38:43');
INSERT INTO public.syrios_oferta (id, school_id, ano_letivo, vigente, turma_id, disciplina_id, professor_id, status, created_at, updated_at) VALUES (345, 5, 2025, true, 6, 6, 49, 1, '2025-10-15 02:38:43', '2025-10-15 02:38:43');
INSERT INTO public.syrios_oferta (id, school_id, ano_letivo, vigente, turma_id, disciplina_id, professor_id, status, created_at, updated_at) VALUES (346, 5, 2025, true, 7, 3, 49, 1, '2025-10-15 02:38:43', '2025-10-15 02:38:43');
INSERT INTO public.syrios_oferta (id, school_id, ano_letivo, vigente, turma_id, disciplina_id, professor_id, status, created_at, updated_at) VALUES (347, 5, 2025, true, 8, 3, 49, 1, '2025-10-15 02:38:43', '2025-10-15 02:38:43');
INSERT INTO public.syrios_oferta (id, school_id, ano_letivo, vigente, turma_id, disciplina_id, professor_id, status, created_at, updated_at) VALUES (348, 5, 2025, true, 11, 3, 49, 1, '2025-10-15 02:38:43', '2025-10-15 02:38:43');
INSERT INTO public.syrios_oferta (id, school_id, ano_letivo, vigente, turma_id, disciplina_id, professor_id, status, created_at, updated_at) VALUES (349, 5, 2025, true, 13, 3, 49, 1, '2025-10-15 02:38:43', '2025-10-15 02:38:43');
INSERT INTO public.syrios_oferta (id, school_id, ano_letivo, vigente, turma_id, disciplina_id, professor_id, status, created_at, updated_at) VALUES (350, 5, 2025, true, 15, 39, 50, 1, '2025-10-15 02:38:43', '2025-10-15 02:38:43');
INSERT INTO public.syrios_oferta (id, school_id, ano_letivo, vigente, turma_id, disciplina_id, professor_id, status, created_at, updated_at) VALUES (351, 5, 2025, true, 2, 20, 52, 1, '2025-10-15 02:38:43', '2025-10-15 02:38:43');
INSERT INTO public.syrios_oferta (id, school_id, ano_letivo, vigente, turma_id, disciplina_id, professor_id, status, created_at, updated_at) VALUES (352, 5, 2025, true, 15, 20, 52, 1, '2025-10-15 02:38:43', '2025-10-15 02:38:43');
INSERT INTO public.syrios_oferta (id, school_id, ano_letivo, vigente, turma_id, disciplina_id, professor_id, status, created_at, updated_at) VALUES (353, 5, 2025, true, 3, 14, 52, 1, '2025-10-15 02:38:43', '2025-10-15 02:38:43');
INSERT INTO public.syrios_oferta (id, school_id, ano_letivo, vigente, turma_id, disciplina_id, professor_id, status, created_at, updated_at) VALUES (354, 5, 2025, true, 4, 14, 52, 1, '2025-10-15 02:38:43', '2025-10-15 02:38:43');
INSERT INTO public.syrios_oferta (id, school_id, ano_letivo, vigente, turma_id, disciplina_id, professor_id, status, created_at, updated_at) VALUES (355, 5, 2025, true, 6, 14, 52, 1, '2025-10-15 02:38:43', '2025-10-15 02:38:43');
INSERT INTO public.syrios_oferta (id, school_id, ano_letivo, vigente, turma_id, disciplina_id, professor_id, status, created_at, updated_at) VALUES (356, 5, 2025, true, 7, 14, 52, 1, '2025-10-15 02:38:43', '2025-10-15 02:38:43');
INSERT INTO public.syrios_oferta (id, school_id, ano_letivo, vigente, turma_id, disciplina_id, professor_id, status, created_at, updated_at) VALUES (357, 5, 2025, true, 8, 14, 52, 1, '2025-10-15 02:38:43', '2025-10-15 02:38:43');
INSERT INTO public.syrios_oferta (id, school_id, ano_letivo, vigente, turma_id, disciplina_id, professor_id, status, created_at, updated_at) VALUES (358, 5, 2025, true, 9, 14, 52, 1, '2025-10-15 02:38:43', '2025-10-15 02:38:43');
INSERT INTO public.syrios_oferta (id, school_id, ano_letivo, vigente, turma_id, disciplina_id, professor_id, status, created_at, updated_at) VALUES (359, 5, 2025, true, 10, 14, 52, 1, '2025-10-15 02:38:43', '2025-10-15 02:38:43');
INSERT INTO public.syrios_oferta (id, school_id, ano_letivo, vigente, turma_id, disciplina_id, professor_id, status, created_at, updated_at) VALUES (360, 5, 2025, true, 11, 14, 52, 1, '2025-10-15 02:38:43', '2025-10-15 02:38:43');
INSERT INTO public.syrios_oferta (id, school_id, ano_letivo, vigente, turma_id, disciplina_id, professor_id, status, created_at, updated_at) VALUES (361, 5, 2025, true, 12, 14, 52, 1, '2025-10-15 02:38:43', '2025-10-15 02:38:43');
INSERT INTO public.syrios_oferta (id, school_id, ano_letivo, vigente, turma_id, disciplina_id, professor_id, status, created_at, updated_at) VALUES (362, 5, 2025, true, 13, 14, 52, 1, '2025-10-15 02:38:43', '2025-10-15 02:38:43');
INSERT INTO public.syrios_oferta (id, school_id, ano_letivo, vigente, turma_id, disciplina_id, professor_id, status, created_at, updated_at) VALUES (363, 5, 2025, true, 14, 14, 52, 1, '2025-10-15 02:38:43', '2025-10-15 02:38:43');
INSERT INTO public.syrios_oferta (id, school_id, ano_letivo, vigente, turma_id, disciplina_id, professor_id, status, created_at, updated_at) VALUES (364, 5, 2025, true, 15, 14, 52, 1, '2025-10-15 02:38:43', '2025-10-15 02:38:43');
INSERT INTO public.syrios_oferta (id, school_id, ano_letivo, vigente, turma_id, disciplina_id, professor_id, status, created_at, updated_at) VALUES (365, 5, 2025, true, 15, 5, 52, 1, '2025-10-15 02:38:43', '2025-10-15 02:38:43');
INSERT INTO public.syrios_oferta (id, school_id, ano_letivo, vigente, turma_id, disciplina_id, professor_id, status, created_at, updated_at) VALUES (366, 5, 2025, true, 14, 3, 52, 1, '2025-10-15 02:38:43', '2025-10-15 02:38:43');
INSERT INTO public.syrios_oferta (id, school_id, ano_letivo, vigente, turma_id, disciplina_id, professor_id, status, created_at, updated_at) VALUES (367, 5, 2025, true, 8, 23, 55, 1, '2025-10-15 02:38:43', '2025-10-15 02:38:43');
INSERT INTO public.syrios_oferta (id, school_id, ano_letivo, vigente, turma_id, disciplina_id, professor_id, status, created_at, updated_at) VALUES (368, 5, 2025, true, 14, 23, 55, 1, '2025-10-15 02:38:43', '2025-10-15 02:38:43');
INSERT INTO public.syrios_oferta (id, school_id, ano_letivo, vigente, turma_id, disciplina_id, professor_id, status, created_at, updated_at) VALUES (369, 5, 2025, true, 11, 20, 55, 1, '2025-10-15 02:38:43', '2025-10-15 02:38:43');
INSERT INTO public.syrios_oferta (id, school_id, ano_letivo, vigente, turma_id, disciplina_id, professor_id, status, created_at, updated_at) VALUES (370, 5, 2025, true, 12, 20, 55, 1, '2025-10-15 02:38:43', '2025-10-15 02:38:43');
INSERT INTO public.syrios_oferta (id, school_id, ano_letivo, vigente, turma_id, disciplina_id, professor_id, status, created_at, updated_at) VALUES (371, 5, 2025, true, 13, 20, 55, 1, '2025-10-15 02:38:43', '2025-10-15 02:38:43');
INSERT INTO public.syrios_oferta (id, school_id, ano_letivo, vigente, turma_id, disciplina_id, professor_id, status, created_at, updated_at) VALUES (372, 5, 2025, true, 14, 20, 55, 1, '2025-10-15 02:38:43', '2025-10-15 02:38:43');
INSERT INTO public.syrios_oferta (id, school_id, ano_letivo, vigente, turma_id, disciplina_id, professor_id, status, created_at, updated_at) VALUES (373, 5, 2025, true, 11, 28, 57, 1, '2025-10-15 02:38:43', '2025-10-15 02:38:43');
INSERT INTO public.syrios_oferta (id, school_id, ano_letivo, vigente, turma_id, disciplina_id, professor_id, status, created_at, updated_at) VALUES (374, 5, 2025, true, 12, 28, 57, 1, '2025-10-15 02:38:43', '2025-10-15 02:38:43');
INSERT INTO public.syrios_oferta (id, school_id, ano_letivo, vigente, turma_id, disciplina_id, professor_id, status, created_at, updated_at) VALUES (375, 5, 2025, true, 13, 28, 57, 1, '2025-10-15 02:38:43', '2025-10-15 02:38:43');
INSERT INTO public.syrios_oferta (id, school_id, ano_letivo, vigente, turma_id, disciplina_id, professor_id, status, created_at, updated_at) VALUES (376, 5, 2025, true, 14, 28, 57, 1, '2025-10-15 02:38:43', '2025-10-15 02:38:43');
INSERT INTO public.syrios_oferta (id, school_id, ano_letivo, vigente, turma_id, disciplina_id, professor_id, status, created_at, updated_at) VALUES (377, 5, 2025, true, 3, 13, 57, 1, '2025-10-15 02:38:43', '2025-10-15 02:38:43');
INSERT INTO public.syrios_oferta (id, school_id, ano_letivo, vigente, turma_id, disciplina_id, professor_id, status, created_at, updated_at) VALUES (378, 5, 2025, true, 4, 13, 57, 1, '2025-10-15 02:38:43', '2025-10-15 02:38:43');
INSERT INTO public.syrios_oferta (id, school_id, ano_letivo, vigente, turma_id, disciplina_id, professor_id, status, created_at, updated_at) VALUES (379, 5, 2025, true, 14, 5, 57, 1, '2025-10-15 02:38:43', '2025-10-15 02:38:43');
INSERT INTO public.syrios_oferta (id, school_id, ano_letivo, vigente, turma_id, disciplina_id, professor_id, status, created_at, updated_at) VALUES (380, 6, 2025, true, 16, 46, 59, 1, '2025-10-20 22:19:04', '2025-10-20 22:19:04');


--
-- TOC entry 3583 (class 0 OID 24628)
-- Dependencies: 228
-- Data for Name: syrios_professor; Type: TABLE DATA; Schema: public; Owner: syrios_user
--

INSERT INTO public.syrios_professor (id, usuario_id, school_id, created_at, updated_at) VALUES (1, 1, 5, '2025-10-15 01:33:08', '2025-10-15 01:33:08');
INSERT INTO public.syrios_professor (id, usuario_id, school_id, created_at, updated_at) VALUES (2, 24, 5, '2025-10-15 01:33:08', '2025-10-15 01:33:08');
INSERT INTO public.syrios_professor (id, usuario_id, school_id, created_at, updated_at) VALUES (3, 27, 5, '2025-10-15 01:33:08', '2025-10-15 01:33:08');
INSERT INTO public.syrios_professor (id, usuario_id, school_id, created_at, updated_at) VALUES (4, 28, 5, '2025-10-15 01:33:08', '2025-10-15 01:33:08');
INSERT INTO public.syrios_professor (id, usuario_id, school_id, created_at, updated_at) VALUES (5, 47, 5, '2025-10-15 01:33:08', '2025-10-15 01:33:08');
INSERT INTO public.syrios_professor (id, usuario_id, school_id, created_at, updated_at) VALUES (6, 42, 5, '2025-10-15 01:33:08', '2025-10-15 01:33:08');
INSERT INTO public.syrios_professor (id, usuario_id, school_id, created_at, updated_at) VALUES (7, 14, 5, '2025-10-15 01:33:08', '2025-10-15 01:33:08');
INSERT INTO public.syrios_professor (id, usuario_id, school_id, created_at, updated_at) VALUES (8, 4, 5, '2025-10-15 01:33:08', '2025-10-15 01:33:08');
INSERT INTO public.syrios_professor (id, usuario_id, school_id, created_at, updated_at) VALUES (9, 26, 5, '2025-10-15 01:33:08', '2025-10-15 01:33:08');
INSERT INTO public.syrios_professor (id, usuario_id, school_id, created_at, updated_at) VALUES (10, 15, 5, '2025-10-15 01:33:08', '2025-10-15 01:33:08');
INSERT INTO public.syrios_professor (id, usuario_id, school_id, created_at, updated_at) VALUES (11, 18, 5, '2025-10-15 01:33:08', '2025-10-15 01:33:08');
INSERT INTO public.syrios_professor (id, usuario_id, school_id, created_at, updated_at) VALUES (12, 29, 5, '2025-10-15 01:33:08', '2025-10-15 01:33:08');
INSERT INTO public.syrios_professor (id, usuario_id, school_id, created_at, updated_at) VALUES (13, 30, 5, '2025-10-15 01:33:08', '2025-10-15 01:33:08');
INSERT INTO public.syrios_professor (id, usuario_id, school_id, created_at, updated_at) VALUES (14, 57, 5, '2025-10-15 01:33:08', '2025-10-15 01:33:08');
INSERT INTO public.syrios_professor (id, usuario_id, school_id, created_at, updated_at) VALUES (15, 55, 5, '2025-10-15 01:33:08', '2025-10-15 01:33:08');
INSERT INTO public.syrios_professor (id, usuario_id, school_id, created_at, updated_at) VALUES (16, 31, 5, '2025-10-15 01:33:08', '2025-10-15 01:33:08');
INSERT INTO public.syrios_professor (id, usuario_id, school_id, created_at, updated_at) VALUES (17, 5, 5, '2025-10-15 01:33:08', '2025-10-15 01:33:08');
INSERT INTO public.syrios_professor (id, usuario_id, school_id, created_at, updated_at) VALUES (18, 21, 5, '2025-10-15 01:33:08', '2025-10-15 01:33:08');
INSERT INTO public.syrios_professor (id, usuario_id, school_id, created_at, updated_at) VALUES (19, 23, 5, '2025-10-15 01:33:08', '2025-10-15 01:33:08');
INSERT INTO public.syrios_professor (id, usuario_id, school_id, created_at, updated_at) VALUES (20, 13, 5, '2025-10-15 01:33:08', '2025-10-15 01:33:08');
INSERT INTO public.syrios_professor (id, usuario_id, school_id, created_at, updated_at) VALUES (21, 32, 5, '2025-10-15 01:33:08', '2025-10-15 01:33:08');
INSERT INTO public.syrios_professor (id, usuario_id, school_id, created_at, updated_at) VALUES (22, 46, 5, '2025-10-15 01:33:08', '2025-10-15 01:33:08');
INSERT INTO public.syrios_professor (id, usuario_id, school_id, created_at, updated_at) VALUES (23, 41, 5, '2025-10-15 01:33:08', '2025-10-15 01:33:08');
INSERT INTO public.syrios_professor (id, usuario_id, school_id, created_at, updated_at) VALUES (24, 8, 5, '2025-10-15 01:33:08', '2025-10-15 01:33:08');
INSERT INTO public.syrios_professor (id, usuario_id, school_id, created_at, updated_at) VALUES (25, 33, 5, '2025-10-15 01:33:08', '2025-10-15 01:33:08');
INSERT INTO public.syrios_professor (id, usuario_id, school_id, created_at, updated_at) VALUES (26, 10, 5, '2025-10-15 01:33:08', '2025-10-15 01:33:08');
INSERT INTO public.syrios_professor (id, usuario_id, school_id, created_at, updated_at) VALUES (27, 52, 5, '2025-10-15 01:33:08', '2025-10-15 01:33:08');
INSERT INTO public.syrios_professor (id, usuario_id, school_id, created_at, updated_at) VALUES (28, 34, 5, '2025-10-15 01:33:08', '2025-10-15 01:33:08');
INSERT INTO public.syrios_professor (id, usuario_id, school_id, created_at, updated_at) VALUES (29, 43, 5, '2025-10-15 01:33:08', '2025-10-15 01:33:08');
INSERT INTO public.syrios_professor (id, usuario_id, school_id, created_at, updated_at) VALUES (30, 12, 5, '2025-10-15 01:33:08', '2025-10-15 01:33:08');
INSERT INTO public.syrios_professor (id, usuario_id, school_id, created_at, updated_at) VALUES (31, 35, 5, '2025-10-15 01:33:08', '2025-10-15 01:33:08');
INSERT INTO public.syrios_professor (id, usuario_id, school_id, created_at, updated_at) VALUES (32, 48, 5, '2025-10-15 01:33:08', '2025-10-15 01:33:08');
INSERT INTO public.syrios_professor (id, usuario_id, school_id, created_at, updated_at) VALUES (33, 50, 5, '2025-10-15 01:33:08', '2025-10-15 01:33:08');
INSERT INTO public.syrios_professor (id, usuario_id, school_id, created_at, updated_at) VALUES (34, 51, 5, '2025-10-15 01:33:08', '2025-10-15 01:33:08');
INSERT INTO public.syrios_professor (id, usuario_id, school_id, created_at, updated_at) VALUES (35, 49, 5, '2025-10-15 01:33:08', '2025-10-15 01:33:08');
INSERT INTO public.syrios_professor (id, usuario_id, school_id, created_at, updated_at) VALUES (36, 45, 5, '2025-10-15 01:33:08', '2025-10-15 01:33:08');
INSERT INTO public.syrios_professor (id, usuario_id, school_id, created_at, updated_at) VALUES (37, 54, 5, '2025-10-15 01:33:08', '2025-10-15 01:33:08');
INSERT INTO public.syrios_professor (id, usuario_id, school_id, created_at, updated_at) VALUES (38, 11, 5, '2025-10-15 01:33:08', '2025-10-15 01:33:08');
INSERT INTO public.syrios_professor (id, usuario_id, school_id, created_at, updated_at) VALUES (39, 36, 5, '2025-10-15 01:33:08', '2025-10-15 01:33:08');
INSERT INTO public.syrios_professor (id, usuario_id, school_id, created_at, updated_at) VALUES (40, 3, 5, '2025-10-15 01:33:08', '2025-10-15 01:33:08');
INSERT INTO public.syrios_professor (id, usuario_id, school_id, created_at, updated_at) VALUES (41, 9, 5, '2025-10-15 01:33:08', '2025-10-15 01:33:08');
INSERT INTO public.syrios_professor (id, usuario_id, school_id, created_at, updated_at) VALUES (42, 37, 5, '2025-10-15 01:33:08', '2025-10-15 01:33:08');
INSERT INTO public.syrios_professor (id, usuario_id, school_id, created_at, updated_at) VALUES (43, 56, 5, '2025-10-15 01:33:08', '2025-10-15 01:33:08');
INSERT INTO public.syrios_professor (id, usuario_id, school_id, created_at, updated_at) VALUES (44, 25, 5, '2025-10-15 01:33:08', '2025-10-15 01:33:08');
INSERT INTO public.syrios_professor (id, usuario_id, school_id, created_at, updated_at) VALUES (45, 44, 5, '2025-10-15 01:33:08', '2025-10-15 01:33:08');
INSERT INTO public.syrios_professor (id, usuario_id, school_id, created_at, updated_at) VALUES (46, 20, 5, '2025-10-15 01:33:08', '2025-10-15 01:33:08');
INSERT INTO public.syrios_professor (id, usuario_id, school_id, created_at, updated_at) VALUES (47, 7, 5, '2025-10-15 01:33:08', '2025-10-15 01:33:08');
INSERT INTO public.syrios_professor (id, usuario_id, school_id, created_at, updated_at) VALUES (48, 17, 5, '2025-10-15 01:33:08', '2025-10-15 01:33:08');
INSERT INTO public.syrios_professor (id, usuario_id, school_id, created_at, updated_at) VALUES (49, 58, 5, '2025-10-15 01:33:08', '2025-10-15 01:33:08');
INSERT INTO public.syrios_professor (id, usuario_id, school_id, created_at, updated_at) VALUES (50, 53, 5, '2025-10-15 01:33:08', '2025-10-15 01:33:08');
INSERT INTO public.syrios_professor (id, usuario_id, school_id, created_at, updated_at) VALUES (51, 40, 5, '2025-10-15 01:33:08', '2025-10-15 01:33:08');
INSERT INTO public.syrios_professor (id, usuario_id, school_id, created_at, updated_at) VALUES (52, 6, 5, '2025-10-15 01:33:08', '2025-10-15 01:33:08');
INSERT INTO public.syrios_professor (id, usuario_id, school_id, created_at, updated_at) VALUES (53, 22, 5, '2025-10-15 01:33:08', '2025-10-15 01:33:08');
INSERT INTO public.syrios_professor (id, usuario_id, school_id, created_at, updated_at) VALUES (54, 2, 5, '2025-10-15 01:33:08', '2025-10-15 01:33:08');
INSERT INTO public.syrios_professor (id, usuario_id, school_id, created_at, updated_at) VALUES (55, 19, 5, '2025-10-15 01:33:08', '2025-10-15 01:33:08');
INSERT INTO public.syrios_professor (id, usuario_id, school_id, created_at, updated_at) VALUES (56, 16, 5, '2025-10-15 01:33:08', '2025-10-15 01:33:08');
INSERT INTO public.syrios_professor (id, usuario_id, school_id, created_at, updated_at) VALUES (57, 38, 5, '2025-10-15 01:33:08', '2025-10-15 01:33:08');
INSERT INTO public.syrios_professor (id, usuario_id, school_id, created_at, updated_at) VALUES (58, 39, 5, '2025-10-15 01:33:08', '2025-10-15 01:33:08');
INSERT INTO public.syrios_professor (id, usuario_id, school_id, created_at, updated_at) VALUES (59, 1, 6, '2025-10-20 22:17:20', '2025-10-20 22:17:20');


--
-- TOC entry 3594 (class 0 OID 24692)
-- Dependencies: 239
-- Data for Name: syrios_regimento; Type: TABLE DATA; Schema: public; Owner: syrios_user
--

INSERT INTO public.syrios_regimento (id, school_id, titulo, arquivo, created_at, updated_at) VALUES (1, 5, 'Regimento Escolar - 2025', 'regimentos/XCMEpQbmrCH3OZOkOmR6AiOuTdLhbEt8JFTHdo8N.pdf', '2025-10-21 23:26:21', '2025-10-26 17:26:25');


--
-- TOC entry 3592 (class 0 OID 24684)
-- Dependencies: 237
-- Data for Name: syrios_regstatus; Type: TABLE DATA; Schema: public; Owner: syrios_user
--



--
-- TOC entry 3579 (class 0 OID 24602)
-- Dependencies: 224
-- Data for Name: syrios_role; Type: TABLE DATA; Schema: public; Owner: syrios_user
--

INSERT INTO public.syrios_role (id, role_name, created_at, updated_at) VALUES (1, 'master', '2025-10-13 06:03:10', '2025-10-13 06:03:10');
INSERT INTO public.syrios_role (id, role_name, created_at, updated_at) VALUES (2, 'secretaria', '2025-10-13 06:03:10', '2025-10-13 06:03:10');
INSERT INTO public.syrios_role (id, role_name, created_at, updated_at) VALUES (3, 'escola', '2025-10-13 06:03:10', '2025-10-13 06:03:10');
INSERT INTO public.syrios_role (id, role_name, created_at, updated_at) VALUES (4, 'professor', '2025-10-13 06:03:10', '2025-10-13 06:03:10');
INSERT INTO public.syrios_role (id, role_name, created_at, updated_at) VALUES (5, 'admin', '2025-10-13 06:03:10', '2025-10-13 06:03:10');
INSERT INTO public.syrios_role (id, role_name, created_at, updated_at) VALUES (6, 'pais', '2025-10-13 06:03:10', '2025-10-13 06:03:10');
INSERT INTO public.syrios_role (id, role_name, created_at, updated_at) VALUES (7, 'gestor', '2025-10-13 06:03:10', '2025-10-13 06:03:10');


--
-- TOC entry 3608 (class 0 OID 24807)
-- Dependencies: 253
-- Data for Name: syrios_sessao; Type: TABLE DATA; Schema: public; Owner: syrios_user
--



--
-- TOC entry 3587 (class 0 OID 24648)
-- Dependencies: 232
-- Data for Name: syrios_turma; Type: TABLE DATA; Schema: public; Owner: syrios_user
--

INSERT INTO public.syrios_turma (id, school_id, serie_turma, turno, created_at, updated_at) VALUES (1, 5, '1A', 'Integral', '2025-10-15 01:52:36', '2025-10-15 01:52:36');
INSERT INTO public.syrios_turma (id, school_id, serie_turma, turno, created_at, updated_at) VALUES (2, 5, '1B', 'Integral', '2025-10-15 01:52:36', '2025-10-15 01:52:36');
INSERT INTO public.syrios_turma (id, school_id, serie_turma, turno, created_at, updated_at) VALUES (3, 5, '1C', 'Integral', '2025-10-15 01:52:36', '2025-10-15 01:52:36');
INSERT INTO public.syrios_turma (id, school_id, serie_turma, turno, created_at, updated_at) VALUES (4, 5, '1D', 'Integral', '2025-10-15 01:52:36', '2025-10-15 01:52:36');
INSERT INTO public.syrios_turma (id, school_id, serie_turma, turno, created_at, updated_at) VALUES (5, 5, '1N', 'Noite', '2025-10-15 01:52:36', '2025-10-15 01:52:36');
INSERT INTO public.syrios_turma (id, school_id, serie_turma, turno, created_at, updated_at) VALUES (6, 5, '2A', 'Integral', '2025-10-15 01:52:36', '2025-10-15 01:52:36');
INSERT INTO public.syrios_turma (id, school_id, serie_turma, turno, created_at, updated_at) VALUES (7, 5, '2B', 'Integral', '2025-10-15 01:52:36', '2025-10-15 01:52:36');
INSERT INTO public.syrios_turma (id, school_id, serie_turma, turno, created_at, updated_at) VALUES (8, 5, '2C', 'Integral', '2025-10-15 01:52:36', '2025-10-15 01:52:36');
INSERT INTO public.syrios_turma (id, school_id, serie_turma, turno, created_at, updated_at) VALUES (9, 5, '2D', 'Integral', '2025-10-15 01:52:36', '2025-10-15 01:52:36');
INSERT INTO public.syrios_turma (id, school_id, serie_turma, turno, created_at, updated_at) VALUES (10, 5, '2N', 'Noite', '2025-10-15 01:52:36', '2025-10-15 01:52:36');
INSERT INTO public.syrios_turma (id, school_id, serie_turma, turno, created_at, updated_at) VALUES (11, 5, '3A', 'Integral', '2025-10-15 01:52:36', '2025-10-15 01:52:36');
INSERT INTO public.syrios_turma (id, school_id, serie_turma, turno, created_at, updated_at) VALUES (12, 5, '3B', 'Integral', '2025-10-15 01:52:36', '2025-10-15 01:52:36');
INSERT INTO public.syrios_turma (id, school_id, serie_turma, turno, created_at, updated_at) VALUES (13, 5, '3C', 'Integral', '2025-10-15 01:52:36', '2025-10-15 01:52:36');
INSERT INTO public.syrios_turma (id, school_id, serie_turma, turno, created_at, updated_at) VALUES (14, 5, '3D', 'Integral', '2025-10-15 01:52:36', '2025-10-15 01:52:36');
INSERT INTO public.syrios_turma (id, school_id, serie_turma, turno, created_at, updated_at) VALUES (15, 5, '3N', 'Noite', '2025-10-15 01:52:36', '2025-10-15 01:52:36');
INSERT INTO public.syrios_turma (id, school_id, serie_turma, turno, created_at, updated_at) VALUES (16, 6, '9 ano A', 'Integral', '2025-10-20 22:18:15', '2025-10-20 22:18:15');


--
-- TOC entry 3581 (class 0 OID 24612)
-- Dependencies: 226
-- Data for Name: syrios_usuario; Type: TABLE DATA; Schema: public; Owner: syrios_user
--

INSERT INTO public.syrios_usuario (id, school_id, cpf, senha_hash, nome_u, status, is_super_master, created_at, updated_at) VALUES (1, 1, 'master', '$2a$12$6dgE5prY.fbzUu2j7CgfhuucnkILGXPmGZznHOlIpwp.PCtv/11Je', 'DAVID DOS SANTOS DA COSTA', 1, true, '2025-10-15 01:18:46', NULL);
INSERT INTO public.syrios_usuario (id, school_id, cpf, senha_hash, nome_u, status, is_super_master, created_at, updated_at) VALUES (2, 5, '00rozangela', '$2y$10$92IXUNpkjO0rOQ5byMi.Ye4oKoEa3Ro9llC/.og/at2.uheWG/igi', 'ROZANGELA LEAL PIRES', 1, false, '2025-10-15 01:18:46', NULL);
INSERT INTO public.syrios_usuario (id, school_id, cpf, senha_hash, nome_u, status, is_super_master, created_at, updated_at) VALUES (3, 5, '000000marta', '$2y$10$92IXUNpkjO0rOQ5byMi.Ye4oKoEa3Ro9llC/.og/at2.uheWG/igi', 'MARTA DE LIMA BRILHANTE', 1, false, '2025-10-15 01:18:46', NULL);
INSERT INTO public.syrios_usuario (id, school_id, cpf, senha_hash, nome_u, status, is_super_master, created_at, updated_at) VALUES (4, 5, '00000cleane', '$2y$10$92IXUNpkjO0rOQ5byMi.Ye4oKoEa3Ro9llC/.og/at2.uheWG/igi', 'CLEANE DE AGUIAR DE SOUSA', 0, false, '2025-10-15 01:18:46', NULL);
INSERT INTO public.syrios_usuario (id, school_id, cpf, senha_hash, nome_u, status, is_super_master, created_at, updated_at) VALUES (5, 5, '0000eutalia', '$2y$10$92IXUNpkjO0rOQ5byMi.Ye4oKoEa3Ro9llC/.og/at2.uheWG/igi', 'EUTALIA PINHEIRO GOMES', 1, false, '2025-10-15 01:18:46', NULL);
INSERT INTO public.syrios_usuario (id, school_id, cpf, senha_hash, nome_u, status, is_super_master, created_at, updated_at) VALUES (6, 5, '0000roberto', '$2y$10$92IXUNpkjO0rOQ5byMi.Ye4oKoEa3Ro9llC/.og/at2.uheWG/igi', 'ROBERTO SARAIVA ARAUJO', 1, false, '2025-10-15 01:18:46', NULL);
INSERT INTO public.syrios_usuario (id, school_id, cpf, senha_hash, nome_u, status, is_super_master, created_at, updated_at) VALUES (7, 5, '00000nonato', '$2y$10$92IXUNpkjO0rOQ5byMi.Ye4oKoEa3Ro9llC/.og/at2.uheWG/igi', 'RAIMUNDO NONATO DE ALBUQUERQUE', 1, false, '2025-10-15 01:18:46', NULL);
INSERT INTO public.syrios_usuario (id, school_id, cpf, senha_hash, nome_u, status, is_super_master, created_at, updated_at) VALUES (8, 5, '0000000jair', '$2y$10$92IXUNpkjO0rOQ5byMi.Ye4oKoEa3Ro9llC/.og/at2.uheWG/igi', 'FRANCISCO JAIR DE SOUZA MENEZES', 0, false, '2025-10-15 01:18:46', NULL);
INSERT INTO public.syrios_usuario (id, school_id, cpf, senha_hash, nome_u, status, is_super_master, created_at, updated_at) VALUES (9, 5, '0000martins', '$2y$10$92IXUNpkjO0rOQ5byMi.Ye4oKoEa3Ro9llC/.og/at2.uheWG/igi', 'FRANCISCO MARTINS MATOS', 1, false, '2025-10-15 01:18:46', NULL);
INSERT INTO public.syrios_usuario (id, school_id, cpf, senha_hash, nome_u, status, is_super_master, created_at, updated_at) VALUES (10, 5, '000000joana', '$2y$10$92IXUNpkjO0rOQ5byMi.Ye4oKoEa3Ro9llC/.og/at2.uheWG/igi', 'JOANA DARC MACIEL DE LIMA', 1, false, '2025-10-15 01:18:46', NULL);
INSERT INTO public.syrios_usuario (id, school_id, cpf, senha_hash, nome_u, status, is_super_master, created_at, updated_at) VALUES (11, 5, '00000marcos', '$2y$10$92IXUNpkjO0rOQ5byMi.Ye4oKoEa3Ro9llC/.og/at2.uheWG/igi', 'ANTONIO MARCOS DE SOUZA', 1, false, '2025-10-15 01:18:46', NULL);
INSERT INTO public.syrios_usuario (id, school_id, cpf, senha_hash, nome_u, status, is_super_master, created_at, updated_at) VALUES (12, 5, '000000lidia', '$2y$10$92IXUNpkjO0rOQ5byMi.Ye4oKoEa3Ro9llC/.og/at2.uheWG/igi', 'LIDIA PEREIRA DOS SANTOS', 0, false, '2025-10-15 01:18:46', NULL);
INSERT INTO public.syrios_usuario (id, school_id, cpf, senha_hash, nome_u, status, is_super_master, created_at, updated_at) VALUES (13, 5, '00000helder', '$2y$10$92IXUNpkjO0rOQ5byMi.Ye4oKoEa3Ro9llC/.og/at2.uheWG/igi', 'SALUSTRIANO HELDER DOS SANTOS CAVALCANTE', 1, false, '2025-10-15 01:18:46', NULL);
INSERT INTO public.syrios_usuario (id, school_id, cpf, senha_hash, nome_u, status, is_super_master, created_at, updated_at) VALUES (14, 5, '00arimateia', '$2y$10$92IXUNpkjO0rOQ5byMi.Ye4oKoEa3Ro9llC/.og/at2.uheWG/igi', 'JOSE ARIMATEIA DE SOUSA QUEIROZ', 1, false, '2025-10-15 01:18:46', NULL);
INSERT INTO public.syrios_usuario (id, school_id, cpf, senha_hash, nome_u, status, is_super_master, created_at, updated_at) VALUES (15, 5, '000000dimas', '$2y$10$92IXUNpkjO0rOQ5byMi.Ye4oKoEa3Ro9llC/.og/at2.uheWG/igi', 'DIMAS RODRIGUES DE ALBUQUERQUE', 1, false, '2025-10-15 01:18:46', NULL);
INSERT INTO public.syrios_usuario (id, school_id, cpf, senha_hash, nome_u, status, is_super_master, created_at, updated_at) VALUES (16, 5, '0000vanessa', '$2y$10$92IXUNpkjO0rOQ5byMi.Ye4oKoEa3Ro9llC/.og/at2.uheWG/igi', 'VANESSA VIANA MARTINS', 0, false, '2025-10-15 01:18:46', NULL);
INSERT INTO public.syrios_usuario (id, school_id, cpf, senha_hash, nome_u, status, is_super_master, created_at, updated_at) VALUES (17, 5, '000otacilio', '$2y$10$92IXUNpkjO0rOQ5byMi.Ye4oKoEa3Ro9llC/.og/at2.uheWG/igi', 'FRANCISCO OTACLIO SILVA ASSIS', 1, false, '2025-10-15 01:18:46', NULL);
INSERT INTO public.syrios_usuario (id, school_id, cpf, senha_hash, nome_u, status, is_super_master, created_at, updated_at) VALUES (18, 5, '00000eliane', '$2y$10$92IXUNpkjO0rOQ5byMi.Ye4oKoEa3Ro9llC/.og/at2.uheWG/igi', 'ELIANE MARTINS DA SILVA', 1, false, '2025-10-15 01:18:46', NULL);
INSERT INTO public.syrios_usuario (id, school_id, cpf, senha_hash, nome_u, status, is_super_master, created_at, updated_at) VALUES (19, 5, '000000tales', '$2y$10$92IXUNpkjO0rOQ5byMi.Ye4oKoEa3Ro9llC/.og/at2.uheWG/igi', 'TALES FELIPE DE SOUSA', 1, false, '2025-10-15 01:18:46', NULL);
INSERT INTO public.syrios_usuario (id, school_id, cpf, senha_hash, nome_u, status, is_super_master, created_at, updated_at) VALUES (20, 5, '00000natali', '$2y$10$92IXUNpkjO0rOQ5byMi.Ye4oKoEa3Ro9llC/.og/at2.uheWG/igi', 'NATALI OLIVEIRA PAULO TAVARES', 0, false, '2025-10-15 01:18:46', NULL);
INSERT INTO public.syrios_usuario (id, school_id, cpf, senha_hash, nome_u, status, is_super_master, created_at, updated_at) VALUES (21, 5, '000fabricia', '$2y$10$92IXUNpkjO0rOQ5byMi.Ye4oKoEa3Ro9llC/.og/at2.uheWG/igi', 'FABRICIA DOS SANTOS SOUSA', 1, false, '2025-10-15 01:18:46', NULL);
INSERT INTO public.syrios_usuario (id, school_id, cpf, senha_hash, nome_u, status, is_super_master, created_at, updated_at) VALUES (22, 5, '0000rochele', '$2y$10$92IXUNpkjO0rOQ5byMi.Ye4oKoEa3Ro9llC/.og/at2.uheWG/igi', 'ROCHELE CARLOS DA SILVA', 0, false, '2025-10-15 01:18:46', NULL);
INSERT INTO public.syrios_usuario (id, school_id, cpf, senha_hash, nome_u, status, is_super_master, created_at, updated_at) VALUES (23, 5, '00000gestor', '$2y$10$92IXUNpkjO0rOQ5byMi.Ye4oKoEa3Ro9llC/.og/at2.uheWG/igi', 'NCLEO GESTOR ESCOLAR', 1, false, '2025-10-15 01:18:46', NULL);
INSERT INTO public.syrios_usuario (id, school_id, cpf, senha_hash, nome_u, status, is_super_master, created_at, updated_at) VALUES (24, 5, '00000aguida', '$2y$10$92IXUNpkjO0rOQ5byMi.Ye4oKoEa3Ro9llC/.og/at2.uheWG/igi', 'GUIDA', 0, false, '2025-10-15 01:18:46', NULL);
INSERT INTO public.syrios_usuario (id, school_id, cpf, senha_hash, nome_u, status, is_super_master, created_at, updated_at) VALUES (25, 5, '0multimeios', '$2y$10$92IXUNpkjO0rOQ5byMi.Ye4oKoEa3Ro9llC/.og/at2.uheWG/igi', 'AMBIENTE DE APOIO MULTIMEIOS', 1, false, '2025-10-15 01:18:46', NULL);
INSERT INTO public.syrios_usuario (id, school_id, cpf, senha_hash, nome_u, status, is_super_master, created_at, updated_at) VALUES (26, 5, '0000cleania', '$2y$10$92IXUNpkjO0rOQ5byMi.Ye4oKoEa3Ro9llC/.og/at2.uheWG/igi', 'CLENIA MARTINS DE OLIVEIRA', 1, false, '2025-10-15 01:18:46', NULL);
INSERT INTO public.syrios_usuario (id, school_id, cpf, senha_hash, nome_u, status, is_super_master, created_at, updated_at) VALUES (27, 5, '000000alice', '$2y$10$92IXUNpkjO0rOQ5byMi.Ye4oKoEa3Ro9llC/.og/at2.uheWG/igi', 'ALICE DE DA SILVA HERCULANO', 0, false, '2025-10-15 01:18:46', NULL);
INSERT INTO public.syrios_usuario (id, school_id, cpf, senha_hash, nome_u, status, is_super_master, created_at, updated_at) VALUES (28, 5, '000aloilson', '$2y$10$92IXUNpkjO0rOQ5byMi.Ye4oKoEa3Ro9llC/.og/at2.uheWG/igi', 'ALOILSON TAVARES DO NASCIMENTO', 1, false, '2025-10-15 01:18:46', NULL);
INSERT INTO public.syrios_usuario (id, school_id, cpf, senha_hash, nome_u, status, is_super_master, created_at, updated_at) VALUES (29, 5, '00elildiney', '$2y$10$92IXUNpkjO0rOQ5byMi.Ye4oKoEa3Ro9llC/.og/at2.uheWG/igi', 'ELILDINEY', 1, false, '2025-10-15 01:18:46', NULL);
INSERT INTO public.syrios_usuario (id, school_id, cpf, senha_hash, nome_u, status, is_super_master, created_at, updated_at) VALUES (30, 5, '00elizabete', '$2y$10$92IXUNpkjO0rOQ5byMi.Ye4oKoEa3Ro9llC/.og/at2.uheWG/igi', 'ELIZABETE CARDOSO NASCIMENTO', 1, false, '2025-10-15 01:18:46', NULL);
INSERT INTO public.syrios_usuario (id, school_id, cpf, senha_hash, nome_u, status, is_super_master, created_at, updated_at) VALUES (31, 5, '00000erivan', '$2y$10$92IXUNpkjO0rOQ5byMi.Ye4oKoEa3Ro9llC/.og/at2.uheWG/igi', 'ERIVAN PEREIRA DE ANDRADE', 0, false, '2025-10-15 01:18:46', NULL);
INSERT INTO public.syrios_usuario (id, school_id, cpf, senha_hash, nome_u, status, is_super_master, created_at, updated_at) VALUES (32, 5, '0000isabele', '$2y$10$92IXUNpkjO0rOQ5byMi.Ye4oKoEa3Ro9llC/.og/at2.uheWG/igi', 'ISABELE OLIVEIRA DO NASCIMENTO', 1, false, '2025-10-15 01:18:46', NULL);
INSERT INTO public.syrios_usuario (id, school_id, cpf, senha_hash, nome_u, status, is_super_master, created_at, updated_at) VALUES (33, 5, '0000jessica', '$2y$10$92IXUNpkjO0rOQ5byMi.Ye4oKoEa3Ro9llC/.og/at2.uheWG/igi', 'JESSICA DE LIMA SILVA', 1, false, '2025-10-15 01:18:46', NULL);
INSERT INTO public.syrios_usuario (id, school_id, cpf, senha_hash, nome_u, status, is_super_master, created_at, updated_at) VALUES (34, 5, '000karoline', '$2y$10$92IXUNpkjO0rOQ5byMi.Ye4oKoEa3Ro9llC/.og/at2.uheWG/igi', 'KAROLINE MATOS MACIEL SARAIVA', 1, false, '2025-10-15 01:18:46', NULL);
INSERT INTO public.syrios_usuario (id, school_id, cpf, senha_hash, nome_u, status, is_super_master, created_at, updated_at) VALUES (35, 5, '0000lidiane', '$2y$10$92IXUNpkjO0rOQ5byMi.Ye4oKoEa3Ro9llC/.og/at2.uheWG/igi', 'LIDIANE NASCIMENTO GOMES', 1, false, '2025-10-15 01:18:46', NULL);
INSERT INTO public.syrios_usuario (id, school_id, cpf, senha_hash, nome_u, status, is_super_master, created_at, updated_at) VALUES (36, 5, '000000maria', '$2y$10$92IXUNpkjO0rOQ5byMi.Ye4oKoEa3Ro9llC/.og/at2.uheWG/igi', 'MARIA DAS GRAAS RODRIGUES DE LIMA', 0, false, '2025-10-15 01:18:46', NULL);
INSERT INTO public.syrios_usuario (id, school_id, cpf, senha_hash, nome_u, status, is_super_master, created_at, updated_at) VALUES (37, 5, '0000micaely', '$2y$10$92IXUNpkjO0rOQ5byMi.Ye4oKoEa3Ro9llC/.og/at2.uheWG/igi', 'FRANCISCA MICAELY DA SILVA GOMES LIMA', 0, false, '2025-10-15 01:18:46', NULL);
INSERT INTO public.syrios_usuario (id, school_id, cpf, senha_hash, nome_u, status, is_super_master, created_at, updated_at) VALUES (38, 5, '0000viviane', '$2y$10$92IXUNpkjO0rOQ5byMi.Ye4oKoEa3Ro9llC/.og/at2.uheWG/igi', 'VIVIANE DOS REIS CASTRO', 1, false, '2025-10-15 01:18:46', NULL);
INSERT INTO public.syrios_usuario (id, school_id, cpf, senha_hash, nome_u, status, is_super_master, created_at, updated_at) VALUES (39, 5, '0000werique', '$2y$10$92IXUNpkjO0rOQ5byMi.Ye4oKoEa3Ro9llC/.og/at2.uheWG/igi', 'WERIQUE SARAIVA DE SOUSA', 0, false, '2025-10-15 01:18:46', NULL);
INSERT INTO public.syrios_usuario (id, school_id, cpf, senha_hash, nome_u, status, is_super_master, created_at, updated_at) VALUES (40, 5, '000000raysa', '$2y$10$92IXUNpkjO0rOQ5byMi.Ye4oKoEa3Ro9llC/.og/at2.uheWG/igi', 'ANTONIA RAYSA JERONIMO FARIAS', 0, false, '2025-10-15 01:18:46', NULL);
INSERT INTO public.syrios_usuario (id, school_id, cpf, senha_hash, nome_u, status, is_super_master, created_at, updated_at) VALUES (41, 5, '00000izaira', '$2y$10$92IXUNpkjO0rOQ5byMi.Ye4oKoEa3Ro9llC/.og/at2.uheWG/igi', 'MARIA IZAIRA FREITAS AGUIAR', 1, false, '2025-10-15 01:18:46', NULL);
INSERT INTO public.syrios_usuario (id, school_id, cpf, senha_hash, nome_u, status, is_super_master, created_at, updated_at) VALUES (42, 5, '000anderson', '$2y$10$92IXUNpkjO0rOQ5byMi.Ye4oKoEa3Ro9llC/.og/at2.uheWG/igi', 'ANDERSON DE SOUSA SILVA', 1, false, '2025-10-15 01:18:46', NULL);
INSERT INTO public.syrios_usuario (id, school_id, cpf, senha_hash, nome_u, status, is_super_master, created_at, updated_at) VALUES (43, 5, '000000leane', '$2y$10$92IXUNpkjO0rOQ5byMi.Ye4oKoEa3Ro9llC/.og/at2.uheWG/igi', 'LEANE LIMA DE FREITAS', 1, false, '2025-10-15 01:18:46', NULL);
INSERT INTO public.syrios_usuario (id, school_id, cpf, senha_hash, nome_u, status, is_super_master, created_at, updated_at) VALUES (44, 5, '00000naiana', '$2y$10$92IXUNpkjO0rOQ5byMi.Ye4oKoEa3Ro9llC/.og/at2.uheWG/igi', 'NAIANA DA SILVA COSMO DOS SANTOS', 1, false, '2025-10-15 01:18:46', NULL);
INSERT INTO public.syrios_usuario (id, school_id, cpf, senha_hash, nome_u, status, is_super_master, created_at, updated_at) VALUES (45, 5, '000marciano', '$2y$10$92IXUNpkjO0rOQ5byMi.Ye4oKoEa3Ro9llC/.og/at2.uheWG/igi', 'MARCIANO VITORIANO PEREIRA', 0, false, '2025-10-15 01:18:46', NULL);
INSERT INTO public.syrios_usuario (id, school_id, cpf, senha_hash, nome_u, status, is_super_master, created_at, updated_at) VALUES (46, 5, '00000000ivo', '$2y$10$92IXUNpkjO0rOQ5byMi.Ye4oKoEa3Ro9llC/.og/at2.uheWG/igi', 'ANTONIO IVO DA SILVA AGUIAR', 1, false, '2025-10-15 01:18:46', NULL);
INSERT INTO public.syrios_usuario (id, school_id, cpf, senha_hash, nome_u, status, is_super_master, created_at, updated_at) VALUES (47, 5, '0000alysson', '$2y$10$92IXUNpkjO0rOQ5byMi.Ye4oKoEa3Ro9llC/.og/at2.uheWG/igi', 'ALYSSON DE QUEIROZ LIMA', 1, false, '2025-10-15 01:18:46', NULL);
INSERT INTO public.syrios_usuario (id, school_id, cpf, senha_hash, nome_u, status, is_super_master, created_at, updated_at) VALUES (48, 5, '000000luana', '$2y$10$92IXUNpkjO0rOQ5byMi.Ye4oKoEa3Ro9llC/.og/at2.uheWG/igi', 'LUANA MARTINS CUSTODIO', 1, false, '2025-10-15 01:18:46', NULL);
INSERT INTO public.syrios_usuario (id, school_id, cpf, senha_hash, nome_u, status, is_super_master, created_at, updated_at) VALUES (49, 5, '000marcelov', '$2y$10$92IXUNpkjO0rOQ5byMi.Ye4oKoEa3Ro9llC/.og/at2.uheWG/igi', 'FRANCISCO MARCELO SOUSA VICTOR', 1, false, '2025-10-15 01:18:46', NULL);
INSERT INTO public.syrios_usuario (id, school_id, cpf, senha_hash, nome_u, status, is_super_master, created_at, updated_at) VALUES (50, 5, '00000maiara', '$2y$10$92IXUNpkjO0rOQ5byMi.Ye4oKoEa3Ro9llC/.og/at2.uheWG/igi', 'MAIARA BONIFACIO DA SILVA', 1, false, '2025-10-15 01:18:46', NULL);
INSERT INTO public.syrios_usuario (id, school_id, cpf, senha_hash, nome_u, status, is_super_master, created_at, updated_at) VALUES (51, 5, '000marcelog', '$2y$10$92IXUNpkjO0rOQ5byMi.Ye4oKoEa3Ro9llC/.og/at2.uheWG/igi', 'MARCELO VIANA GUILHERME', 1, false, '2025-10-15 01:18:46', NULL);
INSERT INTO public.syrios_usuario (id, school_id, cpf, senha_hash, nome_u, status, is_super_master, created_at, updated_at) VALUES (52, 5, '0000000joer', '$2y$10$92IXUNpkjO0rOQ5byMi.Ye4oKoEa3Ro9llC/.og/at2.uheWG/igi', 'JOER CARLOS NOGUEIRA DE FIGUEIREDO', 1, false, '2025-10-15 01:18:46', NULL);
INSERT INTO public.syrios_usuario (id, school_id, cpf, senha_hash, nome_u, status, is_super_master, created_at, updated_at) VALUES (53, 5, '00000rafael', '$2y$10$92IXUNpkjO0rOQ5byMi.Ye4oKoEa3Ro9llC/.og/at2.uheWG/igi', 'RAFAEL MATEUS', 1, false, '2025-10-15 01:18:46', NULL);
INSERT INTO public.syrios_usuario (id, school_id, cpf, senha_hash, nome_u, status, is_super_master, created_at, updated_at) VALUES (54, 5, '00000marcio', '$2y$10$92IXUNpkjO0rOQ5byMi.Ye4oKoEa3Ro9llC/.og/at2.uheWG/igi', 'MARCIO HENRIQUE DOS SANTOS LIMA', 1, false, '2025-10-15 01:18:46', NULL);
INSERT INTO public.syrios_usuario (id, school_id, cpf, senha_hash, nome_u, status, is_super_master, created_at, updated_at) VALUES (55, 5, '0000erisson', '$2y$10$92IXUNpkjO0rOQ5byMi.Ye4oKoEa3Ro9llC/.og/at2.uheWG/igi', 'FRANCISCO ERISSON SILVA DE ASSIS', 1, false, '2025-10-15 01:18:46', NULL);
INSERT INTO public.syrios_usuario (id, school_id, cpf, senha_hash, nome_u, status, is_super_master, created_at, updated_at) VALUES (56, 5, '00000milena', '$2y$10$92IXUNpkjO0rOQ5byMi.Ye4oKoEa3Ro9llC/.og/at2.uheWG/igi', 'MILENA DE SOUZA LOPES', 1, false, '2025-10-15 01:18:46', NULL);
INSERT INTO public.syrios_usuario (id, school_id, cpf, senha_hash, nome_u, status, is_super_master, created_at, updated_at) VALUES (57, 5, '00elizamara', '$2y$10$92IXUNpkjO0rOQ5byMi.Ye4oKoEa3Ro9llC/.og/at2.uheWG/igi', 'ELIZAMARA MARTINS', 1, false, '2025-10-15 01:18:46', NULL);
INSERT INTO public.syrios_usuario (id, school_id, cpf, senha_hash, nome_u, status, is_super_master, created_at, updated_at) VALUES (58, 5, '000000pedro', '$2y$10$92IXUNpkjO0rOQ5byMi.Ye4oKoEa3Ro9llC/.og/at2.uheWG/igi', 'ANTONIO PEDRO DE ARAUJO JUNIO', 1, false, '2025-10-15 01:18:46', NULL);


--
-- TOC entry 3590 (class 0 OID 24673)
-- Dependencies: 235
-- Data for Name: syrios_usuario_role; Type: TABLE DATA; Schema: public; Owner: syrios_user
--

INSERT INTO public.syrios_usuario_role (usuario_id, role_id, school_id, created_at, updated_at) VALUES (1, 1, 1, '2025-10-15 01:40:02', '2025-10-15 01:40:02');
INSERT INTO public.syrios_usuario_role (usuario_id, role_id, school_id, created_at, updated_at) VALUES (1, 2, 4, '2025-10-15 12:05:18', '2025-10-15 12:05:18');
INSERT INTO public.syrios_usuario_role (usuario_id, role_id, school_id, created_at, updated_at) VALUES (1, 3, 5, '2025-10-15 03:13:01', '2025-10-15 03:13:01');
INSERT INTO public.syrios_usuario_role (usuario_id, role_id, school_id, created_at, updated_at) VALUES (1, 3, 6, '2025-10-15 15:37:49', '2025-10-15 15:37:49');
INSERT INTO public.syrios_usuario_role (usuario_id, role_id, school_id, created_at, updated_at) VALUES (1, 4, 5, '2025-10-15 03:03:38', '2025-10-15 03:03:38');
INSERT INTO public.syrios_usuario_role (usuario_id, role_id, school_id, created_at, updated_at) VALUES (1, 4, 6, '2025-10-20 22:16:32', '2025-10-20 22:16:32');
INSERT INTO public.syrios_usuario_role (usuario_id, role_id, school_id, created_at, updated_at) VALUES (2, 4, 5, '2025-10-15 01:40:02', '2025-10-15 01:40:02');
INSERT INTO public.syrios_usuario_role (usuario_id, role_id, school_id, created_at, updated_at) VALUES (3, 4, 5, '2025-10-15 01:40:02', '2025-10-15 01:40:02');
INSERT INTO public.syrios_usuario_role (usuario_id, role_id, school_id, created_at, updated_at) VALUES (4, 4, 5, '2025-10-15 01:40:02', '2025-10-15 01:40:02');
INSERT INTO public.syrios_usuario_role (usuario_id, role_id, school_id, created_at, updated_at) VALUES (5, 4, 5, '2025-10-15 01:40:02', '2025-10-15 01:40:02');
INSERT INTO public.syrios_usuario_role (usuario_id, role_id, school_id, created_at, updated_at) VALUES (6, 4, 5, '2025-10-15 01:40:02', '2025-10-15 01:40:02');
INSERT INTO public.syrios_usuario_role (usuario_id, role_id, school_id, created_at, updated_at) VALUES (7, 4, 5, '2025-10-15 01:40:02', '2025-10-15 01:40:02');
INSERT INTO public.syrios_usuario_role (usuario_id, role_id, school_id, created_at, updated_at) VALUES (8, 4, 5, '2025-10-15 01:40:02', '2025-10-15 01:40:02');
INSERT INTO public.syrios_usuario_role (usuario_id, role_id, school_id, created_at, updated_at) VALUES (9, 4, 5, '2025-10-15 01:40:02', '2025-10-15 01:40:02');
INSERT INTO public.syrios_usuario_role (usuario_id, role_id, school_id, created_at, updated_at) VALUES (10, 4, 5, '2025-10-15 01:40:02', '2025-10-15 01:40:02');
INSERT INTO public.syrios_usuario_role (usuario_id, role_id, school_id, created_at, updated_at) VALUES (11, 4, 5, '2025-10-15 01:40:02', '2025-10-15 01:40:02');
INSERT INTO public.syrios_usuario_role (usuario_id, role_id, school_id, created_at, updated_at) VALUES (12, 4, 5, '2025-10-15 01:40:02', '2025-10-15 01:40:02');
INSERT INTO public.syrios_usuario_role (usuario_id, role_id, school_id, created_at, updated_at) VALUES (13, 4, 5, '2025-10-15 01:40:02', '2025-10-15 01:40:02');
INSERT INTO public.syrios_usuario_role (usuario_id, role_id, school_id, created_at, updated_at) VALUES (14, 4, 5, '2025-10-15 01:40:02', '2025-10-15 01:40:02');
INSERT INTO public.syrios_usuario_role (usuario_id, role_id, school_id, created_at, updated_at) VALUES (15, 4, 5, '2025-10-15 01:40:02', '2025-10-15 01:40:02');
INSERT INTO public.syrios_usuario_role (usuario_id, role_id, school_id, created_at, updated_at) VALUES (16, 4, 5, '2025-10-15 01:40:02', '2025-10-15 01:40:02');
INSERT INTO public.syrios_usuario_role (usuario_id, role_id, school_id, created_at, updated_at) VALUES (17, 4, 5, '2025-10-15 01:40:02', '2025-10-15 01:40:02');
INSERT INTO public.syrios_usuario_role (usuario_id, role_id, school_id, created_at, updated_at) VALUES (18, 4, 5, '2025-10-15 01:40:02', '2025-10-15 01:40:02');
INSERT INTO public.syrios_usuario_role (usuario_id, role_id, school_id, created_at, updated_at) VALUES (19, 4, 5, '2025-10-15 01:40:02', '2025-10-15 01:40:02');
INSERT INTO public.syrios_usuario_role (usuario_id, role_id, school_id, created_at, updated_at) VALUES (20, 4, 5, '2025-10-15 01:40:02', '2025-10-15 01:40:02');
INSERT INTO public.syrios_usuario_role (usuario_id, role_id, school_id, created_at, updated_at) VALUES (21, 4, 5, '2025-10-15 01:40:02', '2025-10-15 01:40:02');
INSERT INTO public.syrios_usuario_role (usuario_id, role_id, school_id, created_at, updated_at) VALUES (22, 4, 5, '2025-10-15 01:40:02', '2025-10-15 01:40:02');
INSERT INTO public.syrios_usuario_role (usuario_id, role_id, school_id, created_at, updated_at) VALUES (23, 4, 5, '2025-10-15 01:40:02', '2025-10-15 01:40:02');
INSERT INTO public.syrios_usuario_role (usuario_id, role_id, school_id, created_at, updated_at) VALUES (24, 4, 5, '2025-10-15 01:40:02', '2025-10-15 01:40:02');
INSERT INTO public.syrios_usuario_role (usuario_id, role_id, school_id, created_at, updated_at) VALUES (25, 4, 5, '2025-10-15 01:40:02', '2025-10-15 01:40:02');
INSERT INTO public.syrios_usuario_role (usuario_id, role_id, school_id, created_at, updated_at) VALUES (26, 4, 5, '2025-10-15 01:40:02', '2025-10-15 01:40:02');
INSERT INTO public.syrios_usuario_role (usuario_id, role_id, school_id, created_at, updated_at) VALUES (27, 4, 5, '2025-10-15 01:40:02', '2025-10-15 01:40:02');
INSERT INTO public.syrios_usuario_role (usuario_id, role_id, school_id, created_at, updated_at) VALUES (28, 4, 5, '2025-10-15 01:40:02', '2025-10-15 01:40:02');
INSERT INTO public.syrios_usuario_role (usuario_id, role_id, school_id, created_at, updated_at) VALUES (29, 4, 5, '2025-10-15 01:40:02', '2025-10-15 01:40:02');
INSERT INTO public.syrios_usuario_role (usuario_id, role_id, school_id, created_at, updated_at) VALUES (30, 4, 5, '2025-10-15 01:40:02', '2025-10-15 01:40:02');
INSERT INTO public.syrios_usuario_role (usuario_id, role_id, school_id, created_at, updated_at) VALUES (31, 4, 5, '2025-10-15 01:40:02', '2025-10-15 01:40:02');
INSERT INTO public.syrios_usuario_role (usuario_id, role_id, school_id, created_at, updated_at) VALUES (32, 4, 5, '2025-10-15 01:40:02', '2025-10-15 01:40:02');
INSERT INTO public.syrios_usuario_role (usuario_id, role_id, school_id, created_at, updated_at) VALUES (33, 4, 5, '2025-10-15 01:40:02', '2025-10-15 01:40:02');
INSERT INTO public.syrios_usuario_role (usuario_id, role_id, school_id, created_at, updated_at) VALUES (34, 4, 5, '2025-10-15 01:40:02', '2025-10-15 01:40:02');
INSERT INTO public.syrios_usuario_role (usuario_id, role_id, school_id, created_at, updated_at) VALUES (35, 4, 5, '2025-10-15 01:40:02', '2025-10-15 01:40:02');
INSERT INTO public.syrios_usuario_role (usuario_id, role_id, school_id, created_at, updated_at) VALUES (36, 4, 5, '2025-10-15 01:40:02', '2025-10-15 01:40:02');
INSERT INTO public.syrios_usuario_role (usuario_id, role_id, school_id, created_at, updated_at) VALUES (37, 4, 5, '2025-10-15 01:40:02', '2025-10-15 01:40:02');
INSERT INTO public.syrios_usuario_role (usuario_id, role_id, school_id, created_at, updated_at) VALUES (38, 4, 5, '2025-10-15 01:40:02', '2025-10-15 01:40:02');
INSERT INTO public.syrios_usuario_role (usuario_id, role_id, school_id, created_at, updated_at) VALUES (39, 4, 5, '2025-10-15 01:40:02', '2025-10-15 01:40:02');
INSERT INTO public.syrios_usuario_role (usuario_id, role_id, school_id, created_at, updated_at) VALUES (40, 4, 5, '2025-10-15 01:40:02', '2025-10-15 01:40:02');
INSERT INTO public.syrios_usuario_role (usuario_id, role_id, school_id, created_at, updated_at) VALUES (41, 4, 5, '2025-10-15 01:40:02', '2025-10-15 01:40:02');
INSERT INTO public.syrios_usuario_role (usuario_id, role_id, school_id, created_at, updated_at) VALUES (42, 4, 5, '2025-10-15 01:40:02', '2025-10-15 01:40:02');
INSERT INTO public.syrios_usuario_role (usuario_id, role_id, school_id, created_at, updated_at) VALUES (43, 4, 5, '2025-10-15 01:40:02', '2025-10-15 01:40:02');
INSERT INTO public.syrios_usuario_role (usuario_id, role_id, school_id, created_at, updated_at) VALUES (44, 4, 5, '2025-10-15 01:40:02', '2025-10-15 01:40:02');
INSERT INTO public.syrios_usuario_role (usuario_id, role_id, school_id, created_at, updated_at) VALUES (45, 4, 5, '2025-10-15 01:40:02', '2025-10-15 01:40:02');
INSERT INTO public.syrios_usuario_role (usuario_id, role_id, school_id, created_at, updated_at) VALUES (46, 4, 5, '2025-10-15 01:40:02', '2025-10-15 01:40:02');
INSERT INTO public.syrios_usuario_role (usuario_id, role_id, school_id, created_at, updated_at) VALUES (47, 4, 5, '2025-10-15 01:40:02', '2025-10-15 01:40:02');
INSERT INTO public.syrios_usuario_role (usuario_id, role_id, school_id, created_at, updated_at) VALUES (48, 4, 5, '2025-10-15 01:40:02', '2025-10-15 01:40:02');
INSERT INTO public.syrios_usuario_role (usuario_id, role_id, school_id, created_at, updated_at) VALUES (49, 4, 5, '2025-10-15 01:40:02', '2025-10-15 01:40:02');
INSERT INTO public.syrios_usuario_role (usuario_id, role_id, school_id, created_at, updated_at) VALUES (50, 4, 5, '2025-10-15 01:40:02', '2025-10-15 01:40:02');
INSERT INTO public.syrios_usuario_role (usuario_id, role_id, school_id, created_at, updated_at) VALUES (51, 4, 5, '2025-10-15 01:40:02', '2025-10-15 01:40:02');
INSERT INTO public.syrios_usuario_role (usuario_id, role_id, school_id, created_at, updated_at) VALUES (52, 4, 5, '2025-10-15 01:40:02', '2025-10-15 01:40:02');
INSERT INTO public.syrios_usuario_role (usuario_id, role_id, school_id, created_at, updated_at) VALUES (53, 4, 5, '2025-10-15 01:40:02', '2025-10-15 01:40:02');
INSERT INTO public.syrios_usuario_role (usuario_id, role_id, school_id, created_at, updated_at) VALUES (54, 4, 5, '2025-10-15 01:40:02', '2025-10-15 01:40:02');
INSERT INTO public.syrios_usuario_role (usuario_id, role_id, school_id, created_at, updated_at) VALUES (55, 4, 5, '2025-10-15 01:40:02', '2025-10-15 01:40:02');
INSERT INTO public.syrios_usuario_role (usuario_id, role_id, school_id, created_at, updated_at) VALUES (56, 4, 5, '2025-10-15 01:40:02', '2025-10-15 01:40:02');
INSERT INTO public.syrios_usuario_role (usuario_id, role_id, school_id, created_at, updated_at) VALUES (57, 4, 5, '2025-10-15 01:40:02', '2025-10-15 01:40:02');
INSERT INTO public.syrios_usuario_role (usuario_id, role_id, school_id, created_at, updated_at) VALUES (58, 4, 5, '2025-10-15 01:40:02', '2025-10-15 01:40:02');


--
-- TOC entry 3612 (class 0 OID 24830)
-- Dependencies: 257
-- Data for Name: syrios_visao_aluno; Type: TABLE DATA; Schema: public; Owner: syrios_user
--



--
-- TOC entry 3621 (class 0 OID 0)
-- Dependencies: 219
-- Name: migrations_id_seq; Type: SEQUENCE SET; Schema: public; Owner: syrios_user
--

SELECT pg_catalog.setval('public.migrations_id_seq', 1, false);


--
-- TOC entry 3622 (class 0 OID 0)
-- Dependencies: 229
-- Name: syrios_aluno_id_seq; Type: SEQUENCE SET; Schema: public; Owner: syrios_user
--

SELECT pg_catalog.setval('public.syrios_aluno_id_seq', 564, true);


--
-- TOC entry 3623 (class 0 OID 0)
-- Dependencies: 240
-- Name: syrios_diretor_turma_id_seq; Type: SEQUENCE SET; Schema: public; Owner: syrios_user
--

SELECT pg_catalog.setval('public.syrios_diretor_turma_id_seq', 2, true);


--
-- TOC entry 3624 (class 0 OID 0)
-- Dependencies: 233
-- Name: syrios_disciplina_id_seq; Type: SEQUENCE SET; Schema: public; Owner: syrios_user
--

SELECT pg_catalog.setval('public.syrios_disciplina_id_seq', 46, true);


--
-- TOC entry 3625 (class 0 OID 0)
-- Dependencies: 244
-- Name: syrios_enturmacao_id_seq; Type: SEQUENCE SET; Schema: public; Owner: syrios_user
--

SELECT pg_catalog.setval('public.syrios_enturmacao_id_seq', 546, true);


--
-- TOC entry 3626 (class 0 OID 0)
-- Dependencies: 221
-- Name: syrios_escola_id_seq; Type: SEQUENCE SET; Schema: public; Owner: syrios_user
--

SELECT pg_catalog.setval('public.syrios_escola_id_seq', 6, true);


--
-- TOC entry 3627 (class 0 OID 0)
-- Dependencies: 246
-- Name: syrios_modelo_motivo_id_seq; Type: SEQUENCE SET; Schema: public; Owner: syrios_user
--

SELECT pg_catalog.setval('public.syrios_modelo_motivo_id_seq', 7, true);


--
-- TOC entry 3628 (class 0 OID 0)
-- Dependencies: 254
-- Name: syrios_notificacao_id_seq; Type: SEQUENCE SET; Schema: public; Owner: syrios_user
--

SELECT pg_catalog.setval('public.syrios_notificacao_id_seq', 1, false);


--
-- TOC entry 3629 (class 0 OID 0)
-- Dependencies: 248
-- Name: syrios_ocorrencia_id_seq; Type: SEQUENCE SET; Schema: public; Owner: syrios_user
--

SELECT pg_catalog.setval('public.syrios_ocorrencia_id_seq', 80, true);


--
-- TOC entry 3630 (class 0 OID 0)
-- Dependencies: 250
-- Name: syrios_ocorrencia_motivo_id_seq; Type: SEQUENCE SET; Schema: public; Owner: syrios_user
--

SELECT pg_catalog.setval('public.syrios_ocorrencia_motivo_id_seq', 115, true);


--
-- TOC entry 3631 (class 0 OID 0)
-- Dependencies: 242
-- Name: syrios_oferta_id_seq; Type: SEQUENCE SET; Schema: public; Owner: syrios_user
--

SELECT pg_catalog.setval('public.syrios_oferta_id_seq', 380, true);


--
-- TOC entry 3632 (class 0 OID 0)
-- Dependencies: 227
-- Name: syrios_professor_id_seq; Type: SEQUENCE SET; Schema: public; Owner: syrios_user
--

SELECT pg_catalog.setval('public.syrios_professor_id_seq', 59, true);


--
-- TOC entry 3633 (class 0 OID 0)
-- Dependencies: 238
-- Name: syrios_regimento_id_seq; Type: SEQUENCE SET; Schema: public; Owner: syrios_user
--

SELECT pg_catalog.setval('public.syrios_regimento_id_seq', 1, true);


--
-- TOC entry 3634 (class 0 OID 0)
-- Dependencies: 236
-- Name: syrios_regstatus_id_seq; Type: SEQUENCE SET; Schema: public; Owner: syrios_user
--

SELECT pg_catalog.setval('public.syrios_regstatus_id_seq', 1, false);


--
-- TOC entry 3635 (class 0 OID 0)
-- Dependencies: 223
-- Name: syrios_role_id_seq; Type: SEQUENCE SET; Schema: public; Owner: syrios_user
--

SELECT pg_catalog.setval('public.syrios_role_id_seq', 7, true);


--
-- TOC entry 3636 (class 0 OID 0)
-- Dependencies: 252
-- Name: syrios_sessao_id_seq; Type: SEQUENCE SET; Schema: public; Owner: syrios_user
--

SELECT pg_catalog.setval('public.syrios_sessao_id_seq', 1, false);


--
-- TOC entry 3637 (class 0 OID 0)
-- Dependencies: 231
-- Name: syrios_turma_id_seq; Type: SEQUENCE SET; Schema: public; Owner: syrios_user
--

SELECT pg_catalog.setval('public.syrios_turma_id_seq', 16, true);


--
-- TOC entry 3638 (class 0 OID 0)
-- Dependencies: 225
-- Name: syrios_usuario_id_seq; Type: SEQUENCE SET; Schema: public; Owner: syrios_user
--

SELECT pg_catalog.setval('public.syrios_usuario_id_seq', 58, true);


--
-- TOC entry 3639 (class 0 OID 0)
-- Dependencies: 256
-- Name: syrios_visao_aluno_id_seq; Type: SEQUENCE SET; Schema: public; Owner: syrios_user
--

SELECT pg_catalog.setval('public.syrios_visao_aluno_id_seq', 1, false);


--
-- TOC entry 3311 (class 2606 OID 24584)
-- Name: migrations migrations_pkey; Type: CONSTRAINT; Schema: public; Owner: syrios_user
--

ALTER TABLE ONLY public.migrations
    ADD CONSTRAINT migrations_pkey PRIMARY KEY (id);


--
-- TOC entry 3330 (class 2606 OID 24645)
-- Name: syrios_aluno syrios_aluno_pkey; Type: CONSTRAINT; Schema: public; Owner: syrios_user
--

ALTER TABLE ONLY public.syrios_aluno
    ADD CONSTRAINT syrios_aluno_pkey PRIMARY KEY (id);


--
-- TOC entry 3353 (class 2606 OID 24715)
-- Name: syrios_diretor_turma syrios_diretor_turma_pkey; Type: CONSTRAINT; Schema: public; Owner: syrios_user
--

ALTER TABLE ONLY public.syrios_diretor_turma
    ADD CONSTRAINT syrios_diretor_turma_pkey PRIMARY KEY (id);


--
-- TOC entry 3338 (class 2606 OID 24669)
-- Name: syrios_disciplina syrios_disciplina_pkey; Type: CONSTRAINT; Schema: public; Owner: syrios_user
--

ALTER TABLE ONLY public.syrios_disciplina
    ADD CONSTRAINT syrios_disciplina_pkey PRIMARY KEY (id);


--
-- TOC entry 3366 (class 2606 OID 24753)
-- Name: syrios_enturmacao syrios_enturmacao_pkey; Type: CONSTRAINT; Schema: public; Owner: syrios_user
--

ALTER TABLE ONLY public.syrios_enturmacao
    ADD CONSTRAINT syrios_enturmacao_pkey PRIMARY KEY (id);


--
-- TOC entry 3313 (class 2606 OID 24600)
-- Name: syrios_escola syrios_escola_cnpj_key; Type: CONSTRAINT; Schema: public; Owner: syrios_user
--

ALTER TABLE ONLY public.syrios_escola
    ADD CONSTRAINT syrios_escola_cnpj_key UNIQUE (cnpj);


--
-- TOC entry 3315 (class 2606 OID 24598)
-- Name: syrios_escola syrios_escola_inep_key; Type: CONSTRAINT; Schema: public; Owner: syrios_user
--

ALTER TABLE ONLY public.syrios_escola
    ADD CONSTRAINT syrios_escola_inep_key UNIQUE (inep);


--
-- TOC entry 3317 (class 2606 OID 24596)
-- Name: syrios_escola syrios_escola_pkey; Type: CONSTRAINT; Schema: public; Owner: syrios_user
--

ALTER TABLE ONLY public.syrios_escola
    ADD CONSTRAINT syrios_escola_pkey PRIMARY KEY (id);


--
-- TOC entry 3373 (class 2606 OID 24769)
-- Name: syrios_modelo_motivo syrios_modelo_motivo_pkey; Type: CONSTRAINT; Schema: public; Owner: syrios_user
--

ALTER TABLE ONLY public.syrios_modelo_motivo
    ADD CONSTRAINT syrios_modelo_motivo_pkey PRIMARY KEY (id);


--
-- TOC entry 3389 (class 2606 OID 24826)
-- Name: syrios_notificacao syrios_notificacao_pkey; Type: CONSTRAINT; Schema: public; Owner: syrios_user
--

ALTER TABLE ONLY public.syrios_notificacao
    ADD CONSTRAINT syrios_notificacao_pkey PRIMARY KEY (id);


--
-- TOC entry 3381 (class 2606 OID 24803)
-- Name: syrios_ocorrencia_motivo syrios_ocorrencia_motivo_pkey; Type: CONSTRAINT; Schema: public; Owner: syrios_user
--

ALTER TABLE ONLY public.syrios_ocorrencia_motivo
    ADD CONSTRAINT syrios_ocorrencia_motivo_pkey PRIMARY KEY (id);


--
-- TOC entry 3377 (class 2606 OID 24792)
-- Name: syrios_ocorrencia syrios_ocorrencia_pkey; Type: CONSTRAINT; Schema: public; Owner: syrios_user
--

ALTER TABLE ONLY public.syrios_ocorrencia
    ADD CONSTRAINT syrios_ocorrencia_pkey PRIMARY KEY (id);


--
-- TOC entry 3361 (class 2606 OID 24735)
-- Name: syrios_oferta syrios_oferta_pkey; Type: CONSTRAINT; Schema: public; Owner: syrios_user
--

ALTER TABLE ONLY public.syrios_oferta
    ADD CONSTRAINT syrios_oferta_pkey PRIMARY KEY (id);


--
-- TOC entry 3327 (class 2606 OID 24635)
-- Name: syrios_professor syrios_professor_pkey; Type: CONSTRAINT; Schema: public; Owner: syrios_user
--

ALTER TABLE ONLY public.syrios_professor
    ADD CONSTRAINT syrios_professor_pkey PRIMARY KEY (id);


--
-- TOC entry 3349 (class 2606 OID 24700)
-- Name: syrios_regimento syrios_regimento_pkey; Type: CONSTRAINT; Schema: public; Owner: syrios_user
--

ALTER TABLE ONLY public.syrios_regimento
    ADD CONSTRAINT syrios_regimento_pkey PRIMARY KEY (id);


--
-- TOC entry 3346 (class 2606 OID 24690)
-- Name: syrios_regstatus syrios_regstatus_pkey; Type: CONSTRAINT; Schema: public; Owner: syrios_user
--

ALTER TABLE ONLY public.syrios_regstatus
    ADD CONSTRAINT syrios_regstatus_pkey PRIMARY KEY (id);


--
-- TOC entry 3319 (class 2606 OID 24608)
-- Name: syrios_role syrios_role_pkey; Type: CONSTRAINT; Schema: public; Owner: syrios_user
--

ALTER TABLE ONLY public.syrios_role
    ADD CONSTRAINT syrios_role_pkey PRIMARY KEY (id);


--
-- TOC entry 3321 (class 2606 OID 24610)
-- Name: syrios_role syrios_role_role_name_key; Type: CONSTRAINT; Schema: public; Owner: syrios_user
--

ALTER TABLE ONLY public.syrios_role
    ADD CONSTRAINT syrios_role_role_name_key UNIQUE (role_name);


--
-- TOC entry 3385 (class 2606 OID 24814)
-- Name: syrios_sessao syrios_sessao_pkey; Type: CONSTRAINT; Schema: public; Owner: syrios_user
--

ALTER TABLE ONLY public.syrios_sessao
    ADD CONSTRAINT syrios_sessao_pkey PRIMARY KEY (id);


--
-- TOC entry 3333 (class 2606 OID 24656)
-- Name: syrios_turma syrios_turma_pkey; Type: CONSTRAINT; Schema: public; Owner: syrios_user
--

ALTER TABLE ONLY public.syrios_turma
    ADD CONSTRAINT syrios_turma_pkey PRIMARY KEY (id);


--
-- TOC entry 3323 (class 2606 OID 24624)
-- Name: syrios_usuario syrios_usuario_pkey; Type: CONSTRAINT; Schema: public; Owner: syrios_user
--

ALTER TABLE ONLY public.syrios_usuario
    ADD CONSTRAINT syrios_usuario_pkey PRIMARY KEY (id);


--
-- TOC entry 3344 (class 2606 OID 24680)
-- Name: syrios_usuario_role syrios_usuario_role_pkey; Type: CONSTRAINT; Schema: public; Owner: syrios_user
--

ALTER TABLE ONLY public.syrios_usuario_role
    ADD CONSTRAINT syrios_usuario_role_pkey PRIMARY KEY (usuario_id, role_id, school_id);


--
-- TOC entry 3393 (class 2606 OID 24837)
-- Name: syrios_visao_aluno syrios_visao_aluno_pkey; Type: CONSTRAINT; Schema: public; Owner: syrios_user
--

ALTER TABLE ONLY public.syrios_visao_aluno
    ADD CONSTRAINT syrios_visao_aluno_pkey PRIMARY KEY (id);


--
-- TOC entry 3355 (class 2606 OID 24717)
-- Name: syrios_diretor_turma uq_diretor_turma; Type: CONSTRAINT; Schema: public; Owner: syrios_user
--

ALTER TABLE ONLY public.syrios_diretor_turma
    ADD CONSTRAINT uq_diretor_turma UNIQUE (professor_id, turma_id);


--
-- TOC entry 3340 (class 2606 OID 24671)
-- Name: syrios_disciplina uq_disciplina_escola_abr; Type: CONSTRAINT; Schema: public; Owner: syrios_user
--

ALTER TABLE ONLY public.syrios_disciplina
    ADD CONSTRAINT uq_disciplina_escola_abr UNIQUE (school_id, abr);


--
-- TOC entry 3368 (class 2606 OID 24757)
-- Name: syrios_enturmacao uq_enturmacao_aluno_ano_escola; Type: CONSTRAINT; Schema: public; Owner: syrios_user
--

ALTER TABLE ONLY public.syrios_enturmacao
    ADD CONSTRAINT uq_enturmacao_aluno_ano_escola UNIQUE (aluno_id, ano_letivo, school_id);


--
-- TOC entry 3370 (class 2606 OID 24755)
-- Name: syrios_enturmacao uq_enturmacao_unica; Type: CONSTRAINT; Schema: public; Owner: syrios_user
--

ALTER TABLE ONLY public.syrios_enturmacao
    ADD CONSTRAINT uq_enturmacao_unica UNIQUE (aluno_id, turma_id, school_id);


--
-- TOC entry 3335 (class 2606 OID 24658)
-- Name: syrios_turma uq_turma_identificacao; Type: CONSTRAINT; Schema: public; Owner: syrios_user
--

ALTER TABLE ONLY public.syrios_turma
    ADD CONSTRAINT uq_turma_identificacao UNIQUE (school_id, serie_turma, turno);


--
-- TOC entry 3325 (class 2606 OID 24626)
-- Name: syrios_usuario uq_usuario_cpf_escola; Type: CONSTRAINT; Schema: public; Owner: syrios_user
--

ALTER TABLE ONLY public.syrios_usuario
    ADD CONSTRAINT uq_usuario_cpf_escola UNIQUE (cpf, school_id);


--
-- TOC entry 3328 (class 1259 OID 24646)
-- Name: idx_aluno_school; Type: INDEX; Schema: public; Owner: syrios_user
--

CREATE INDEX idx_aluno_school ON public.syrios_aluno USING btree (school_id);


--
-- TOC entry 3336 (class 1259 OID 24672)
-- Name: idx_disciplina_school; Type: INDEX; Schema: public; Owner: syrios_user
--

CREATE INDEX idx_disciplina_school ON public.syrios_disciplina USING btree (school_id);


--
-- TOC entry 3350 (class 1259 OID 24719)
-- Name: idx_dt_school; Type: INDEX; Schema: public; Owner: syrios_user
--

CREATE INDEX idx_dt_school ON public.syrios_diretor_turma USING btree (school_id);


--
-- TOC entry 3351 (class 1259 OID 24718)
-- Name: idx_dt_turma; Type: INDEX; Schema: public; Owner: syrios_user
--

CREATE INDEX idx_dt_turma ON public.syrios_diretor_turma USING btree (turma_id);


--
-- TOC entry 3362 (class 1259 OID 24758)
-- Name: idx_enturmacao_aluno; Type: INDEX; Schema: public; Owner: syrios_user
--

CREATE INDEX idx_enturmacao_aluno ON public.syrios_enturmacao USING btree (aluno_id);


--
-- TOC entry 3363 (class 1259 OID 24760)
-- Name: idx_enturmacao_school; Type: INDEX; Schema: public; Owner: syrios_user
--

CREATE INDEX idx_enturmacao_school ON public.syrios_enturmacao USING btree (school_id);


--
-- TOC entry 3364 (class 1259 OID 24759)
-- Name: idx_enturmacao_turma; Type: INDEX; Schema: public; Owner: syrios_user
--

CREATE INDEX idx_enturmacao_turma ON public.syrios_enturmacao USING btree (turma_id);


--
-- TOC entry 3371 (class 1259 OID 24770)
-- Name: idx_modelo_motivo_school; Type: INDEX; Schema: public; Owner: syrios_user
--

CREATE INDEX idx_modelo_motivo_school ON public.syrios_modelo_motivo USING btree (school_id);


--
-- TOC entry 3386 (class 1259 OID 24828)
-- Name: idx_notif_school; Type: INDEX; Schema: public; Owner: syrios_user
--

CREATE INDEX idx_notif_school ON public.syrios_notificacao USING btree (school_id);


--
-- TOC entry 3387 (class 1259 OID 24827)
-- Name: idx_notif_usuario; Type: INDEX; Schema: public; Owner: syrios_user
--

CREATE INDEX idx_notif_usuario ON public.syrios_notificacao USING btree (usuario_id);


--
-- TOC entry 3378 (class 1259 OID 24805)
-- Name: idx_ocmotivo_modelo; Type: INDEX; Schema: public; Owner: syrios_user
--

CREATE INDEX idx_ocmotivo_modelo ON public.syrios_ocorrencia_motivo USING btree (modelo_motivo_id);


--
-- TOC entry 3379 (class 1259 OID 24804)
-- Name: idx_ocmotivo_ocorrencia; Type: INDEX; Schema: public; Owner: syrios_user
--

CREATE INDEX idx_ocmotivo_ocorrencia ON public.syrios_ocorrencia_motivo USING btree (ocorrencia_id);


--
-- TOC entry 3374 (class 1259 OID 24794)
-- Name: idx_ocorrencia_professor_oferta; Type: INDEX; Schema: public; Owner: syrios_user
--

CREATE INDEX idx_ocorrencia_professor_oferta ON public.syrios_ocorrencia USING btree (professor_id, oferta_id);


--
-- TOC entry 3375 (class 1259 OID 24793)
-- Name: idx_ocorrencia_school_aluno; Type: INDEX; Schema: public; Owner: syrios_user
--

CREATE INDEX idx_ocorrencia_school_aluno ON public.syrios_ocorrencia USING btree (school_id, aluno_id);


--
-- TOC entry 3356 (class 1259 OID 24738)
-- Name: idx_oferta_disciplina; Type: INDEX; Schema: public; Owner: syrios_user
--

CREATE INDEX idx_oferta_disciplina ON public.syrios_oferta USING btree (disciplina_id);


--
-- TOC entry 3357 (class 1259 OID 24739)
-- Name: idx_oferta_professor; Type: INDEX; Schema: public; Owner: syrios_user
--

CREATE INDEX idx_oferta_professor ON public.syrios_oferta USING btree (professor_id);


--
-- TOC entry 3358 (class 1259 OID 24736)
-- Name: idx_oferta_school; Type: INDEX; Schema: public; Owner: syrios_user
--

CREATE INDEX idx_oferta_school ON public.syrios_oferta USING btree (school_id);


--
-- TOC entry 3359 (class 1259 OID 24737)
-- Name: idx_oferta_turma; Type: INDEX; Schema: public; Owner: syrios_user
--

CREATE INDEX idx_oferta_turma ON public.syrios_oferta USING btree (turma_id);


--
-- TOC entry 3347 (class 1259 OID 24701)
-- Name: idx_regimento_school; Type: INDEX; Schema: public; Owner: syrios_user
--

CREATE INDEX idx_regimento_school ON public.syrios_regimento USING btree (school_id);


--
-- TOC entry 3382 (class 1259 OID 24816)
-- Name: idx_sessao_school; Type: INDEX; Schema: public; Owner: syrios_user
--

CREATE INDEX idx_sessao_school ON public.syrios_sessao USING btree (school_id);


--
-- TOC entry 3383 (class 1259 OID 24815)
-- Name: idx_sessao_usuario; Type: INDEX; Schema: public; Owner: syrios_user
--

CREATE INDEX idx_sessao_usuario ON public.syrios_sessao USING btree (usuario_id);


--
-- TOC entry 3331 (class 1259 OID 24659)
-- Name: idx_turma_school; Type: INDEX; Schema: public; Owner: syrios_user
--

CREATE INDEX idx_turma_school ON public.syrios_turma USING btree (school_id);


--
-- TOC entry 3341 (class 1259 OID 24681)
-- Name: idx_urole_role; Type: INDEX; Schema: public; Owner: syrios_user
--

CREATE INDEX idx_urole_role ON public.syrios_usuario_role USING btree (role_id);


--
-- TOC entry 3342 (class 1259 OID 24682)
-- Name: idx_urole_school; Type: INDEX; Schema: public; Owner: syrios_user
--

CREATE INDEX idx_urole_school ON public.syrios_usuario_role USING btree (school_id);


--
-- TOC entry 3390 (class 1259 OID 24838)
-- Name: idx_visao_aluno; Type: INDEX; Schema: public; Owner: syrios_user
--

CREATE INDEX idx_visao_aluno ON public.syrios_visao_aluno USING btree (aluno_id);


--
-- TOC entry 3391 (class 1259 OID 24839)
-- Name: idx_visao_escola; Type: INDEX; Schema: public; Owner: syrios_user
--

CREATE INDEX idx_visao_escola ON public.syrios_visao_aluno USING btree (school_id);


--
-- TOC entry 3398 (class 2606 OID 24860)
-- Name: syrios_aluno fk_aluno_escola; Type: FK CONSTRAINT; Schema: public; Owner: syrios_user
--

ALTER TABLE ONLY public.syrios_aluno
    ADD CONSTRAINT fk_aluno_escola FOREIGN KEY (school_id) REFERENCES public.syrios_escola(id) ON UPDATE CASCADE;


--
-- TOC entry 3404 (class 2606 OID 24900)
-- Name: syrios_diretor_turma fk_diretor_escola; Type: FK CONSTRAINT; Schema: public; Owner: syrios_user
--

ALTER TABLE ONLY public.syrios_diretor_turma
    ADD CONSTRAINT fk_diretor_escola FOREIGN KEY (school_id) REFERENCES public.syrios_escola(id) ON UPDATE CASCADE;


--
-- TOC entry 3405 (class 2606 OID 24890)
-- Name: syrios_diretor_turma fk_diretor_professor; Type: FK CONSTRAINT; Schema: public; Owner: syrios_user
--

ALTER TABLE ONLY public.syrios_diretor_turma
    ADD CONSTRAINT fk_diretor_professor FOREIGN KEY (professor_id) REFERENCES public.syrios_professor(id) ON UPDATE CASCADE ON DELETE CASCADE;


--
-- TOC entry 3406 (class 2606 OID 24895)
-- Name: syrios_diretor_turma fk_diretor_turma; Type: FK CONSTRAINT; Schema: public; Owner: syrios_user
--

ALTER TABLE ONLY public.syrios_diretor_turma
    ADD CONSTRAINT fk_diretor_turma FOREIGN KEY (turma_id) REFERENCES public.syrios_turma(id) ON UPDATE CASCADE ON DELETE CASCADE;


--
-- TOC entry 3400 (class 2606 OID 24870)
-- Name: syrios_disciplina fk_disciplina_escola; Type: FK CONSTRAINT; Schema: public; Owner: syrios_user
--

ALTER TABLE ONLY public.syrios_disciplina
    ADD CONSTRAINT fk_disciplina_escola FOREIGN KEY (school_id) REFERENCES public.syrios_escola(id) ON UPDATE CASCADE;


--
-- TOC entry 3411 (class 2606 OID 24930)
-- Name: syrios_enturmacao fk_enturmacao_aluno; Type: FK CONSTRAINT; Schema: public; Owner: syrios_user
--

ALTER TABLE ONLY public.syrios_enturmacao
    ADD CONSTRAINT fk_enturmacao_aluno FOREIGN KEY (aluno_id) REFERENCES public.syrios_aluno(id) ON UPDATE CASCADE ON DELETE CASCADE;


--
-- TOC entry 3412 (class 2606 OID 24925)
-- Name: syrios_enturmacao fk_enturmacao_escola; Type: FK CONSTRAINT; Schema: public; Owner: syrios_user
--

ALTER TABLE ONLY public.syrios_enturmacao
    ADD CONSTRAINT fk_enturmacao_escola FOREIGN KEY (school_id) REFERENCES public.syrios_escola(id) ON UPDATE CASCADE;


--
-- TOC entry 3413 (class 2606 OID 24935)
-- Name: syrios_enturmacao fk_enturmacao_turma; Type: FK CONSTRAINT; Schema: public; Owner: syrios_user
--

ALTER TABLE ONLY public.syrios_enturmacao
    ADD CONSTRAINT fk_enturmacao_turma FOREIGN KEY (turma_id) REFERENCES public.syrios_turma(id) ON UPDATE CASCADE ON DELETE CASCADE;


--
-- TOC entry 3394 (class 2606 OID 24840)
-- Name: syrios_escola fk_escola_secretaria; Type: FK CONSTRAINT; Schema: public; Owner: syrios_user
--

ALTER TABLE ONLY public.syrios_escola
    ADD CONSTRAINT fk_escola_secretaria FOREIGN KEY (secretaria_id) REFERENCES public.syrios_escola(id) ON UPDATE CASCADE ON DELETE SET NULL;


--
-- TOC entry 3414 (class 2606 OID 24940)
-- Name: syrios_modelo_motivo fk_modelomotivo_escola; Type: FK CONSTRAINT; Schema: public; Owner: syrios_user
--

ALTER TABLE ONLY public.syrios_modelo_motivo
    ADD CONSTRAINT fk_modelomotivo_escola FOREIGN KEY (school_id) REFERENCES public.syrios_escola(id) ON UPDATE CASCADE;


--
-- TOC entry 3423 (class 2606 OID 24990)
-- Name: syrios_notificacao fk_notificacao_escola; Type: FK CONSTRAINT; Schema: public; Owner: syrios_user
--

ALTER TABLE ONLY public.syrios_notificacao
    ADD CONSTRAINT fk_notificacao_escola FOREIGN KEY (school_id) REFERENCES public.syrios_escola(id) ON UPDATE CASCADE;


--
-- TOC entry 3424 (class 2606 OID 24985)
-- Name: syrios_notificacao fk_notificacao_usuario; Type: FK CONSTRAINT; Schema: public; Owner: syrios_user
--

ALTER TABLE ONLY public.syrios_notificacao
    ADD CONSTRAINT fk_notificacao_usuario FOREIGN KEY (usuario_id) REFERENCES public.syrios_usuario(id) ON UPDATE CASCADE ON DELETE CASCADE;


--
-- TOC entry 3419 (class 2606 OID 24970)
-- Name: syrios_ocorrencia_motivo fk_ocmotivo_modelo; Type: FK CONSTRAINT; Schema: public; Owner: syrios_user
--

ALTER TABLE ONLY public.syrios_ocorrencia_motivo
    ADD CONSTRAINT fk_ocmotivo_modelo FOREIGN KEY (modelo_motivo_id) REFERENCES public.syrios_modelo_motivo(id) ON UPDATE CASCADE;


--
-- TOC entry 3420 (class 2606 OID 24965)
-- Name: syrios_ocorrencia_motivo fk_ocmotivo_ocorrencia; Type: FK CONSTRAINT; Schema: public; Owner: syrios_user
--

ALTER TABLE ONLY public.syrios_ocorrencia_motivo
    ADD CONSTRAINT fk_ocmotivo_ocorrencia FOREIGN KEY (ocorrencia_id) REFERENCES public.syrios_ocorrencia(id) ON UPDATE CASCADE ON DELETE CASCADE;


--
-- TOC entry 3415 (class 2606 OID 24950)
-- Name: syrios_ocorrencia fk_ocorrencia_aluno; Type: FK CONSTRAINT; Schema: public; Owner: syrios_user
--

ALTER TABLE ONLY public.syrios_ocorrencia
    ADD CONSTRAINT fk_ocorrencia_aluno FOREIGN KEY (aluno_id) REFERENCES public.syrios_aluno(id) ON UPDATE CASCADE;


--
-- TOC entry 3416 (class 2606 OID 24945)
-- Name: syrios_ocorrencia fk_ocorrencia_escola; Type: FK CONSTRAINT; Schema: public; Owner: syrios_user
--

ALTER TABLE ONLY public.syrios_ocorrencia
    ADD CONSTRAINT fk_ocorrencia_escola FOREIGN KEY (school_id) REFERENCES public.syrios_escola(id) ON UPDATE CASCADE;


--
-- TOC entry 3417 (class 2606 OID 24960)
-- Name: syrios_ocorrencia fk_ocorrencia_oferta; Type: FK CONSTRAINT; Schema: public; Owner: syrios_user
--

ALTER TABLE ONLY public.syrios_ocorrencia
    ADD CONSTRAINT fk_ocorrencia_oferta FOREIGN KEY (oferta_id) REFERENCES public.syrios_oferta(id) ON UPDATE CASCADE ON DELETE SET NULL;


--
-- TOC entry 3418 (class 2606 OID 24955)
-- Name: syrios_ocorrencia fk_ocorrencia_professor; Type: FK CONSTRAINT; Schema: public; Owner: syrios_user
--

ALTER TABLE ONLY public.syrios_ocorrencia
    ADD CONSTRAINT fk_ocorrencia_professor FOREIGN KEY (professor_id) REFERENCES public.syrios_professor(id) ON UPDATE CASCADE;


--
-- TOC entry 3407 (class 2606 OID 24915)
-- Name: syrios_oferta fk_oferta_disciplina; Type: FK CONSTRAINT; Schema: public; Owner: syrios_user
--

ALTER TABLE ONLY public.syrios_oferta
    ADD CONSTRAINT fk_oferta_disciplina FOREIGN KEY (disciplina_id) REFERENCES public.syrios_disciplina(id) ON UPDATE CASCADE;


--
-- TOC entry 3408 (class 2606 OID 24905)
-- Name: syrios_oferta fk_oferta_escola; Type: FK CONSTRAINT; Schema: public; Owner: syrios_user
--

ALTER TABLE ONLY public.syrios_oferta
    ADD CONSTRAINT fk_oferta_escola FOREIGN KEY (school_id) REFERENCES public.syrios_escola(id) ON UPDATE CASCADE;


--
-- TOC entry 3409 (class 2606 OID 24920)
-- Name: syrios_oferta fk_oferta_professor; Type: FK CONSTRAINT; Schema: public; Owner: syrios_user
--

ALTER TABLE ONLY public.syrios_oferta
    ADD CONSTRAINT fk_oferta_professor FOREIGN KEY (professor_id) REFERENCES public.syrios_professor(id) ON UPDATE CASCADE;


--
-- TOC entry 3410 (class 2606 OID 24910)
-- Name: syrios_oferta fk_oferta_turma; Type: FK CONSTRAINT; Schema: public; Owner: syrios_user
--

ALTER TABLE ONLY public.syrios_oferta
    ADD CONSTRAINT fk_oferta_turma FOREIGN KEY (turma_id) REFERENCES public.syrios_turma(id) ON UPDATE CASCADE;


--
-- TOC entry 3396 (class 2606 OID 24855)
-- Name: syrios_professor fk_professor_escola; Type: FK CONSTRAINT; Schema: public; Owner: syrios_user
--

ALTER TABLE ONLY public.syrios_professor
    ADD CONSTRAINT fk_professor_escola FOREIGN KEY (school_id) REFERENCES public.syrios_escola(id) ON UPDATE CASCADE;


--
-- TOC entry 3397 (class 2606 OID 24850)
-- Name: syrios_professor fk_professor_usuario; Type: FK CONSTRAINT; Schema: public; Owner: syrios_user
--

ALTER TABLE ONLY public.syrios_professor
    ADD CONSTRAINT fk_professor_usuario FOREIGN KEY (usuario_id) REFERENCES public.syrios_usuario(id) ON UPDATE CASCADE;


--
-- TOC entry 3421 (class 2606 OID 24980)
-- Name: syrios_sessao fk_sessao_escola; Type: FK CONSTRAINT; Schema: public; Owner: syrios_user
--

ALTER TABLE ONLY public.syrios_sessao
    ADD CONSTRAINT fk_sessao_escola FOREIGN KEY (school_id) REFERENCES public.syrios_escola(id) ON UPDATE CASCADE;


--
-- TOC entry 3422 (class 2606 OID 24975)
-- Name: syrios_sessao fk_sessao_usuario; Type: FK CONSTRAINT; Schema: public; Owner: syrios_user
--

ALTER TABLE ONLY public.syrios_sessao
    ADD CONSTRAINT fk_sessao_usuario FOREIGN KEY (usuario_id) REFERENCES public.syrios_usuario(id) ON UPDATE CASCADE ON DELETE CASCADE;


--
-- TOC entry 3399 (class 2606 OID 24865)
-- Name: syrios_turma fk_turma_escola; Type: FK CONSTRAINT; Schema: public; Owner: syrios_user
--

ALTER TABLE ONLY public.syrios_turma
    ADD CONSTRAINT fk_turma_escola FOREIGN KEY (school_id) REFERENCES public.syrios_escola(id) ON UPDATE CASCADE;


--
-- TOC entry 3401 (class 2606 OID 24885)
-- Name: syrios_usuario_role fk_urole_escola; Type: FK CONSTRAINT; Schema: public; Owner: syrios_user
--

ALTER TABLE ONLY public.syrios_usuario_role
    ADD CONSTRAINT fk_urole_escola FOREIGN KEY (school_id) REFERENCES public.syrios_escola(id) ON UPDATE CASCADE;


--
-- TOC entry 3402 (class 2606 OID 24880)
-- Name: syrios_usuario_role fk_urole_role; Type: FK CONSTRAINT; Schema: public; Owner: syrios_user
--

ALTER TABLE ONLY public.syrios_usuario_role
    ADD CONSTRAINT fk_urole_role FOREIGN KEY (role_id) REFERENCES public.syrios_role(id) ON UPDATE CASCADE;


--
-- TOC entry 3403 (class 2606 OID 24875)
-- Name: syrios_usuario_role fk_urole_usuario; Type: FK CONSTRAINT; Schema: public; Owner: syrios_user
--

ALTER TABLE ONLY public.syrios_usuario_role
    ADD CONSTRAINT fk_urole_usuario FOREIGN KEY (usuario_id) REFERENCES public.syrios_usuario(id) ON UPDATE CASCADE ON DELETE CASCADE;


--
-- TOC entry 3395 (class 2606 OID 24845)
-- Name: syrios_usuario fk_usuario_escola; Type: FK CONSTRAINT; Schema: public; Owner: syrios_user
--

ALTER TABLE ONLY public.syrios_usuario
    ADD CONSTRAINT fk_usuario_escola FOREIGN KEY (school_id) REFERENCES public.syrios_escola(id) ON UPDATE CASCADE;


--
-- TOC entry 3425 (class 2606 OID 24995)
-- Name: syrios_visao_aluno fk_visao_aluno; Type: FK CONSTRAINT; Schema: public; Owner: syrios_user
--

ALTER TABLE ONLY public.syrios_visao_aluno
    ADD CONSTRAINT fk_visao_aluno FOREIGN KEY (aluno_id) REFERENCES public.syrios_aluno(id) ON UPDATE CASCADE ON DELETE CASCADE;


--
-- TOC entry 3426 (class 2606 OID 25000)
-- Name: syrios_visao_aluno fk_visao_escola; Type: FK CONSTRAINT; Schema: public; Owner: syrios_user
--

ALTER TABLE ONLY public.syrios_visao_aluno
    ADD CONSTRAINT fk_visao_escola FOREIGN KEY (school_id) REFERENCES public.syrios_escola(id) ON UPDATE CASCADE;


--
-- TOC entry 3619 (class 0 OID 0)
-- Dependencies: 3618
-- Name: DATABASE koyebdb; Type: ACL; Schema: -; Owner: syrios_user
--

GRANT ALL ON DATABASE koyebdb TO neon_superuser;


--
-- TOC entry 2147 (class 826 OID 16500)
-- Name: DEFAULT PRIVILEGES FOR SEQUENCES; Type: DEFAULT ACL; Schema: public; Owner: cloud_admin
--

ALTER DEFAULT PRIVILEGES FOR ROLE cloud_admin IN SCHEMA public GRANT ALL ON SEQUENCES TO neon_superuser WITH GRANT OPTION;


--
-- TOC entry 2146 (class 826 OID 16499)
-- Name: DEFAULT PRIVILEGES FOR TABLES; Type: DEFAULT ACL; Schema: public; Owner: cloud_admin
--

ALTER DEFAULT PRIVILEGES FOR ROLE cloud_admin IN SCHEMA public GRANT ALL ON TABLES TO neon_superuser WITH GRANT OPTION;


-- Completed on 2025-10-28 21:21:15

--
-- PostgreSQL database dump complete
--

\unrestrict 3qlnhk5ZKasSSYjrONEzN2a9QfPhLAEGpeyEIXmwLqW7I77IcUeOfeDO7zRa8kE

